Test 2026-06-20.14-49-21:
[key] "T"
[key] "he"
[key] " quote"
[key] " from"
[key] " David"
[key] " data"
[key] " in three point"
[cur] 32
[del] 11
[key] "3.8"
[cur] 0
[cur] 32
[cur] 21
[del] 3
[cur] 23
[key] "e"
[cur] 24
[key] "i"
[cur] 25
[key] "d"
[cur] 26
[key] "a"
[del] 1
[key] "D"
[cur] 33
[key] " "
[key] "bel"
[key] "ong"
[key] "ings from"
[del] 6
[key] " from the bi"
[del] 2
[key] "Biblia"
[del] 6
[key] "bibliography"
[cur] 34
[cur] 65
[key] " "
[del] 1
[key] "."
[key] " "
[key] "He"
[key] "re"
[key] " is"
[key] " the"
[key] " reference"
[key] "."
[cur] 67
[cur] 89
[cur] 88
[del] 1
[key] ":"
[key] " "
[key] " Yes, the exact quote can be found online and is originally from David Deida’s book, Blue Truth: A Spiritual Guide to Life & Death and Love & Sex."
[cur] 91
[del] 84
[cur] 71
[del] 22
[key] "I"
[cur] 69
[key] "t"
[cur] 70
[key] "s"
[cur] 71
[key] "’"
[cur] 71
[del] 1
[key] "is "
[cur] 72
[key] "n"
[cur] 74
[cur] 73
[del] 1
[cur] 72
[del] 1
[cur] 71
[del] 1
[cur] 70
[del] 1
[cur] 71
[key] "s"
[cur] 72
[key] " "
[cur] 73
[key] "i"
[cur] 74
[key] "n"
[cur] 75
[key] " "
[cur] 77
[cur] 138
[key] " "
[key] " "
[cur] 139
[cur] 140
[key] " Publisher	St. Martin's Essentials / Sounds True Publication date	November 1, 2004 Language	"
[cur] 230
[del] 1
[cur] 229
[del] 1
[cur] 228
[del] 1
[cur] 227
[del] 1
[cur] 226
[del] 1
[cur] 225
[del] 1
[cur] 224
[del] 1
[cur] 223
[del] 1
[cur] 222
[del] 1
[cur] 223
[key] "M"
[cur] 222
[del] 1
[cur] 221
[del] 1
[expect] "The quote from David Deida in 3.8 belonging from the bibliography. It’s in   Blue Truth: A Spiritual Guide to Life & Death and Love & Sex.  Publisher	St. Martin's Essentials / Sounds True Publication date	November 1, 2004 "
[send] "The quote from David Deida in 3.8 belonging from the bibliography. It’s in   Blue Truth: A Spiritual Guide to Life & Death and Love & Sex.  Publisher	St. Martin's Essentials / Sounds True Publication date	November 1, 2004"

Test 2026-06-20.14-50-41:
[key] "A"
[key] "re"
[key] " you"
[key] " possibly"
[key] " search"
[key] "ing?"
[key] " in"
[cur] 30
[key] " Are you possibly searching in?"
[cur] 61
[key] " "
[cur] 60
[del] 1
[cur] 30
[cur] 29
[del] 32
[key] " "
[key] "S"
[key] "u"
[key] "b"
[key] "j"
[key] "e"
[key] "c"
[key] "t"
[key] "s"
[key] " "
[key] "i"
[key] "n"
[key] "s"
[key] "t"
[key] "e"
[key] "a"
[key] "d"
[key] " "
[key] "o"
[key] "f"
[key] " "
[key] "c"
[key] "h"
[key] "a"
[key] "o"
[key] "t"
[key] "e"
[key] "r"
[key] "s"
[key] "?"
[cur] 58
[cur] 57
[cur] 56
[cur] 55
[cur] 54
[cur] 53
[del] 1
[cur] 54
[key] "p"
[cur] 30
[cur] 31
[cur] 32
[cur] 31
[cur] 32
[cur] 31
[del] 1
[cur] 30
[del] 1
[cur] 31
[key] "s"
[cur] 32
[key] "u"
[cur] 38
[cur] 39
[key] "/"
[cur] 59
[cur] 60
[key] "/"
[expect] "Are you possibly searching in subjects/ instead of chapters/?"
[send] "Are you possibly searching in subjects/ instead of chapters/?"

Test 2026-06-20.14-51-15:
[key] "T"
[key] "r"
[key] "y"
[key] " "
[key] "a"
[key] "g"
[key] "s"
[key] "i"
[key] "n"
[del] 1
[key] "a"
[key] " "
[expect] "Try again "
[send] "Try again"

Test 2026-06-20.14-51-44:
[key] "W"
[key] "o"
[key] "w"
[expect] "Wow"
[send] "Wow"

Test 2026-06-20.14-53-43:
[key] "I"
[key] "’m aware"
[key] " of"
[key] " the problem"
[cur] 0
[cur] 24
[key] " "
[del] 1
[key] "."
[key] " "
[key] "In "
[key] "fac"
[key] "t"
[key] ", I"
[key] " have a"
[key] " whole"
[key] " essay about"
[key] " the"
[key] " five"
[key] " different"
[key] " wave"
[key] "."
[key] "s"
[cur] 87
[cur] 86
[mic] on
[mic] "Waze"
[mic] "Waze, we"
[mic] "Waze, we've"
[mic] "Way we've"
[mic] "Way we've tried"
[mic] "Waze, we've tried"
[mic] "Waze, we've tried to"
[mic] "Waze, we've tried to teach"
[mic] "Way we've tried to teach"
[mic] "Way we've tried to teach you"
[mic] "Way we've tried to teach you about"
[mic] "Waze, we've tried to teach you about how"
[mic] "Waze, we've tried to teach you about how to"
[mic] "Waze, we've tried to teach you about how to continue"
[mic] "Waze, we've tried to teach you about how to continue or"
[mic] "Waze, we've tried to teach you about how to continue or end"
[mic] "Waze, we've tried to teach you about how to continue or end a"
[mic] "Waze, we've tried to teach you about how to continue or end a turn"
[del] 3
[cur] 83
[key] "y"
[cur] 84
[key] "s"
[cur] 83
[del] 1
[cur] 82
[del] 1
[cur] 83
[key] "a"
[cur] 84
[key] "y"
[cur] 85
[key] "s"
[cur] 88
[cur] 87
[cur] 85
[cur] 88
[cur] 87
[cur] 86
[cur] 87
[cur] 88
[cur] 87
[cur] 86
[cur] 85
[del] 1
[pause]
[fix] "In fact, I have a whole essay about the five different ways we've tried to teach you about how to continue or end a turn" -> "In fact, I have a whole essay about the five different ways we've tried to teach you about how to continue or end a turn."
[cur] 87
[key] "("
[cur] 88
[key] "s"
[cur] 89
[key] "o"
[cur] 90
[key] " "
[cur] 91
[key] "f"
[cur] 92
[key] "a"
[cur] 93
[key] "r"
[cur] 94
[key] ")"
[mic] off
[expect] "I’m aware of the problem. In fact, I have a whole essay about the five different ways (so far)we've tried to teach you about how to continue or end a turn."
[send] "I’m aware of the problem. In fact, I have a whole essay about the five different ways (so far)we've tried to teach you about how to continue or end a turn."

Test 2026-06-20.19-30-16:
[mic] on
[mic] "I am"
[mic] "I am going"
[mic] "I am going to"
[mic] "I am going to rip"
[mic] "I am going to riff"
[mic] "I am going to riff on"
[mic] "I am going to riff on a"
[mic] "I am going to riff on a new"
[mic] "I am going to riff on a new idea"
[mic] "I am going to riff on a new idea or"
[mic] "I am going to riff on a new idea or a"
[mic] "I am going to riff on a new idea or a chapter"
[cur] 33
[cur] 34
[key] "f"
[cur] 46
[key] " "
[del] 1
[key] "."
[key] " "
[pause]
[fix] "I am going to riff on a new idea for a chapter. " -> "I am going to riff on a new idea for a chapter."
[mic] "This"
[mic] "This is"
[mic] "This is on"
[mic] "This is on the"
[mic] "This is on the devil"
[mic] "This is on the devil's"
[mic] "This is on the devil's inter"
[mic] "This is on the devil's interval"
[key] " "
[key] " "
[mic] "This is on the devil's interval I"
[mic] "This is on the devil's interval I was"
[mic] "This is on the devil's interval I was interested"
[mic] "This is on the devil's interval I was interested in"
[mic] "This is on the devil's interval I was interested in the"
[mic] "This is on the devil's interval. I was interested in the history"
[mic] "This is on the devil's interval I was interested in the history of"
[mic] "This is on the devil's interval I was interested in the history of bar"
[mic] "This is on the devil's interval I was interested in the history of barber"
[mic] "This is on the devil's interval I was interested in the history of barbershop"
[mic] "This is on the devil's interval. I was interested in the history of barbershop music"
[mic] "This is on the devil's interval. I was interested in the history of barbershop music."
[mic] "This is on the devil's interval. I was interested in the history of barbershop music from"
[mic] "This is on the devil's interval. I was interested in the history of barbershop music from AI"
[mic] "This is on the devil's interval. I was interested in the history of barbershop music some AI"
[mic] "This is on the devil's interval. I was interested in the history of barbershop music. Some AI was"
[mic] "This is on the devil's interval. I was interested in the history of barbershop music. Some AI was explain"
[mic] "This is on the devil's interval. I was interested in the history of barbershop music. Some AI was explaining"
[mic] "This is on the devil's interval. I was interested in the history of barbershop music. Some AI was explaining how"
[mic] "This is on the devil's interval. I was interested in the history of barbershop music. Some AI was explaining how it"
[mic] "This is on the devil's interval. I was interested in the history of barbershop music. Some AI was explaining how it."
[mic] "This is on the devil's interval. I was interested in the history of barbershop music. Some AI was explaining how it started"
[mic] "This is on the devil's interval. I was interested in the history of barbershop music. Some AI was explaining how it started in"
[mic] "This is on the devil's interval. I was interested in the history of barbershop music. Some AI was explaining how it started in the"
[mic] "This is on the devil's interval. I was interested in the history of barbershop music. Some AI was explaining how it started in the 19"
[mic] "This is on the devil's interval. I was interested in the history of barbershop music. Some AI was explaining how it started in the 1910"
[mic] "This is on the devil's interval. I was interested in the history of barbershop music. Some AI was explaining how it started in the 1910s"
[mic] "This is on the devil's interval. I was interested in the history of barbershop music. Some AI was explaining how it started in the 1910s."
[mic] "This is on the devil's interval. I was interested in the history of barbershop music. Some AI was explaining how it started in the 1910s, but"
[mic] "This is on the devil's interval. I was interested in the history of barbershop music. Some AI was explaining how it started in the 1910s, but be"
[mic] "This is on the devil's interval. I was interested in the history of barbershop music. Some AI was explaining how it started in the 1910s, but became"
[mic] "This is on the devil's interval. I was interested in the history of barbershop music. Some AI was explaining how it started in the 1910s but became truly"
[mic] "This is on the devil's interval. I was interested in the history of barbershop music. Some AI was explaining how it started in the 1910s, but became truly popular"
[mic] "This is on the devil's interval. I was interested in the history of barbershop music. Some AI was explaining how it started in the 1910s, but became truly popular in"
[mic] "This is on the devil's interval. I was interested in the history of barbershop music. Some AI was explaining how it started in the 1910s, but became truly popular in the"
[mic] "This is on the devil's interval. I was interested in the history of barbershop music. Some AI was explaining how it started in the 1910s, but became truly popular in the th"
[mic] "This is on the devil's interval. I was interested in the history of barbershop music. Some AI was explaining how it started in the 1910s but became truly popular in the 30s"
[mic] "This is on the devil's interval. I was interested in the history of barbershop music. Some AI was explaining how it started in the 1910s but became truly popular in the 30s when"
[mic] "This is on the devil's interval. I was interested in the history of barbershop music. Some AI was explaining how it started in the 1910s, but became truly popular in the 30s when a"
[mic] "This is on the devil's interval. I was interested in the history of barbershop music. Some AI was explaining how it started in the 1910s, but became truly popular in the 30s when a certain"
[mic] "This is on the devil's interval. I was interested in the history of barbershop music. Some AI was explaining how it started in the 1910s, but became truly popular in the 30s when a certain group"
[mic] "This is on the devil's interval. I was interested in the history of barbershop music. Some AI was explaining how it started in the 1910s, but became truly popular in the 30s when a certain group released"
[mic] "This is on the devil's interval. I was interested in the history of barbershop music. Some AI was explaining how it started in the 1910s, but became truly popular in the 30s when a certain group released bar"
[mic] "This is on the devil's interval. I was interested in the history of barbershop music. Some AI was explaining how it started in the 1910s, but became truly popular in the 30s when a certain group released barbers"
[mic] "This is on the devil's interval. I was interested in the history of barbershop music. Some AI was explaining how it started in the 1910s, but became truly popular in the 30s when a certain group released barbershop"
[mic] "This is on the devil's interval. I was interested in the history of barbershop music. Some AI was explaining how it started in the 1910s, but became truly popular in the 30s when a certain group released barbershop music"
[mic] "This is on the devil's interval. I was interested in the history of barbershop music. Some AI was explaining how it started in the 1910s, but became truly popular in the 30s when a certain group released barbershop music."
[mic] "This is on the devil's interval. I was interested in the history of barbershop music. Some AI was explaining how it started in the 1910s, but became truly popular in the 30s when a certain group released barbershop music it"
[mic] "This is on the devil's interval. I was interested in the history of barbershop music. Some AI was explaining how it started in the 1910s but became truly popular in the 30s when a certain group released barbershop music it strike"
[mic] "This is on the devil's interval. I was interested in the history of barbershop music. Some AI was explaining how it started in the 1910s but became truly popular in the 30s when a certain group released barbershop music it strikes"
[mic] "This is on the devil's interval. I was interested in the history of barbershop music. Some AI was explaining how it started in the 1910s but became truly popular in the 30s when a certain group released barbershop music. It strikes me"
[mic] "This is on the devil's interval. I was interested in the history of barbershop music. Some AI was explaining how it started in the 1910s but became truly popular in the 30s when a certain group released barbershop music. It strikes me that"
[mic] "This is on the devil's interval. I was interested in the history of barbershop music. Some AI was explaining how it started in the 1910s but became truly popular in the 30s when a certain group released barbershop music. It strikes me that one"
[mic] "This is on the devil's interval. I was interested in the history of barbershop music. Some AI was explaining how it started in the 1910s but became truly popular in the 30s when a certain group released barbershop music. It strikes me that one reason"
[mic] "This is on the devil's interval. I was interested in the history of barbershop music. Some AI was explaining how it started in the 1910s but became truly popular in the 30s when a certain group released barbershop music. It strikes me that one reason that"
[mic] "This is on the devil's interval. I was interested in the history of barbershop music. Some AI was explaining how it started in the 1910s but became truly popular in the 30s when a certain group released barbershop music. It strikes me that one reason that was"
[mic] "This is on the devil's interval. I was interested in the history of barbershop music. Some AI was explaining how it started in the 1910s but became truly popular in the 30s when a certain group released barbershop music. It strikes me that one reason that was when"
[mic] "This is on the devil's interval. I was interested in the history of barbershop music. Some AI was explaining how it started in the 1910s but became truly popular in the 30s when a certain group released barbershop music. It strikes me that one reason that was when it"
[mic] "This is on the devil's interval. I was interested in the history of barbershop music. Some AI was explaining how it started in the 1910s but became truly popular in the 30s when a certain group released barbershop music. It strikes me that one reason that was when it be"
[mic] "This is on the devil's interval. I was interested in the history of barbershop music. Some AI was explaining how it started in the 1910s but became truly popular in the 30s when a certain group released barbershop music. It strikes me that one reason that was when it became"
[mic] "This is on the devil's interval. I was interested in the history of barbershop music. Some AI was explaining how it started in the 1910s but became truly popular in the 30s when a certain group released barbershop music. It strikes me that one reason that was when it became popular"
[mic] "This is on the devil's interval. I was interested in the history of barbershop music. Some AI was explaining how it started in the 1910s but became truly popular in the 30s when a certain group released barbershop music. It strikes me that one reason that was when it became popular was"
[mic] "This is on the devil's interval. I was interested in the history of barbershop music. Some AI was explaining how it started in the 1910s but became truly popular in the 30s when a certain group released barbershop music. It strikes me that one reason that was when it became popular was sudden"
[mic] "This is on the devil's interval. I was interested in the history of barbershop music. Some AI was explaining how it started in the 1910s but became truly popular in the 30s when a certain group released barbershop music. It strikes me that one reason that was when it became popular was suddenly"
[mic] "This is on the devil's interval. I was interested in the history of barbershop music. Some AI was explaining how it started in the 1910s but became truly popular in the 30s when a certain group released barbershop music. It strikes me that one reason that was when it became popular was suddenly."
[mic] "This is on the devil's interval. I was interested in the history of barbershop music. Some AI was explaining how it started in the 1910s but became truly popular in the 30s when a certain group released barbershop music. It strikes me that one reason that was when it became popular was suddenly Vic"
[mic] "This is on the devil's interval. I was interested in the history of barbershop music. Some AI was explaining how it started in the 1910s but became truly popular in the 30s when a certain group released barbershop music. It strikes me that one reason that was when it became popular was suddenly Vitro"
[mic] "This is on the devil's interval. I was interested in the history of barbershop music. Some AI was explaining how it started in the 1910s but became truly popular in the 30s when a certain group released barbershop music. It strikes me that one reason that was when it became popular was suddenly Victrola"
[mic] "This is on the devil's interval. I was interested in the history of barbershop music. Some AI was explaining how it started in the 1910s but became truly popular in the 30s when a certain group released barbershop music. It strikes me that one reason that was when it became popular was suddenly Victrola's were"
[mic] "This is on the devil's interval. I was interested in the history of barbershop music. Some AI was explaining how it started in the 1910s but became truly popular in the 30s when a certain group released barbershop music. It strikes me that one reason that was when it became popular was suddenly Victrola's were popular"
[mic] "This is on the devil's interval. I was interested in the history of barbershop music. Some AI was explaining how it started in the 1910s but became truly popular in the 30s when a certain group released barbershop music. It strikes me that one reason that was when it became popular was suddenly Victrola's were popular and"
[mic] "This is on the devil's interval. I was interested in the history of barbershop music. Some AI was explaining how it started in the 1910s but became truly popular in the 30s when a certain group released barbershop music. It strikes me that one reason that was when it became popular was suddenly Victrola's were popular and people"
[mic] "This is on the devil's interval. I was interested in the history of barbershop music. Some AI was explaining how it started in the 1910s but became truly popular in the 30s when a certain group released barbershop music. It strikes me that one reason that was when it became popular was suddenly Victrola's were popular and people could"
[mic] "This is on the devil's interval. I was interested in the history of barbershop music. Some AI was explaining how it started in the 1910s but became truly popular in the 30s when a certain group released barbershop music. It strikes me that one reason that was when it became popular was suddenly Victrola's were popular and people could buy"
[mic] "This is on the devil's interval. I was interested in the history of barbershop music. Some AI was explaining how it started in the 1910s but became truly popular in the 30s when a certain group released barbershop music. It strikes me that one reason that was when it became popular was suddenly Victrola's were popular and people could buy."
[mic] "This is on the devil's interval. I was interested in the history of barbershop music. Some AI was explaining how it started in the 1910s but became truly popular in the 30s when a certain group released barbershop music. It strikes me that one reason that was when it became popular was suddenly Victrola's were popular and people could buy, and"
[mic] "This is on the devil's interval. I was interested in the history of barbershop music. Some AI was explaining how it started in the 1910s but became truly popular in the 30s when a certain group released barbershop music. It strikes me that one reason that was when it became popular was suddenly Victrola's were popular and people could buy and listen"
[mic] "This is on the devil's interval. I was interested in the history of barbershop music. Some AI was explaining how it started in the 1910s but became truly popular in the 30s when a certain group released barbershop music. It strikes me that one reason that was when it became popular was suddenly Victrola's were popular and people could buy and listen to"
[mic] "This is on the devil's interval. I was interested in the history of barbershop music. Some AI was explaining how it started in the 1910s but became truly popular in the 30s when a certain group released barbershop music. It strikes me that one reason that was when it became popular was suddenly Victrola's were popular and people could buy and listen to music"
[mic] "This is on the devil's interval. I was interested in the history of barbershop music. Some AI was explaining how it started in the 1910s but became truly popular in the 30s when a certain group released barbershop music. It strikes me that one reason that was when it became popular was suddenly Victrola's were popular and people could buy and listen to music."
[mic] "This is on the devil's interval. I was interested in the history of barbershop music. Some AI was explaining how it started in the 1910s but became truly popular in the 30s when a certain group released barbershop music. It strikes me that one reason that was when it became popular was suddenly Victrola's were popular and people could buy and listen to music and"
[mic] "This is on the devil's interval. I was interested in the history of barbershop music. Some AI was explaining how it started in the 1910s but became truly popular in the 30s when a certain group released barbershop music. It strikes me that one reason that was when it became popular was suddenly Victrola's were popular and people could buy and listen to music and did"
[mic] "This is on the devil's interval. I was interested in the history of barbershop music. Some AI was explaining how it started in the 1910s but became truly popular in the 30s when a certain group released barbershop music. It strikes me that one reason that was when it became popular was suddenly Victrola's were popular and people could buy and listen to music and did have"
[mic] "This is on the devil's interval. I was interested in the history of barbershop music. Some AI was explaining how it started in the 1910s but became truly popular in the 30s when a certain group released barbershop music. It strikes me that one reason that was when it became popular was suddenly Victrola's were popular and people could buy and listen to music and didn't have"
[mic] "This is on the devil's interval. I was interested in the history of barbershop music. Some AI was explaining how it started in the 1910s but became truly popular in the 30s when a certain group released barbershop music. It strikes me that one reason that was when it became popular was suddenly Victrola's were popular and people could buy and listen to music and didn't have to"
[mic] "This is on the devil's interval. I was interested in the history of barbershop music. Some AI was explaining how it started in the 1910s but became truly popular in the 30s when a certain group released barbershop music. It strikes me that one reason that was when it became popular was suddenly Victrola's were popular and people could buy and listen to music and didn't have to wait"
[mic] "This is on the devil's interval. I was interested in the history of barbershop music. Some AI was explaining how it started in the 1910s but became truly popular in the 30s when a certain group released barbershop music. It strikes me that one reason that was when it became popular was suddenly Victrola's were popular and people could buy and listen to music and didn't have to wait for"
[mic] "This is on the devil's interval. I was interested in the history of barbershop music. Some AI was explaining how it started in the 1910s but became truly popular in the 30s when a certain group released barbershop music. It strikes me that one reason that was when it became popular was suddenly Victrola's were popular and people could buy and listen to music and didn't have to wait for it"
[mic] "This is on the devil's interval. I was interested in the history of barbershop music. Some AI was explaining how it started in the 1910s but became truly popular in the 30s when a certain group released barbershop music. It strikes me that one reason that was when it became popular was suddenly Victrola's were popular and people could buy and listen to music and didn't have to wait for it to"
[mic] "This is on the devil's interval. I was interested in the history of barbershop music. Some AI was explaining how it started in the 1910s but became truly popular in the 30s when a certain group released barbershop music. It strikes me that one reason that was when it became popular was suddenly Victrola's were popular and people could buy and listen to music and didn't have to wait for it to be"
[mic] "This is on the devil's interval. I was interested in the history of barbershop music. Some AI was explaining how it started in the 1910s but became truly popular in the 30s when a certain group released barbershop music. It strikes me that one reason that was when it became popular was suddenly Victrola's were popular and people could buy and listen to music and didn't have to wait for it to be local"
[mic] "This is on the devil's interval. I was interested in the history of barbershop music. Some AI was explaining how it started in the 1910s but became truly popular in the 30s when a certain group released barbershop music. It strikes me that one reason that was when it became popular was suddenly Victrola's were popular and people could buy and listen to music and didn't have to wait for it to be locally"
[mic] "This is on the devil's interval. I was interested in the history of barbershop music. Some AI was explaining how it started in the 1910s but became truly popular in the 30s when a certain group released barbershop music. It strikes me that one reason that was when it became popular was suddenly Victrola's were popular and people could buy and listen to music and didn't have to wait for it to be locally available"
[mic] "This is on the devil's interval. I was interested in the history of barbershop music. Some AI was explaining how it started in the 1910s but became truly popular in the 30s when a certain group released barbershop music. It strikes me that one reason that was when it became popular was suddenly Victrola's were popular and people could buy and listen to music and didn't have to wait for it to be locally available through"
[mic] "This is on the devil's interval. I was interested in the history of barbershop music. Some AI was explaining how it started in the 1910s but became truly popular in the 30s when a certain group released barbershop music. It strikes me that one reason that was when it became popular was suddenly Victrola's were popular and people could buy and listen to music and didn't have to wait for it to be locally available through vocal"
[mic] "This is on the devil's interval. I was interested in the history of barbershop music. Some AI was explaining how it started in the 1910s but became truly popular in the 30s when a certain group released barbershop music. It strikes me that one reason that was when it became popular was suddenly Victrola's were popular and people could buy and listen to music and didn't have to wait for it to be locally available through vocal group"
[mic] "This is on the devil's interval. I was interested in the history of barbershop music. Some AI was explaining how it started in the 1910s but became truly popular in the 30s when a certain group released barbershop music. It strikes me that one reason that was when it became popular was suddenly Victrola's were popular and people could buy and listen to music and didn't have to wait for it to be locally available through vocal group."
[mic] "This is on the devil's interval. I was interested in the history of barbershop music. Some AI was explaining how it started in the 1910s but became truly popular in the 30s when a certain group released barbershop music. It strikes me that one reason that was when it became popular was suddenly Victrola's were popular and people could buy and listen to music and didn't have to wait for it to be locally available through vocal groups"
[mic] "This is on the devil's interval. I was interested in the history of barbershop music. Some AI was explaining how it started in the 1910s but became truly popular in the 30s when a certain group released barbershop music. It strikes me that one reason that was when it became popular was suddenly Victrola's were popular and people could buy and listen to music and didn't have to wait for it to be locally available through vocal groups."
[key] " "
[key] " "
[cur] 486
[cur] 485
[cur] 486
[key] " "
[cur] 487
[key] " "
[mic] "But"
[mic] "But the"
[mic] "But the AI"
[mic] "But the AI went"
[mic] "But the AI went on"
[mic] "But the AI went on to"
[mic] "But the AI went on to tell"
[mic] "But the AI went on to tell me"
[mic] "But the AI went on to tell me that"
[mic] "But the AI went on to tell me that it"
[mic] "But the AI went on to tell me that it really"
[mic] "But the AI went on to tell me that it really started"
[mic] "But the AI went on to tell me that it really started with"
[mic] "But the AI went on to tell me that it really started with black"
[mic] "But the AI went on to tell me that it really started with black music"
[mic] "But the AI went on to tell me that it really started with black music group"
[mic] "But the AI went on to tell me that it really started with black music groups"
[mic] "But the AI went on to tell me that it really started with black music groups hanging"
[mic] "But the AI went on to tell me that it really started with black music groups hanging on"
[mic] "But the AI went on to tell me that it really started with black music groups hanging on their"
[mic] "But the AI went on to tell me that it really started with black music groups hanging on their own"
[mic] "But the AI went on to tell me that it really started with black music groups hanging on their own and"
[mic] "But the AI went on to tell me that it really started with black music groups hanging on theirownand.com"
[mic] "But the AI went on to tell me that it really started with black music groups hanging on their own and communities"
[mic] "But the AI went on to tell me that it really started with black music groups hanging on their own and communities where"
[mic] "But the AI went on to tell me that it really started with black music groups hanging on their own and communities where they"
[mic] "But the AI went on to tell me that it really started with black music groups hanging on their own and communities where they did"
[mic] "But the AI went on to tell me that it really started with black music groups hanging on their own and communities where they didn't have"
[mic] "But the AI went on to tell me that it really started with black music groups hanging on their own and communities where they didn't have access"
[mic] "But the AI went on to tell me that it really started with black music groups hanging on their own and communities where they didn't have access to"
[mic] "But the AI went on to tell me that it really started with black music groups hanging on their own and communities where they didn't have access to white"
[mic] "But the AI went on to tell me that it really started with black music groups hanging on their own and communities where they didn't have access to white people"
[mic] "But the AI went on to tell me that it really started with black music groups hanging on their own and communities where they didn't have access to white people's"
[mic] "But the AI went on to tell me that it really started with black music groups hanging on their own and communities where they didn't have access to white people's concert"
[mic] "But the AI went on to tell me that it really started with black music groups hanging on their own and communities where they didn't have access to white people's concerts"
[mic] "But the AI went on to tell me that it really started with black music groups hanging on their own and communities where they didn't have access to white people's concerts so"
[mic] "But the AI went on to tell me that it really started with black music groups hanging on their own and communities where they didn't have access to white people's concerts so they"
[mic] "But the AI went on to tell me that it really started with black music groups hanging on their own and communities where they didn't have access to white people's concerts so they made"
[mic] "But the AI went on to tell me that it really started with black music groups hanging on their own and communities where they didn't have access to white people's concerts so they made their"
[mic] "But the AI went on to tell me that it really started with black music groups hanging on their own and communities where they didn't have access to white people's concerts so they made their own"
[mic] "But the AI went on to tell me that it really started with black music groups hanging on their own and communities where they didn't have access to white people's concerts so they made their own music"
[cur] 687
[key] " "
[del] 1
[key] "."
[cur] 688
[key] " "
[pause]
[fix] "But the AI went on to tell me that it really started with black music groups hanging on their own and communities where they didn't have access to white people's concerts so they made their own music.     " -> "But the AI went on to tell me that it really started with black music groups hanging on their own and communities where they didn't have access to white people's concerts so they made their own music."
[cur] 687
[key] " "
[key] " "
[mic] "Yeah"
[mic] off
[key] "￼"
[cur] 693
[del] 1
[cur] 692
[del] 1
[cur] 691
[del] 1
[cur] 690
[del] 1
[cur] 689
[del] 1
[mic] on
[pause]
[fix] "But the AI went on to tell me that it really started with black music groups hanging on their own and communities where they didn't have access to white people's concerts so they made their own music.  " -> "But the AI went on to tell me that it really started with black music groups hanging on their own and communities where they didn't have access to white people's concerts so they made their own music."
[mic] "The"
[mic] "The AI"
[mic] "The AI went"
[mic] "The AI went on"
[mic] "The AI went on to"
[mic] "The AI went on to offer"
[mic] "The AI went on to offer me"
[mic] "The AI went on to offer me the"
[mic] "The AI went on to offer me the secret"
[mic] "The AI went on to offer me the secret of"
[mic] "The AI went on to offer me the secret of bar"
[mic] "The AI went on to offer me the secret of barber"
[mic] "The AI went on to offer me the secret of barbers"
[mic] "The AI went on to offer me the secret of barbershop"
[mic] "The AI went on to offer me the secret of barbershop music"
[key] " "
[mic] "The AI went on to offer me the secret of barbershop music, which"
[mic] "The AI went on to offer me the secret of barbershop music, which turn"
[mic] "The AI went on to offer me the secret of barbershop music, which turns out"
[mic] "The AI went on to offer me the secret of barbershop music, which turns out to"
[mic] "The AI went on to offer me the secret of barbershop music, which turns out to be"
[mic] "The AI went on to offer me the secret of barbershop music, which turns out to be the"
[mic] "The AI went on to offer me the secret of barbershop music, which turns out to be the bar"
[mic] "The AI went on to offer me the secret of barbershop music, which turns out to be the barber"
[mic] "The AI went on to offer me the secret of barbershop music, which turns out to be the barbers"
[mic] "The AI went on to offer me the secret of barbershop music, which turns out to be the barbershop"
[mic] "The AI went on to offer me the secret of barbershop music, which turns out to be the barbershop seventh"
[cur] 791
[del] 1
[key] ","
[cur] 791
[del] 1
[key] "."
[key] " "
[key] " "
[pause]
[fix] "The AI went on to offer me the secret of barbershop music, which turns out to be the barbershop seventh.  " -> "The AI went on to offer me the secret of barbershop music, which turns out to be the barbershop seventh."
[mic] "That"
[mic] "That's"
[mic] "That's not"
[mic] "That's not a"
[mic] "That's not a no"
[mic] "That's not a no in"
[mic] "That's not a no in the"
[mic] "That's not a no in the we"
[mic] "That's not a no in the western"
[mic] "That's not a no in the western scale"
[mic] "That's not a no in the western scale it"
[mic] "That's not a no in the western scale it's"
[mic] "That's not a no in the western scale it's a"
[mic] "That's not a no in the western scale it's a be"
[mic] "That's not a no in the western scale it's a ben"
[mic] "That's not a no in the western scale it's a bent"
[mic] "That's not a no in the western scale it's a bent version"
[mic] "That's not a no in the western scale it's a bent version of"
[mic] "That's not a no in the western scale it's a bent version of the"
[mic] "That's not a no in the western scale it's a bent version of the seventh"
[mic] "That's not a no in the western scale it's a bent version of the seventh tune"
[mic] "That's not a no in the western scale it's a bent version of the seventh tuned"
[mic] "That's not a no in the western scale it's a bent version of the seventh tuned way"
[mic] "That's not a no in the western scale it's a bent version of the seventh tuned way lower"
[mic] "That's not a no in the western scale it's a bent version of the seventh tuned way lower than"
[mic] "That's not a no in the western scale it's a bent version of the seventh tuned way lower than a"
[mic] "That's not a no in the western scale it's a bent version of the seventh tuned way lower than a major"
[mic] "That's not a no in the western scale it's a bent version of the seventh tuned way lower than a major seventh"
[mic] "That's not a no in the western scale it's a bent version of the seventh tuned way lower than a major seventh where"
[mic] "That's not a no in the western scale it's a bent version of the seventh tuned way lower than a major seventh where between"
[mic] "That's not a no in the western scale it's a bent version of the seventh tuned way lower than a major seventh somewhere between a"
[mic] "That's not a no in the western scale it's a bent version of the seventh tuned way lower than a major seventh somewhere between a major"
[mic] "That's not a no in the western scale it's a bent version of the seventh tuned way lower than a major seventh somewhere between a major and"
[mic] "That's not a no in the western scale it's a bent version of the seventh tuned way lower than a major seventh somewhere between a major and a"
[mic] "That's not a no in the western scale it's a bent version of the seventh tuned way lower than a major seventh somewhere between a major and a mind"
[cur] 937
[del] 1
[key] "o"
[key] "r"
[key] " "
[del] 1
[key] "."
[key] " "
[mic] "I"
[mic] "I know"
[mic] "I know something"
[mic] "I know something about"
[mic] "I know something about tuna"
[mic] "I know something about tuning"
[key] " "
[mic] "I know something about tuning and"
[mic] "I know something about tuning and recognize"
[mic] "I know something about tuning and recognize that"
[mic] "I know something about tuning and recognize that to"
[mic] "I know something about tuning and recognize that to be"
[mic] "I know something about tuning and recognize that to be a"
[mic] "I know something about tuning and recognize that to be a very"
[mic] "I know something about tuning and recognize that to be a very confident"
[mic] "I know something about tuning and recognize that to be a very consonant"
[mic] "I know something about tuning and recognize that to be a very consonant whole"
[mic] "I know something about tuning and recognize that to be a very consonant whole number"
[mic] "I know something about tuning and recognize that to be a very consonant whole number rat"
[mic] "I know something about tuning and recognize that to be a very consonant whole number ratio"
[mic] "I know something about tuning and recognize that to be a very consonant whole number ratio something"
[mic] "I know something about tuning and recognize that to be a very consonant whole number ratio something like"
[key] " "
[key] "m"
[key] "7"
[key] ":"
[key] "4"
[key] "’"
[cur] 1052
[del] 1
[cur] 1051
[del] 1
[cur] 1050
[del] 1
[cur] 1049
[del] 1
[cur] 1048
[del] 1
[cur] 1047
[del] 1
[key] "7"
[key] ":"
[key] "4"
[key] " "
[pause]
[fix] "I know something about tuning and recognize that to be a very consonant whole number ratio something like 7:4 " -> "I know something about tuning and recognize that to be a very consonant whole number ratio, something like 7:4."
[mic] "Which"
[mic] "Which would"
[mic] "Which would be"
[mic] "Which would be a"
[mic] "Which would be a beautiful"
[mic] "Which would be a beautiful sound"
[mic] "Which would be a beautiful sound that"
[mic] "Which would be a beautiful sound that's"
[mic] "Which would be a beautiful sound that's not"
[mic] "Which would be a beautiful sound that's not available"
[mic] "Which would be a beautiful sound that's not available for"
[mic] "Which would be a beautiful sound that's not available for the"
[mic] "Which would be a beautiful sound that's not available for the Western"
[mic] "Which would be a beautiful sound that's not available for the western"
[mic] "Which would be a beautiful sound that's not available for the western scale"
[mic] "Which would be a beautiful sound that's not available for the western scale which"
[mic] "Which would be a beautiful sound that's not available for the western scale which has"
[mic] "Which would be a beautiful sound that's not available for the western scale which has no"
[mic] "Which would be a beautiful sound that's not available for the western scale which has no multiple"
[mic] "Which would be a beautiful sound that's not available for the western scale, which has no multiple multiples"
[mic] "Which would be a beautiful sound that's not available for the western scale, which has no multiple multiples of"
[mic] "Which would be a beautiful sound that's not available for the western scale which has no multiple multiples of seven"
[mic] "Which would be a beautiful sound that's not available for the western scale, which has no multiple multiples of seven in"
[mic] "Which would be a beautiful sound that's not available for the western scale, which has no multiple multiples of seven in it"
[cur] 1114
[cur] 1109
[del] 3
[key] "t"
[cur] 1108
[key] "i"
[cur] 1107
[del] 1
[cur] 1108
[key] "o"
[cur] 1113
[cur] 1126
[pause]
[fix] "I know something about tuning and recognize that to be a very consonant whole number ratio, something like 7:4 which would be a beautiful sound that's not available to the western scale, which has no multiple multiples of seven in it ." -> "I know something about tuning and recognize that to be a very consonant whole number ratio, something like 7:4, which would be a beautiful sound that's not available to the Western scale, which has no multiple multiples of seven in it."
[cur] 1129
[cur] 1176
[key] " "
[key] " "
[pause]
[fix] "I know something about tuning and recognize that to be a very consonant whole number ratio, something like 7:4, which would be a beautiful sound that's not available to the Western scale, which has no multiple multiples of seven in it.  " -> "I know something about tuning and recognize that to be a very consonant whole number ratio, something like 7:4, which would be a beautiful sound that's not available to the Western scale, which has no multiple multiples of seven in it."
[key] " "
[pause]
[fix] "I know something about tuning and recognize that to be a very consonant whole number ratio, something like 7:4, which would be a beautiful sound that's not available to the Western scale, which has no multiple multiples of seven in it. " -> "I know something about tuning, and I recognize that to be a very consonant whole number ratio, something like 7:4, which would be a beautiful sound that's not available to the Western scale, which has no multiples of seven in it."
[key] " "
[mic] off
[key] "Eve"
[key] "n"
[key] " the well"
[key] " tune."
[key] "d"
[pause]
[fix] "Even the well tuned." -> "Even the well-tuned."
[cur] 1198
[key] " "
[pause]
[fix] "Even the well-tuned ." -> NONE
[cur] 1199
[key] "sca"
[cur] 1202
[key] "le"
[cur] 1204
[key] " does"
[cur] 1209
[key] "n’t have"
[cur] 1217
[key] " the"
[cur] 1221
[key] " snow"
[cur] 1226
[key] " let alone"
[cur] 1236
[key] " the temp"
[cur] 1245
[key] "er"
[cur] 1247
[key] "ed scale"
[cur] 1198
[cur] 1254
[cur] 1225
[cur] 1220
[mic] on
[mic] "Note"
[cur] 1216
[cur] 1217
[key] " "
[mic] "This"
[cur] 1256
[key] " "
[key] " "
[pause]
[fix] "Even the well-tuned scale doesn’t have this note let alone the tempered scale.  " -> "Even the well-tuned scale doesn’t have this note, let alone the tempered scale."
[key] " "
[key] " "
[pause]
[fix] "Even the well-tuned scale doesn’t have this note, let alone the tempered scale.  " -> "Even the well-tuned scale doesn’t have this note, let alone the tempered scale."
[mic] "The"
[mic] "The a"
[mic] "The AI"
[mic] "The AI told"
[mic] "The AI told me"
[mic] "The AI told me that"
[mic] "The AI told me that note"
[key] ","
[key] " "
[mic] "The AI told me that note that"
[mic] "The AI told me that note that tan"
[mic] "The AI told me that note that tuna"
[mic] "The AI told me that note that tuning"
[mic] "The AI told me that note that tuning was"
[mic] "The AI told me that note that tuning was in"
[mic] "The AI told me that note that tuning was independent"
[mic] "The AI told me that note that tuning was independently"
[mic] "The AI told me that note that tuning was independently disco"
[mic] "The AI told me that note that tuning was independently discover"
[mic] "The AI told me that note that tuning was independently discovered"
[mic] "The AI told me that note that tuning was independently, discovered by"
[cur] 1314
[cur] 1313
[del] 1
[cur] 1312
[del] 1
[cur] 1313
[key] " "
[cur] 1328
[cur] 1327
[del] 1
[cur] 1326
[del] 1
[key] " "
[pause]
[fix] "The AI told me that note that tuning was independently discovered by " -> "The AI told me that note that tuning was independently discovered by"
[key] " "
[mic] "Both"
[mic] "Both bar"
[mic] "Both barber"
[mic] "Both barbers"
[mic] "Both barbershop"
[mic] "Both barbershop music"
[mic] "Both barbershop music and"
[mic] "Both barbershop music and jazz"
[mic] "Both barbershop music and jazz music"
[key] " "
[del] 1
[key] "."
[key] " "
[mic] "Both barbershop music and jazz music I"
[mic] "Both barbershop, music and jazz music I said"
[mic] "Both barbershop music and jazz music I said wait"
[mic] "Both barbershop music and jazz music I said wait a"
[mic] "Both barbershop music and jazz music I said wait a minute"
[mic] "Both barbershop music and jazz music I said wait a minute those"
[mic] "Both barbershop music and jazz music I said wait a minute those both"
[mic] "Both barbershop music and jazz music I said wait a minute those both come"
[mic] "Both barbershop music and jazz music I said wait a minute those both come from"
[mic] "Both barbershop music and jazz music I said wait a minute those both come from black"
[mic] "Both barbershop music and jazz music I said wait a minute those both come from black root"
[mic] "Both barbershop music and jazz music I said wait a minute those both come from black roots"
[mic] "Both barbershop music and jazz music I said wait a minute those both come from black roots and"
[mic] "Both barbershop music and jazz music I said wait a minute those both come from black roots and I"
[mic] "Both barbershop music and jazz music I said wait a minute those both come from black roots and I be"
[mic] "Both barbershop music and jazz music I said wait a minute those both come from black roots and I bet"
[mic] "Both barbershop music and jazz music I said wait a minute those both come from black roots and I bet the"
[mic] "Both barbershop music and jazz music I said wait a minute those both come from black roots and I bet the note"
[mic] "Both barbershop music and jazz music I said wait a minute those both come from black roots and I bet the note came"
[mic] "Both barbershop music and jazz music I said wait a minute those both come from black roots and I bet the note came out"
[mic] "Both barbershop music and jazz music I said wait a minute those both come from black roots and I bet the note came out out of"
[mic] "Both barbershop music and jazz music I said wait a minute those both come from black roots and I bet the note came out out of Africa"
[cur] 1460
[del] 1
[cur] 1459
[del] 1
[key] " "
[mic] "Along"
[mic] "Along with"
[mic] "Along with the"
[mic] "Along with the slave"
[mic] "Along with the slaves"
[key] " "
[del] 1
[key] "."
[key] " "
[mic] "Along with the slaves yesterday"
[mic] "Along with the slaves yesterday, I"
[mic] "Along with the slaves yesterday, I told"
[mic] "Along with the slaves yesterday, I told me"
[mic] "Along with the slaves yesterday, I told me that"
[mic] "Along with the slaves yesterday, I told me that that's"
[mic] "Along with the slaves yesterday, I told me that that's exactly"
[mic] "Along with the slaves yesterday, I told me that that's exactly where"
[mic] "Along with the slaves yesterday, I told me that that's exactly where it"
[mic] "Along with the slaves yesterday, I told me that that's exactly where it came"
[mic] "Along with the slaves yesterday, I told me that that's exactly where it came from"
[cur] 1489
[cur] 1491
[cur] 1543
[cur] 1481
[del] 10
[cur] 1482
[key] " "
[del] 1
[key] "."
[cur] 1483
[key] " "
[cur] 1484
[cur] 1485
[cur] 1483
[mic] "The"
[mic] "The AI"
[cur] 1538
[cur] 1537
[del] 1
[cur] 1536
[del] 1
[key] " "
[pause]
[fix] "The AI told me that that's exactly where it came from " -> "The AI told me that that's exactly where it came from."
[cur] 1536
[del] 1
[key] " "
[mic] "And"
[mic] "And gave"
[mic] "And gave me"
[mic] "And gave me example"
[mic] "And gave me examples"
[mic] "And gave me examples of"
[mic] "And gave me examples of tradition"
[mic] "And gave me examples of traditional"
[mic] "And gave me examples of traditional Africa"
[mic] "And gave me examples of traditional African"
[key] " "
[mic] "And gave me examples of traditional African music"
[mic] "And gave me examples of traditional, African music know"
[mic] "And gave me examples of traditional African music known"
[mic] "And gave me examples of traditional African music known to"
[mic] "And gave me examples of traditional African music known to use"
[mic] "And gave me examples of traditional African music known to use that"
[mic] "And gave me examples of traditional African music known to use that interval"
[cur] 1613
[del] 1
[key] " "
[del] 1
[key] "."
[key] " "
[key] " "
[key] " "
[pause]
[fix] "The AI told me that that's exactly where it came from and gave me examples of traditional African music known to use that interval.   " -> "The AI told me that that's exactly where it came from and gave me examples of traditional African music known to use that interval."
[key] " "
[key] " "
[pause]
[fix] "The AI told me that that's exactly where it came from and gave me examples of traditional African music known to use that interval.  " -> "The AI told me that that's exactly where it came from and gave me examples of traditional African music known to use that interval."
[key] " "
[key] " "
[pause]
[fix] "The AI told me that that's exactly where it came from and gave me examples of traditional African music known to use that interval.  " -> "The AI told me that that's exactly where it came from and gave me examples of traditional African music known to use that interval."
[key] " "
[key] " "
[key] " "
[key] " "
[pause]
[fix] "The AI told me that that's exactly where it came from and gave me examples of traditional African music known to use that interval.    " -> "The AI told me that that's exactly where it came from and gave me examples of traditional African music known to use that interval."
[key] " "
[key] " "
[pause]
[fix] "The AI told me that that's exactly where it came from and gave me examples of traditional African music known to use that interval.  " -> "The AI told me that that's exactly where it came from and gave me examples of traditional African music known to use that interval."
[key] " "
[key] " "
[key] " "
[key] " "
[pause]
[fix] "The AI told me that that's exactly where it came from and gave me examples of traditional African music known to use that interval.    " -> "The AI told me that that's exactly where it came from and gave me examples of traditional African music known to use that interval."
[key] " "
[pause]
[fix] "The AI told me that that's exactly where it came from and gave me examples of traditional African music known to use that interval. " -> "The AI told me that that's exactly where it came from and gave me examples of traditional African music known to use that interval."
[mic] "As"
[mic] "As music"
[mic] "As music also"
[mic] "As music also con"
[mic] "As music also contain"
[mic] "As music also contains"
[cur] 1618
[del] 2
[key] "J"
[cur] 1617
[key] "e"
[cur] 1616
[del] 1
[cur] 1617
[key] "a"
[cur] 1618
[key] "z"
[cur] 1619
[key] "z"
[cur] 1639
[key] " "
[pause]
[fix] "Jazz music also contains " -> "Jazz music also contains"
[key] " "
[pause]
[fix] "Jazz music also contains " -> "Jazz music also contains"
[key] " "
[pause]
[fix] "Jazz music also contains " -> "Jazz music also contains"
[key] " "
[cur] 1639
[del] 1
[cur] 1638
[del] 1
[cur] 1637
[del] 1
[cur] 1636
[del] 1
[cur] 1635
[del] 1
[cur] 1634
[del] 1
[cur] 1633
[del] 1
[cur] 1632
[del] 1
[cur] 1631
[del] 1
[mic] off
[mic] on
[pause]
[fix] "Jazz music also " -> "Jazz music also"
[mic] "Be"
[mic] "Bend"
[mic] "Bends"
[mic] "Bends the"
[mic] "Bends the fourth"
[key] ","
[key] " "
[mic] "Bends the fourth and"
[mic] "Bends the fourth and what"
[mic] "Bends the fourth and what's called"
[mic] "Bends the fourth and what's called the"
[mic] "Bends the fourth and what's called the devil"
[mic] "Bends the fourth and what's called the devil's"
[mic] "Bends the fourth and what's called the devil's inter"
[mic] "Bends the fourth and what's called the devil's interval"
[key] "l"
[cur] 1688
[del] 1
[cur] 1687
[del] 1
[cur] 1686
[del] 1
[key] "."
[key] " "
[pause]
[fix] "Jazz music also bends the fourth and what's called the devil's interval. " -> "Jazz music also bends the fourth and what's called the "devil's" interval."
[mic] "I"
[mic] "I always"
[mic] "I always had"
[mic] "I always had the"
[mic] "I always had the imp"
[mic] "I always had the impress"
[mic] "I always had the impression"
[mic] "I always had the impression that"
[mic] "I always had the impression that the"
[mic] "I always had the impression that the term"
[mic] "I always had the impression that the term came"
[mic] "I always had the impression that the term came from"
[mic] "I always had the impression that the term came from the"
[mic] "I always had the impression that the term came from the music"
[mic] "I always had the impression that the term came from the music theory"
[mic] "I always had the impression that the term came from the music theory of"
[mic] "I always had the impression that the term came from the music theory of the"
[mic] "I always had the impression that the term came from the music theory of the middle"
[mic] "I always had the impression that the term came from the music theory of the middle age"
[mic] "I always had the impression that the term came from the music theory of the Middle Ages age"
[mic] "I always had the impression that the term came from the music theory of the Middle Ages"
[cur] 1778
[cur] 1777
[del] 1
[cur] 1776
[del] 1
[key] "."
[key] " "
[pause]
[fix] "Jazz music also bends the fourth and what's called the "devil's" interval I always had the impression that the term came from the music theory of the Middle Ages. " -> "Jazz music also bends the fourth and what's called the "devil's" interval. I always had the impression that the term came from the music theory of the Middle Ages."
[mic] off
[key] " But"
[key] " now I"
[key] " wonder"
[key] " if the"
[key] " term"
[key] " is"
[key] " much"
[key] " more"
[key] " recent"
[key] " and comes"
[key] " from."
[pause]
[fix] "But now I wonder if the term is much more recent and comes from." -> NONE
[del] 1
[key] " slave"
[key] " music."
[cur] 1778
[cur] 1779
[cur] 1855
[key] " "
[key] " "
[pause]
[fix] "But now I wonder if the term is much more recent and comes from slave music.  " -> "But now I wonder if the term is much more recent and comes from slave music."
[key] " Ce"
[key] "rta"
[key] "inl"
[key] "y"
[key] " the"
[key] " slave"
[key] "s brought"
[key] " with"
[key] " them."
[del] 1
[key] " practice"
[key] "s"
[key] " that"
[key] " were not"
[key] " Christian."
[cur] 1855
[cur] 1856
[cur] 1929
[key] "“"
[cur] 1930
[key] "”"
[cur] 1930
[del] 1
[cur] 1929
[del] 1
[key] "”"
[key] " "
[cur] 1904
[cur] 1905
[key] " "
[mic] on
[mic] "And"
[mic] "And be"
[mic] "And beliefs"
[cur] 1943
[mic] "The"
[mic] "The most"
[mic] "The most in"
[mic] "The most infamous"
[mic] "The most infamous being"
[mic] "The most infamous being voodoo"
[key] " "
[del] 1
[key] "."
[key] " "
[mic] "The most infamous being voodoo and"
[mic] "The most infamous being voodoo and it"
[mic] "The most infamous being voodoo and it would"
[mic] "The most infamous being voodoo and it would make"
[mic] "The most infamous being voodoo and it would make sense"
[mic] "The most infamous being voodoo and it would make sense to"
[mic] "The most infamous being voodoo and it would make sense to me"
[mic] "The most infamous being voodoo and it would make sense to me that"
[mic] "The most infamous being voodoo and it would make sense to me that the"
[mic] "The most infamous being voodoo and it would make sense to me that the musical"
[mic] "The most infamous being voodoo and it would make sense to me that the musical the"
[mic] "The most infamous being voodoo and it would make sense to me that the musical theories"
[mic] "The most infamous being voodoo and it would make sense to me that the musical theories of"
[mic] "The most infamous being voodoo, and it would make sense to me that the musical theories of the"
[mic] "The most infamous being voodoo and it would make sense to me that the musical theories of the time"
[mic] "The most infamous being voodoo and it would make sense to me that the musical theories of the time this"
[mic] "The most infamous being voodoo and it would make sense to me that the musical theories of the time this would"
[mic] "The most infamous being voodoo and it would make sense to me that the musical theories of the time this would be"
[mic] "The most infamous being voodoo and it would make sense to me that the musical theories of the time this would be in"
[mic] "The most infamous being voodoo and it would make sense to me that the musical theories of the time this would be in the"
[mic] "The most infamous being voodoo and it would make sense to me that the musical theories of the time this would be in the 18th"
[mic] "The most infamous being voodoo and it would make sense to me that the musical theories of the time this would be in the 18th cent"
[mic] "The most infamous being voodoo and it would make sense to me that the musical theories of the time this would be in the 18th century"
[mic] "The most infamous being voodoo and it would make sense to me that the musical theories of the time this would be in the 18th century I"
[mic] "The most infamous being voodoo and it would make sense to me that the musical theories of the time this would be in the 18th century, I guess"
[cur] 2042
[cur] 2043
[key] ")"
[cur] 2087
[cur] 2043
[cur] 2042
[del] 1
[cur] 2043
[key] "("
[cur] 2087
[cur] 2043
[cur] 2087
[cur] 2086
[del] 1
[cur] 2085
[del] 1
[key] ")"
[key] " "
[mic] "We"
[mic] "We would"
[mic] "We would in"
[mic] "We would invent"
[mic] "We would invent at"
[mic] "We would invent at least"
[cur] 2102
[cur] 2095
[del] 16
[key] " "
[pause]
[fix] "Certainly the slaves brought with them practices and beliefs that were not “Christian” the most infamous being voodoo and it would make sense to me that the musical theories of the time (this would be in the 18th century, I guess) we would " -> "Certainly, the slaves brought with them practices and beliefs that were not “Christian,” the most infamous being voodoo. It would make sense to me that the musical theories of the time (this would be in the 18th century, I guess) we would"
[mic] "Pick"
[mic] "Pick up"
[mic] "Pick up on"
[mic] "Pick up on if"
[mic] "Pick up on if not"
[mic] "Pick up on if not in"
[mic] "Pick up on if not invent"
[mic] "Pick up on if not invent the"
[mic] "Pick up on if not invent the term"
[key] " "
[key] "“"
[mic] "Pick up on if not invent the term devil"
[mic] "Pick up on if not invent the term devil's"
[mic] "Pick up on if not invent the term devil's inter"
[mic] "Pick up on if not invent the term devil's interval"
[cur] 2130
[cur] 2131
[key] "“"
[cur] 2148
[cur] 2147
[del] 1
[cur] 2148
[key] " "
[pause]
[fix] "Certainly the slaves brought with them practices and beliefs that were not “Christian” the most infamous being voodoo and it would make sense to me that the musical theories of the time (this would be in the 18th century, I guess) we would pick up on if not invent the term “devil's interval“ " -> "Certainly, the slaves brought with them practices and beliefs that were not "Christian," the most infamous being voodoo. It would make sense to me that the musical theories of the time (this would be in the 18th century, I guess) we would pick up on, if not invent the term "devil's interval.""
[mic] "Two"
[mic] "Two describe"
[mic] "To describe"
[mic] "To describe this"
[mic] "To describe this as"
[mic] "To describe this aspect"
[mic] "To describe this aspect of"
[mic] "To describe this aspect of their"
[mic] "To describe this aspect of their music"
[key] " "
[del] 1
[key] "."
[key] " "
[key] " "
[key] " "
[cur] 1187
[del] 4
[key] "j"
[cur] 1189
[key] "u"
[cur] 1190
[key] "s"
[cur] 1191
[key] "t"
[cur] 1197
[pause]
[fix] "Certainly the slaves brought with them practices and beliefs that were not “Christian” the most infamous being voodoo and it would make sense to me that the musical theories of the time (this would be in the 18th century, I guess) we would pick up on if not invent the term “devil's interval“ to describe this aspect of their music.   " -> "Certainly the slaves brought with them practices and beliefs that were not "Christian," the most infamous being voodoo, and it would make sense to me that the musical theories of the time (this would be in the 18th century, I guess) we would pick up on, if not invent the term "devil's interval" to describe this aspect of their music."
[del] 4
[cur] 1194
[key] "e"
[cur] 1195
[key] "m"
[cur] 1196
[key] "p"
[cur] 1197
[key] "e"
[cur] 1198
[key] "r"
[cur] 1199
[key] "e"
[cur] 1200
[key] "d"
[cur] 2194
[key] " "
[key] " "
[pause]
[fix] "Certainly the slaves brought with them practices and beliefs that were not "Christian," the most infamous being voodoo, and it would make sense to me that the musical theories of the time (this would be in the 18th century, I guess) we would pick up on, if not invent the term "devil's interval" to describe this aspect of their music.  " -> "Certainly, the slaves brought with them practices and beliefs that were not "Christian," the most infamous being voodoo, and it would make sense to me that the musical theories of the time (this would be in the 18th century, I guess) we would pick up on, if not invent the term "devil's interval" to describe this aspect of their music."
[key] " "
[mic] off
[pause]
[fix] "Certainly, the slaves brought with them practices and beliefs that were not "Christian," the most infamous being voodoo, and it would make sense to me that the musical theories of the time (this would be in the 18th century, I guess) we would pick up on, if not invent the term "devil's interval" to describe this aspect of their music. " -> "Certainly, the slaves brought with them practices and beliefs that were not "Christian," the most infamous being voodoo, and it would make sense to me that the musical theories of the time (this would be in the 18th century, I guess) we would pick up on, if not invent the term "devil's interval" to describe this aspect of their music."
[key] " "
[key] "Some"
[key] "tim"
[key] "es"
[key] " we"
[key] " label"
[key] " things"
[key] " as"
[key] " evil."
[del] 1
[key] " because"
[key] " they"
[key] " are."
[key] " unfamiliar"
[pause]
[fix] "Sometimes we label things as evil because they are unfamiliar." -> NONE
[cur] 2258
[key] " "
[cur] 2259
[key] "and D"
[cur] 2264
[key] "o"
[cur] 2265
[key] "n"
[cur] 2266
[del] 3
[key] "don’t fit"
[cur] 2272
[key] " into our"
[cur] 2281
[key] " pre-Conn"
[cur] 2290
[del] 4
[key] "conceptio"
[cur] 2295
[key] "s"
[cur] 2296
[key] " of how"
[cur] 2303
[key] " the"
[cur] 2307
[key] " world"
[cur] 2313
[key] " works"
[pause]
[fix] "Sometimes we label things as evil because they are unfamiliar and don’t fit into our preconceptions of how the world works." -> "Sometimes we label things as evil because they are unfamiliar and don't fit into our preconceptions of how the world works."
[cur] 2257
[cur] 2258
[cur] 2318
[cur] 2319
[key] " "
[pause]
[fix] "Sometimes we label things as evil because they are unfamiliar and don’t fit into our preconceptions of how the world works. " -> "Sometimes we label things as evil because they are unfamiliar and don’t fit into our preconceptions of how the world works."
[key] " And"
[key] " ye"
[key] "t"
[key] "."
[del] 1
[key] " the same"
[key] " adventure"
[del] 1
[key] "ous"
[key] " exotic"
[key] " foreign."
[del] 15
[key] ", exotic foreign sensations"
[cur] 2319
[cur] 2376
[cur] 2375
[del] 1
[key] " "
[pause]
[fix] "And yet the same adventurous, exotic foreign sensations " -> "And yet the same adventurous, exotic foreign sensations."
[key] " "
[key] "can"
[key] " ad"
[key] "d s"
[key] "pic"
[key] "e to our"
[key] " life"
[pause]
[fix] "can add spice to our life" -> "Can add spice to our life"
[mic] on
[key] " "
[pause]
[fix] "Can add spice to our life " -> "Can add spice to our lives."
[mic] "And"
[mic] "And can"
[mic] "And can potential"
[mic] "And can potentially"
[mic] "And can potentially open"
[mic] "And can potentially open up"
[mic] "And can potentially open up a"
[mic] "And can potentially open up a world"
[mic] "And can potentially open up a world more"
[mic] "And can potentially open up a world more beautiful"
[mic] "And can potentially open up a world more beautiful than"
[mic] "And can potentially open up a world more beautiful than the"
[mic] "And can potentially open up a world more beautiful than the one"
[mic] "And can potentially open up a world more beautiful than the one we"
[mic] "And can potentially open up a world more beautiful than the one we know"
[cur] 2477
[key] " "
[key] " "
[pause]
[fix] "Can add spice to our lives and can potentially open up a world more beautiful than the one we know .  " -> "Can add spice to our lives and potentially open up a world more beautiful than the one we know."
[mic] "I"
[mic] "I 10"
[mic] "I tend"
[mic] "I tend to"
[mic] "I tend to think"
[mic] "I tend to think of"
[mic] "I tend to think of the"
[mic] "I tend to think of the equal"
[mic] "I tend to think of the equal tune"
[mic] "I tend to think of the equal tuning"
[key] " "
[mic] "I tend to think of the equal tuning scale"
[cur] 2514
[mic] "Temp"
[mic] "Tempera"
[mic] "Temperament"
[cur] 2526
[mic] "As"
[mic] "As a"
[mic] "As a kind"
[mic] "As a kind of"
[mic] "As a kind of cartoon"
[key] " "
[mic] "As a kind of cartoon version"
[mic] "As a kind of cartoon version of"
[mic] "As a kind of cartoon version of natural"
[mic] "As a kind of cartoon version of natural tan"
[mic] "As a kind of cartoon version of natural tuning"
[mic] "As a kind of cartoon version of natural tunings"
[cur] 2573
[del] 1
[key] " "
[del] 1
[key] "."
[key] " "
[pause]
[fix] "I tend to think of the equal temperament scale as a kind of cartoon version of natural tunings. " -> "I tend to think of the equal temperament scale as a kind of cartoon version of natural tunings."
[mic] "We"
[mic] "We learn"
[mic] "We learned"
[mic] "We learned grow"
[mic] "We learned growing"
[mic] "We learned growing up"
[mic] "We learn growing up"
[mic] "We learn growing up that"
[mic] "We learned growing up that that"
[mic] "We learned growing up that that's how"
[mic] "We learned growing up that that's how music"
[mic] "We learned growing up that that's how music is"
[mic] "We learned growing up that that's how music is supposed"
[mic] "We learned growing up that that's how music is supposed to"
[mic] "We learned growing up that that's how music is supposed to sound"
[key] " "
[cur] 2639
[del] 1
[key] " "
[del] 1
[key] "."
[key] " "
[pause]
[fix] "We learned growing up that that's how music is supposed to sound. " -> "We learned growing up that that's how music is supposed to sound."
[mic] "When"
[mic] "When we"
[mic] "When we hear"
[mic] "When we hear a"
[mic] "When we hear a quiet"
[mic] "When we hear a choir"
[mic] "When we hear a choir tuning"
[mic] "When we hear a choir tuning it"
[mic] "When we hear a choir tuning, it's"
[mic] "When we hear a choir tuning, it's inter"
[mic] "When we hear a choir tuning, it's interval"
[mic] "When we hear a choir tuning, it's intervals"
[cur] 2670
[cur] 2669
[del] 1
[cur] 2668
[del] 1
[cur] 2669
[key] " "
[cur] 2683
[key] ","
[key] " "
[mic] "It"
[pause]
[fix] "When we hear a choir tuning it's intervals, " -> "When we hear a choir tuning its intervals,"
[mic] "It sounds"
[mic] "It sounds magic"
[mic] "It sounds magical"
[mic] "It sounds magical to"
[mic] "It sounds magical to us"
[key] " "
[cur] 2708
[del] 1
[key] " "
[del] 1
[key] "."
[key] " "
[pause]
[fix] "When we hear a choir tuning it's intervals, it sounds magical to us. " -> "When we hear a choir tuning its intervals, it sounds magical to us."
[key] " "
[pause]
[fix] "When we hear a choir tuning its intervals, it sounds magical to us. " -> "When we hear a choir tuning its intervals, it sounds magical to us."
[key] " "
[pause]
[fix] "When we hear a choir tuning its intervals, it sounds magical to us. " -> "When we hear a choir tuning its intervals, it sounds magical to us."
[mic] "So"
[mic] "So be"
[mic] "Bend be"
[mic] "Bending be"
[mic] "Bending"
[mic] "Bending a"
[mic] "Bending bending a little"
[mic] "So bending a little"
[mic] "So bending a little bit"
[mic] "So bending a little bit and"
[mic] "So bending a little bit and lead"
[mic] "So bending a little bit and lead to"
[mic] "So bending a little bit and lead to both"
[mic] "So bending a little bit and lead to both heaven"
[mic] "So bending a little bit and lead to both heaven and"
[mic] "So bending a little bit and lead to both heaven and hell"
[mic] off
[expect] "I am going to riff on a new idea for a chapter. This is on the devil's interval. I was interested in the history of barbershop music. Some AI was explaining how it started in the 1910s but became truly popular in the 30s when a certain group released barbershop music. It strikes me that one reason that was when it became popular was suddenly Victrola's were popular and people could buy and listen to music and didn't have to wait for it to be locally available through vocal groups.  But the AI went on to tell me that it really started with black music groups hanging on their own and communities where they didn't have access to white people's concerts so they made their own music. The AI went on to offer me the secret of barbershop music, which turns out to be the barbershop seventh. That's not a no in the western scale it's a bent version of the seventh tuned way lower than a major seventh somewhere between a major and a minor. I know something about tuning, and recognize that to be a very consonant whole number ratio something, like 7 4:which, would be a beautiful sound that's not available to the Western scale which, has no multiple multiples of seven in it. Even the just-tempered scale doesn’t have this note, let alone the tempered scale. The AI told me that note that tuning was independently discovered by both barbershop music and jazz music I said wait a minute those both come from black roots and I bet the note came out out of Africa along with the slaves. The AI told me that that's exactly where it came from and gave me examples of traditional African music known to use that interval. Jazz music also bends the fourth and what's called the "devil's" interval. I always had the impression that the term came from the music theory of the Middle Ages. But now I wonder if the term is much more recent and comes from slave music. Certainly, the slaves brought with them practices and beliefs that were not "Christian," the most infamous being voodoo, and it would make sense to me that the musical theories of the time (this would be in the 18th century, I guess) we would pick up on, if not invent the term "devil's interval" to describe this aspect of their music. Sometimes we label things as evil because they are unfamiliar and don’t fit into our preconceptions of how the world works. And yet the same adventurous, exotic foreign sensations. Can add spice to our lives and can potentially open up a world more beautiful than the one we know .  I tend to think of the equal temperament scale as a kind of cartoon version of natural tunings. We learned growing up that that's how music is supposed to sound. When we hear a choir tuning its intervals, it sounds magical to us. So bending a little bit and lead to both heaven and hell"
[send] "I am going to riff on a new idea for a chapter. This is on the devil's interval. I was interested in the history of barbershop music. Some AI was explaining how it started in the 1910s but became truly popular in the 30s when a certain group released barbershop music. It strikes me that one reason that was when it became popular was suddenly Victrola's were popular and people could buy and listen to music and didn't have to wait for it to be locally available through vocal groups.  But the AI went on to tell me that it really started with black music groups hanging on their own and communities where they didn't have access to white people's concerts so they made their own music. The AI went on to offer me the secret of barbershop music, which turns out to be the barbershop seventh. That's not a no in the western scale it's a bent version of the seventh tuned way lower than a major seventh somewhere between a major and a minor. I know something about tuning, and recognize that to be a very consonant whole number ratio something, like 7 4:which, would be a beautiful sound that's not available to the Western scale which, has no multiple multiples of seven in it. Even the just-tempered scale doesn’t have this note, let alone the tempered scale. The AI told me that note that tuning was independently discovered by both barbershop music and jazz music I said wait a minute those both come from black roots and I bet the note came out out of Africa along with the slaves. The AI told me that that's exactly where it came from and gave me examples of traditional African music known to use that interval. Jazz music also bends the fourth and what's called the "devil's" interval. I always had the impression that the term came from the music theory of the Middle Ages. But now I wonder if the term is much more recent and comes from slave music. Certainly, the slaves brought with them practices and beliefs that were not "Christian," the most infamous being voodoo, and it would make sense to me that the musical theories of the time (this would be in the 18th century, I guess) we would pick up on, if not invent the term "devil's interval" to describe this aspect of their music. Sometimes we label things as evil because they are unfamiliar and don’t fit into our preconceptions of how the world works. And yet the same adventurous, exotic foreign sensations. Can add spice to our lives and can potentially open up a world more beautiful than the one we know .  I tend to think of the equal temperament scale as a kind of cartoon version of natural tunings. We learned growing up that that's how music is supposed to sound. When we hear a choir tuning its intervals, it sounds magical to us. So bending a little bit and lead to both heaven and hell"

Test 2026-06-20.19-41-58:
[mic] on
[mic] "I"
[mic] "I think"
[mic] "I think most"
[mic] "I think most of"
[mic] "I think most of the"
[mic] "I think most of the short"
[mic] "I think most of the short chapter"
[mic] "I think most of the short chapters"
[mic] "I think most of the short chapters are"
[mic] "I think most of the short chapters are just"
[mic] "I think most of the short chapters are just in"
[mic] "I think most of the short chapters are just incomplete"
[mic] "I think most of the short chapters are just incomplete they"
[mic] "I think most of the short chapters are just incomplete they haven"
[mic] "I think most of the short chapters are just incomplete they haven't"
[mic] "I think most of the short chapters are just incomplete. They haven't been"
[mic] "I think most of the short chapters are just incomplete. They haven't been flee"
[mic] "I think most of the short chapters are just incomplete. They haven't been flesh"
[mic] "I think most of the short chapters are just incomplete. They haven't been fleshed"
[mic] "I think most of the short chapters are just incomplete. They haven't been fleshed out"
[mic] "I think most of the short chapters are just incomplete. They haven't been fleshed out."
[mic] "I think most of the short chapters are just incomplete. They haven't been fleshed out regarding"
[mic] "I think most of the short chapters are just incomplete. They haven't been fleshed out regarding what"
[mic] "I think most of the short chapters are just incomplete. They haven't been fleshed out regarding what is"
[mic] "I think most of the short chapters are just incomplete. They haven't been fleshed out regarding what is the"
[mic] "I think most of the short chapters are just incomplete. They haven't been fleshed out regarding what is the Sco"
[mic] "I think most of the short chapters are just incomplete. They haven't been fleshed out regarding what is the scope"
[mic] "I think most of the short chapters are just incomplete. They haven't been fleshed out regarding what is the scope of"
[mic] "I think most of the short chapters are just incomplete. They haven't been fleshed out regarding what is the scope of this"
[mic] "I think most of the short chapters are just incomplete. They haven't been fleshed out regarding what is the scope of this chapter"
[mic] "I think most of the short chapters are just incomplete. They haven't been fleshed out regarding what is the scope of this chapter."
[mic] "I think most of the short chapters are just incomplete. They haven't been fleshed out regarding what is the scope of this chapter I"
[mic] "I think most of the short chapters are just incomplete. They haven't been fleshed out regarding what is the scope of this chapter I think"
[mic] "I think most of the short chapters are just incomplete. They haven't been fleshed out regarding what is the scope of this chapter. I think it"
[mic] "I think most of the short chapters are just incomplete. They haven't been fleshed out regarding what is the scope of this chapter. I think it's"
[mic] "I think most of the short chapters are just incomplete. They haven't been fleshed out regarding what is the scope of this chapter. I think it's cool"
[mic] "I think most of the short chapters are just incomplete. They haven't been fleshed out regarding what is the scope of this chapter. I think it's cool to"
[mic] "I think most of the short chapters are just incomplete. They haven't been fleshed out regarding what is the scope of this chapter. I think it's cool to mix"
[mic] "I think most of the short chapters are just incomplete. They haven't been fleshed out regarding what is the scope of this chapter. I think it's cool to mix all"
[mic] "I think most of the short chapters are just incomplete. They haven't been fleshed out regarding what is the scope of this chapter. I think it's cool to mix all these"
[mic] "I think most of the short chapters are just incomplete. They haven't been fleshed out regarding what is the scope of this chapter. I think it's cool to mix all these things"
[mic] "I think most of the short chapters are just incomplete. They haven't been fleshed out regarding what is the scope of this chapter. I think it's cool to mix all these things together"
[mic] "I think most of the short chapters are just incomplete. They haven't been fleshed out regarding what is the scope of this chapter. I think it's cool to mix all these things together."
[mic] "I think most of the short chapters are just incomplete. They haven't been fleshed out regarding what is the scope of this chapter. I think it's cool to mix all these things together I'm"
[mic] "I think most of the short chapters are just incomplete. They haven't been fleshed out regarding what is the scope of this chapter. I think it's cool to mix all these things together. I'm not"
[mic] "I think most of the short chapters are just incomplete. They haven't been fleshed out regarding what is the scope of this chapter. I think it's cool to mix all these things together. I'm not sure"
[mic] "I think most of the short chapters are just incomplete. They haven't been fleshed out regarding what is the scope of this chapter. I think it's cool to mix all these things together. I'm not sure what"
[mic] "I think most of the short chapters are just incomplete. They haven't been fleshed out regarding what is the scope of this chapter. I think it's cool to mix all these things together. I'm not sure what the"
[mic] "I think most of the short chapters are just incomplete. They haven't been fleshed out regarding what is the scope of this chapter. I think it's cool to mix all these things together. I'm not sure what the title"
[mic] "I think most of the short chapters are just incomplete. They haven't been fleshed out regarding what is the scope of this chapter. I think it's cool to mix all these things together. I'm not sure what the title."
[mic] "I think most of the short chapters are just incomplete. They haven't been fleshed out regarding what is the scope of this chapter. I think it's cool to mix all these things together. I'm not sure what the title needs"
[mic] "I think most of the short chapters are just incomplete. They haven't been fleshed out regarding what is the scope of this chapter. I think it's cool to mix all these things together. I'm not sure what the title needs to"
[mic] "I think most of the short chapters are just incomplete. They haven't been fleshed out regarding what is the scope of this chapter. I think it's cool to mix all these things together. I'm not sure what the title needs to be"
[mic] "I think most of the short chapters are just incomplete. They haven't been fleshed out regarding what is the scope of this chapter. I think it's cool to mix all these things together. I'm not sure what the title needs to be."
[mic] "I think most of the short chapters are just incomplete. They haven't been fleshed out regarding what is the scope of this chapter. I think it's cool to mix all these things together. I'm not sure what the title needs to be and"
[mic] "I think most of the short chapters are just incomplete. They haven't been fleshed out regarding what is the scope of this chapter. I think it's cool to mix all these things together. I'm not sure what the title needs to be and as"
[mic] "I think most of the short chapters are just incomplete. They haven't been fleshed out regarding what is the scope of this chapter. I think it's cool to mix all these things together. I'm not sure what the title needs to be and as you"
[mic] "I think most of the short chapters are just incomplete. They haven't been fleshed out regarding what is the scope of this chapter. I think it's cool to mix all these things together. I'm not sure what the title needs to be and as you point"
[mic] "I think most of the short chapters are just incomplete. They haven't been fleshed out regarding what is the scope of this chapter. I think it's cool to mix all these things together. I'm not sure what the title needs to be and as you point out"
[mic] "I think most of the short chapters are just incomplete. They haven't been fleshed out regarding what is the scope of this chapter. I think it's cool to mix all these things together. I'm not sure what the title needs to be and as you point out."
[mic] "I think most of the short chapters are just incomplete. They haven't been fleshed out regarding what is the scope of this chapter. I think it's cool to mix all these things together. I'm not sure what the title needs to be and as you point out it"
[mic] "I think most of the short chapters are just incomplete. They haven't been fleshed out regarding what is the scope of this chapter. I think it's cool to mix all these things together. I'm not sure what the title needs to be and as you point out it's"
[mic] "I think most of the short chapters are just incomplete. They haven't been fleshed out regarding what is the scope of this chapter. I think it's cool to mix all these things together. I'm not sure what the title needs to be and as you point out it's already"
[mic] "I think most of the short chapters are just incomplete. They haven't been fleshed out regarding what is the scope of this chapter. I think it's cool to mix all these things together. I'm not sure what the title needs to be and as you point out it's already."
[mic] "I think most of the short chapters are just incomplete. They haven't been fleshed out regarding what is the scope of this chapter. I think it's cool to mix all these things together. I'm not sure what the title needs to be and as you point out it's already close"
[mic] "I think most of the short chapters are just incomplete. They haven't been fleshed out regarding what is the scope of this chapter. I think it's cool to mix all these things together. I'm not sure what the title needs to be and as you point out it's already close to"
[mic] "I think most of the short chapters are just incomplete. They haven't been fleshed out regarding what is the scope of this chapter. I think it's cool to mix all these things together. I'm not sure what the title needs to be and as you point out it's already close to 70"
[mic] "I think most of the short chapters are just incomplete. They haven't been fleshed out regarding what is the scope of this chapter. I think it's cool to mix all these things together. I'm not sure what the title needs to be and as you point out it's already close to 70 and"
[mic] "I think most of the short chapters are just incomplete. They haven't been fleshed out regarding what is the scope of this chapter. I think it's cool to mix all these things together. I'm not sure what the title needs to be and as you point out it's already close to 70 and 20"
[mic] "I think most of the short chapters are just incomplete. They haven't been fleshed out regarding what is the scope of this chapter. I think it's cool to mix all these things together. I'm not sure what the title needs to be and as you point out it's already close to 70 and 27"
[mic] "I think most of the short chapters are just incomplete. They haven't been fleshed out regarding what is the scope of this chapter. I think it's cool to mix all these things together. I'm not sure what the title needs to be and as you point out it's already close to 70 and 27."
[mic] "I think most of the short chapters are just incomplete. They haven't been fleshed out regarding what is the scope of this chapter. I think it's cool to mix all these things together. I'm not sure what the title needs to be and as you point out it's already close to 70 and 27 I"
[mic] "I think most of the short chapters are just incomplete. They haven't been fleshed out regarding what is the scope of this chapter. I think it's cool to mix all these things together. I'm not sure what the title needs to be and as you point out it's already close to 70 and 27 I wanna"
[mic] "I think most of the short chapters are just incomplete. They haven't been fleshed out regarding what is the scope of this chapter. I think it's cool to mix all these things together. I'm not sure what the title needs to be and as you point out it's already close to 70 and 27 I want to"
[mic] "I think most of the short chapters are just incomplete. They haven't been fleshed out regarding what is the scope of this chapter. I think it's cool to mix all these things together. I'm not sure what the title needs to be and as you point out it's already close to 70 and 27 I wanna rip"
[mic] "I think most of the short chapters are just incomplete. They haven't been fleshed out regarding what is the scope of this chapter. I think it's cool to mix all these things together. I'm not sure what the title needs to be and as you point out it's already close to 70 and 27. I wanna rip a"
[mic] "I think most of the short chapters are just incomplete. They haven't been fleshed out regarding what is the scope of this chapter. I think it's cool to mix all these things together. I'm not sure what the title needs to be and as you point out it's already close to 70 and 27. I wanna rip a little"
[mic] "I think most of the short chapters are just incomplete. They haven't been fleshed out regarding what is the scope of this chapter. I think it's cool to mix all these things together. I'm not sure what the title needs to be and as you point out it's already close to 70 and 27. I wanna rip a little more"
[mic] "I think most of the short chapters are just incomplete. They haven't been fleshed out regarding what is the scope of this chapter. I think it's cool to mix all these things together. I'm not sure what the title needs to be and as you point out it's already close to 70 and 27. I wanna rip a little more."
[mic] "I think most of the short chapters are just incomplete. They haven't been fleshed out regarding what is the scope of this chapter. I think it's cool to mix all these things together. I'm not sure what the title needs to be and as you point out it's already close to 70 and 27. I wanna rip a little more when"
[mic] "I think most of the short chapters are just incomplete. They haven't been fleshed out regarding what is the scope of this chapter. I think it's cool to mix all these things together. I'm not sure what the title needs to be and as you point out it's already close to 70 and 27. I wanna rip a little more when you"
[mic] "I think most of the short chapters are just incomplete. They haven't been fleshed out regarding what is the scope of this chapter. I think it's cool to mix all these things together. I'm not sure what the title needs to be and as you point out it's already close to 70 and 27. I wanna rip a little more when you mentioned"
[mic] "I think most of the short chapters are just incomplete. They haven't been fleshed out regarding what is the scope of this chapter. I think it's cool to mix all these things together. I'm not sure what the title needs to be and as you point out it's already close to 70 and 27. I wanna rip a little more when you mentioned."
[mic] "I think most of the short chapters are just incomplete. They haven't been fleshed out regarding what is the scope of this chapter. I think it's cool to mix all these things together. I'm not sure what the title needs to be and as you point out it's already close to 70 and 27. I wanna rip a little more when you mentioned closing"
[mic] "I think most of the short chapters are just incomplete. They haven't been fleshed out regarding what is the scope of this chapter. I think it's cool to mix all these things together. I'm not sure what the title needs to be and as you point out it's already close to 70 and 27. I wanna rip a little more when you mentioned closing the"
[mic] "I think most of the short chapters are just incomplete. They haven't been fleshed out regarding what is the scope of this chapter. I think it's cool to mix all these things together. I'm not sure what the title needs to be and as you point out it's already close to 70 and 27. I wanna rip a little more when you mentioned closing the circle"
[mic] "I think most of the short chapters are just incomplete. They haven't been fleshed out regarding what is the scope of this chapter. I think it's cool to mix all these things together. I'm not sure what the title needs to be and as you point out it's already close to 70 and 27. I wanna rip a little more when you mentioned closing the circle."
[mic] "I think most of the short chapters are just incomplete. They haven't been fleshed out regarding what is the scope of this chapter. I think it's cool to mix all these things together. I'm not sure what the title needs to be and as you point out it's already close to 70 and 27. I wanna rip a little more when you mentioned closing the circle I"
[mic] "I think most of the short chapters are just incomplete. They haven't been fleshed out regarding what is the scope of this chapter. I think it's cool to mix all these things together. I'm not sure what the title needs to be and as you point out it's already close to 70 and 27. I wanna rip a little more when you mentioned closing the circle I remember"
[mic] "I think most of the short chapters are just incomplete. They haven't been fleshed out regarding what is the scope of this chapter. I think it's cool to mix all these things together. I'm not sure what the title needs to be and as you point out it's already close to 70 and 27. I wanna rip a little more when you mentioned closing the circle I remember."
[mic] "I think most of the short chapters are just incomplete. They haven't been fleshed out regarding what is the scope of this chapter. I think it's cool to mix all these things together. I'm not sure what the title needs to be and as you point out it's already close to 70 and 27. I wanna rip a little more when you mentioned closing the circle I remember that"
[mic] "I think most of the short chapters are just incomplete. They haven't been fleshed out regarding what is the scope of this chapter. I think it's cool to mix all these things together. I'm not sure what the title needs to be and as you point out it's already close to 70 and 27. I wanna rip a little more when you mentioned closing the circle I remember that."
[mic] "I think most of the short chapters are just incomplete. They haven't been fleshed out regarding what is the scope of this chapter. I think it's cool to mix all these things together. I'm not sure what the title needs to be and as you point out it's already close to 70 and 27. I wanna rip a little more when you mentioned closing the circle I remember that the"
[mic] "I think most of the short chapters are just incomplete. They haven't been fleshed out regarding what is the scope of this chapter. I think it's cool to mix all these things together. I'm not sure what the title needs to be and as you point out it's already close to 70 and 27. I wanna rip a little more when you mentioned closing the circle I remember that the circle"
[mic] "I think most of the short chapters are just incomplete. They haven't been fleshed out regarding what is the scope of this chapter. I think it's cool to mix all these things together. I'm not sure what the title needs to be and as you point out it's already close to 70 and 27. I wanna rip a little more when you mentioned closing the circle I remember that the circle of"
[mic] "I think most of the short chapters are just incomplete. They haven't been fleshed out regarding what is the scope of this chapter. I think it's cool to mix all these things together. I'm not sure what the title needs to be and as you point out it's already close to 70 and 27. I wanna rip a little more when you mentioned closing the circle I remember that the circle of fifth"
[mic] "I think most of the short chapters are just incomplete. They haven't been fleshed out regarding what is the scope of this chapter. I think it's cool to mix all these things together. I'm not sure what the title needs to be and as you point out it's already close to 70 and 27. I wanna rip a little more when you mentioned closing the circle I remember that the circle of fifth."
[mic] "I think most of the short chapters are just incomplete. They haven't been fleshed out regarding what is the scope of this chapter. I think it's cool to mix all these things together. I'm not sure what the title needs to be and as you point out it's already close to 70 and 27. I wanna rip a little more when you mentioned closing the circle I remember that the circle of fifths"
[mic] "I think most of the short chapters are just incomplete. They haven't been fleshed out regarding what is the scope of this chapter. I think it's cool to mix all these things together. I'm not sure what the title needs to be and as you point out it's already close to 70 and 27. I wanna rip a little more when you mentioned closing the circle I remember that the circle of fifths."
[mic] "I think most of the short chapters are just incomplete. They haven't been fleshed out regarding what is the scope of this chapter. I think it's cool to mix all these things together. I'm not sure what the title needs to be and as you point out it's already close to 70 and 27. I wanna rip a little more when you mentioned closing the circle I remember that the circle of fifths is"
[mic] "I think most of the short chapters are just incomplete. They haven't been fleshed out regarding what is the scope of this chapter. I think it's cool to mix all these things together. I'm not sure what the title needs to be and as you point out it's already close to 70 and 27. I wanna rip a little more when you mentioned closing the circle I remember that the circle of fifths is describe"
[mic] "I think most of the short chapters are just incomplete. They haven't been fleshed out regarding what is the scope of this chapter. I think it's cool to mix all these things together. I'm not sure what the title needs to be and as you point out it's already close to 70 and 27. I wanna rip a little more when you mentioned closing the circle I remember that the circle of fifths is described"
[mic] "I think most of the short chapters are just incomplete. They haven't been fleshed out regarding what is the scope of this chapter. I think it's cool to mix all these things together. I'm not sure what the title needs to be and as you point out it's already close to 70 and 27. I wanna rip a little more when you mentioned closing the circle I remember that the circle of fifths is described in"
[mic] "I think most of the short chapters are just incomplete. They haven't been fleshed out regarding what is the scope of this chapter. I think it's cool to mix all these things together. I'm not sure what the title needs to be and as you point out it's already close to 70 and 27. I wanna rip a little more when you mentioned closing the circle I remember that the circle of fifths is described in different"
[mic] "I think most of the short chapters are just incomplete. They haven't been fleshed out regarding what is the scope of this chapter. I think it's cool to mix all these things together. I'm not sure what the title needs to be and as you point out it's already close to 70 and 27. I wanna rip a little more when you mentioned closing the circle I remember that the circle of fifths is described in different way"
[mic] "I think most of the short chapters are just incomplete. They haven't been fleshed out regarding what is the scope of this chapter. I think it's cool to mix all these things together. I'm not sure what the title needs to be and as you point out it's already close to 70 and 27. I wanna rip a little more when you mentioned closing the circle I remember that the circle of fifths is described in different ways"
[mic] "I think most of the short chapters are just incomplete. They haven't been fleshed out regarding what is the scope of this chapter. I think it's cool to mix all these things together. I'm not sure what the title needs to be and as you point out it's already close to 70 and 27. I wanna rip a little more when you mentioned closing the circle I remember that the circle of fifths is described in different ways."
[mic] "I think most of the short chapters are just incomplete. They haven't been fleshed out regarding what is the scope of this chapter. I think it's cool to mix all these things together. I'm not sure what the title needs to be and as you point out it's already close to 70 and 27. I wanna rip a little more when you mentioned closing the circle I remember that the circle of fifths is described in different ways taking"
[mic] "I think most of the short chapters are just incomplete. They haven't been fleshed out regarding what is the scope of this chapter. I think it's cool to mix all these things together. I'm not sure what the title needs to be and as you point out it's already close to 70 and 27. I wanna rip a little more when you mentioned closing the circle I remember that the circle of fifths is described in different ways taking three"
[mic] "I think most of the short chapters are just incomplete. They haven't been fleshed out regarding what is the scope of this chapter. I think it's cool to mix all these things together. I'm not sure what the title needs to be and as you point out it's already close to 70 and 27. I wanna rip a little more when you mentioned closing the circle I remember that the circle of fifths is described in different ways taking three to"
[mic] "I think most of the short chapters are just incomplete. They haven't been fleshed out regarding what is the scope of this chapter. I think it's cool to mix all these things together. I'm not sure what the title needs to be and as you point out it's already close to 70 and 27. I wanna rip a little more when you mentioned closing the circle I remember that the circle of fifths is described in different ways taking 3 to 2"
[mic] "I think most of the short chapters are just incomplete. They haven't been fleshed out regarding what is the scope of this chapter. I think it's cool to mix all these things together. I'm not sure what the title needs to be and as you point out it's already close to 70 and 27. I wanna rip a little more when you mentioned closing the circle I remember that the circle of fifths is described in different ways taking 3 to 2."
[mic] "I think most of the short chapters are just incomplete. They haven't been fleshed out regarding what is the scope of this chapter. I think it's cool to mix all these things together. I'm not sure what the title needs to be and as you point out it's already close to 70 and 27. I wanna rip a little more when you mentioned closing the circle I remember that the circle of fifths is described in different ways taking 3 to 212"
[mic] "I think most of the short chapters are just incomplete. They haven't been fleshed out regarding what is the scope of this chapter. I think it's cool to mix all these things together. I'm not sure what the title needs to be and as you point out it's already close to 70 and 27. I wanna rip a little more when you mentioned closing the circle I remember that the circle of fifths is described in different ways taking 3 to 212 times"
[mic] "I think most of the short chapters are just incomplete. They haven't been fleshed out regarding what is the scope of this chapter. I think it's cool to mix all these things together. I'm not sure what the title needs to be and as you point out it's already close to 70 and 27. I wanna rip a little more when you mentioned closing the circle I remember that the circle of fifths is described in different ways taking 3 to 212 times."
[cur] 421
[cur] 423
[cur] 420
[cur] 421
[cur] 422
[cur] 421
[cur] 422
[cur] 423
[key] " "
[mic] "Inter"
[mic] "Interval"
[cur] 441
[key] " "
[cur] 441
[del] 1
[cur] 440
[del] 1
[key] " "
[mic] off
[key] "m"
[key] "ath"
[key] "ematically"
[key] " does"
[key] " not"
[key] " come out"
[key] " to a power"
[key] " of"
[key] " two"
[cur] 441
[cur] 491
[key] ","
[key] " "
[pause]
[fix] "I wanna rip a little more when you mentioned closing the circle I remember that the circle of fifths is described in different ways taking 3 to 2 interval 12 times mathematically does not come out to a power of two, " -> "I want to rip a little more when you mentioned closing the circle. I remember that the circle of fifths is described in different ways. Taking 3 to 2 intervals 12 times mathematically does not come out to a power of two."
[key] "s"
[key] "o t"
[key] "he"
[key] " well"
[del] 4
[key] "Welton circle"
[key] " of fifth"
[cur] 493
[cur] 522
[cur] 506
[del] 6
[key] "t"
[cur] 502
[key] "u"
[cur] 503
[key] "n"
[cur] 504
[key] "e"
[cur] 505
[key] "d"
[cur] 521
[key] "s"
[key] " "
[pause]
[fix] "I wanna rip a little more when you mentioned closing the circle I remember that the circle of fifths is described in different ways taking 3 to 2 interval 12 times mathematically does not come out to a power of two, so the tuned circle of fifths " -> "I want to rip a little more when you mentioned closing the circle. I remember that the circle of fifths is described in different ways, taking 3 to 2 intervals 12 times mathematically does not come out to a power of two, so the tuned circle of fifths."
[key] "do"
[key] "esn’t"
[key] " work"
[cur] 523
[cur] 535
[key] " "
[del] 1
[key] "."
[key] " "
[pause]
[fix] "I wanna rip a little more when you mentioned closing the circle I remember that the circle of fifths is described in different ways taking 3 to 2 interval 12 times mathematically does not come out to a power of two, so the tuned circle of fifths doesn’t work. " -> "I want to rip a little more when you mentioned closing the circle. I remember that the circle of fifths is described in different ways, taking 3 to 2 intervals, 12 times mathematically, does not come out to a power of two, so the tuned circle of fifths doesn’t work."
[key] "And"
[key] " I"
[key] " believe"
[key] " it"
[key] " sometimes"
[key] " called the"
[key] " Peitzke"
[del] 6
[key] "ythagorean"
[key] "."
[cur] 537
[cur] 587
[cur] 586
[del] 1
[key] "."
[cur] 574
[del] 13
[key] "l"
[cur] 574
[del] 1
[cur] 573
[del] 1
[cur] 572
[del] 1
[cur] 571
[del] 1
[pause]
[fix] "And I believe it sometimes called " -> "And I believe it is sometimes called"
[key] "the"
[key] " Pythagorean"
[key] " circle"
[key] " of"
[key] " fifth"
[key] "s"
[cur] 571
[cur] 603
[key] " "
[del] 1
[key] "."
[key] " "
[key] "Th"
[key] "is"
[key] " ties"
[key] " into."
[pause]
[fix] "This ties into." -> NONE
[del] 1
[key] " irrational"
[key] " number"
[key] "s."
[cur] 605
[cur] 639
[cur] 638
[del] 1
[key] " "
[key] "a"
[key] "nd"
[key] " th"
[key] "e"
[key] " famous"
[key] " story of"
[key] " how"
[key] " the"
[key] " Peitzke"
[del] 6
[key] "ythagorean"
[key] "s"
[pause]
[fix] "This ties into irrational numbers and the famous story of how the Pythagoreans" -> NONE
[key] " were"
[key] " horrified"
[key] " to disco"
[key] "ver"
[key] " that"
[key] " the hypo"
[key] "tenuse"
[pause]
[fix] "This ties into irrational numbers and the famous story of how the Pythagoreans were horrified to discover that the hypotenuse" -> "This ties into irrational numbers and the famous story of how the Pythagoreans were horrified to discover that the hypotenuse is an irrational number."
[key] " of a"
[key] " square"
[pause]
[fix] "This ties into irrational numbers and the famous story of how the Pythagoreans were horrified to discover that the hypotenuse of a square" -> "This ties into irrational numbers and the famous story of how the Pythagoreans were horrified to discover that the hypotenuse of a square."
[key] " is"
[cur] 746
[key] " not a"
[cur] 752
[key] " ration"
[cur] 759
[del] 6
[key] "irrational"
[cur] 763
[key] " number"
[cur] 767
[del] 2
[cur] 768
[key] "and the famous story of how the Pythagoreans were horrified to discover that the hypotenuse of a square is not a rational number "
[cur] 784
[pause]
[fix] "This ties into irrational numbers and the famous story of how the Pythagoreans were horrified to discover that the hypotenuse of a square is not a and the famous story of how the Pythagoreans were horrified to discover that the hypotenuse of a square is not a rational number rational number." -> "This ties into irrational numbers and the famous story of how the Pythagoreans were horrified to discover that the hypotenuse of a square is not "a" and the famous story of how the Pythagoreans were horrified to discover that the hypotenuse of a square is not a rational number."
[cur] 802
[cur] 896
[cur] 897
[cur] 896
[cur] 897
[cur] 896
[cur] 895
[cur] 897
[cur] 896
[cur] 897
[cur] 896
[cur] 897
[key] " "
[pause]
[fix] "This ties into irrational numbers and the famous story of how the Pythagoreans were horrified to discover that the hypotenuse of a square is not a and the famous story of how the Pythagoreans were horrified to discover that the hypotenuse of a square is not a rational number rational number. " -> "This ties into irrational numbers and the famous story of how the Pythagoreans were horrified to discover that the hypotenuse of a square is not a rational number."
[mic] on
[mic] "I"
[mic] "I always"
[mic] "I always kept"
[key] " "
[mic] "I always kept Pite"
[mic] "I always kept Pythagoras"
[mic] "I always kept Pythagoras gee"
[mic] "I always kept Pythagoras geometry"
[mic] "I always kept Pythagoras geometry separate"
[mic] "I always kept Pythagoras geometry separate from"
[mic] "I always kept Pythagoras geometry separate from Pite"
[mic] "I always kept Pythagoras geometry separate from Pythagoras"
[mic] "I always kept Pythagoras geometry separate from Pythagoras the"
[mic] "I always kept Pythagoras geometry separate from Pythagoras the music"
[mic] "I always kept Pythagoras geometry separate from Pythagoras the music the"
[mic] "I always kept Pythagoras geometry separate from Pythagoras the music theorist"
[mic] "I always kept Pythagoras geometry separate from Pythagoras the music theorist, but"
[mic] "I always kept Pythagoras geometry separate from Pythagoras the music theorist, but I"
[mic] "I always kept Pythagoras geometry separate from Pythagoras the music theorist, but I certainly"
[mic] "I always kept Pythagoras geometry separate from Pythagoras the music theorist, but I suddenly"
[mic] "I always kept Pythagoras geometry separate from Pythagoras the music theorist, but I suddenly see"
[mic] "I always kept Pythagoras geometry separate from Pythagoras the music theorist, but I suddenly see these"
[mic] "I always kept Pythagoras geometry separate from Pythagoras the music theorist, but I suddenly see these are"
[mic] "I always kept Pythagoras geometry separate from Pythagoras the music theorist, but I suddenly see these are very"
[mic] "I always kept Pythagoras geometry separate from Pythagoras the music theorist, but I suddenly see these are very much"
[mic] "I always kept Pythagoras geometry separate from Pythagoras the music theorist, but I suddenly see these are very much the"
[mic] "I always kept Pythagoras geometry separate from Pythagoras the music theorist, but I suddenly see these are very much the same"
[mic] "I always kept Pythagoras geometry separate from Pythagoras the music theorist, but I suddenly see these are very much the same problem"
[mic] "I always kept Pythagoras geometry separate from Pythagoras the music theorist, but I suddenly see these are very much the same problem and"
[mic] "I always kept Pythagoras geometry separate from Pythagoras the music theorist, but I suddenly see these are very much the same problem and I"
[mic] "I always kept Pythagoras geometry separate from Pythagoras the music theorist, but I suddenly see these are very much the same problem and I wonder"
[mic] "I always kept Pythagoras geometry separate from Pythagoras the music theorist, but I suddenly see these are very much the same problem and I wonder if"
[mic] "I always kept Pythagoras geometry separate from Pythagoras the music theorist, but I suddenly see these are very much the same problem and I wonder if the"
[mic] "I always kept Pythagoras geometry separate from Pythagoras the music theorist, but I suddenly see these are very much the same problem and I wonder if the real"
[mic] "I always kept Pythagoras geometry separate from Pythagoras the music theorist, but I suddenly see these are very much the same problem and I wonder if the real issue"
[mic] "I always kept Pythagoras geometry separate from Pythagoras the music theorist, but I suddenly see these are very much the same problem and I wonder if the real issue for"
[mic] "I always kept Pythagoras geometry separate from Pythagoras the music theorist, but I suddenly see these are very much the same problem and I wonder if the real issue for Pite"
[mic] "I always kept Pythagoras geometry separate from Pythagoras the music theorist, but I suddenly see these are very much the same problem and I wonder if the real issue for Pythagoras"
[mic] "I always kept Pythagoras geometry separate from Pythagoras the music theorist, but I suddenly see these are very much the same problem and I wonder if the real issue for Pythagoras was"
[mic] "I always kept Pythagoras geometry separate from Pythagoras the music theorist, but I suddenly see these are very much the same problem and I wonder if the real issue for Pythagoras was the"
[mic] "I always kept Pythagoras geometry separate from Pythagoras the music theorist, but I suddenly see these are very much the same problem and I wonder if the real issue for Pythagoras was the square"
[mic] "I always kept Pythagoras geometry separate from Pythagoras the music theorist, but I suddenly see these are very much the same problem and I wonder if the real issue for Pythagoras was the square root"
[mic] "I always kept Pythagoras geometry separate from Pythagoras the music theorist, but I suddenly see these are very much the same problem and I wonder if the real issue for Pythagoras was the square root of"
[mic] "I always kept Pythagoras geometry separate from Pythagoras the music theorist, but I suddenly see these are very much the same problem and I wonder if the real issue for Pythagoras was the square root of 12"
[mic] "I always kept Pythagoras geometry separate from Pythagoras the music theorist, but I suddenly see these are very much the same problem and I wonder if the real issue for Pythagoras was the square root of 12, but"
[mic] "I always kept Pythagoras geometry separate from Pythagoras the music theorist, but I suddenly see these are very much the same problem and I wonder if the real issue for Pythagoras was the square root of 12 but it"
[mic] "I always kept Pythagoras geometry separate from Pythagoras the music theorist, but I suddenly see these are very much the same problem and I wonder if the real issue for Pythagoras was the square root of 12 but it simple"
[mic] "I always kept Pythagoras geometry separate from Pythagoras the music theorist, but I suddenly see these are very much the same problem and I wonder if the real issue for Pythagoras was the square root of 12, but it's simple"
[mic] "I always kept Pythagoras geometry separate from Pythagoras the music theorist, but I suddenly see these are very much the same problem and I wonder if the real issue for Pythagoras was the square root of 12, but it's simpler"
[mic] "I always kept Pythagoras geometry separate from Pythagoras the music theorist, but I suddenly see these are very much the same problem and I wonder if the real issue for Pythagoras was the square root of 12, but it's simpler to"
[mic] "I always kept Pythagoras geometry separate from Pythagoras the music theorist, but I suddenly see these are very much the same problem and I wonder if the real issue for Pythagoras was the square root of 12, but it's simpler to explain"
[mic] "I always kept Pythagoras geometry separate from Pythagoras the music theorist, but I suddenly see these are very much the same problem and I wonder if the real issue for Pythagoras was the square root of 12, but it's simpler to explain the"
[mic] "I always kept Pythagoras geometry separate from Pythagoras the music theorist, but I suddenly see these are very much the same problem and I wonder if the real issue for Pythagoras was the square root of 12, but it's simpler to explain the high"
[mic] "I always kept Pythagoras geometry separate from Pythagoras the music theorist, but I suddenly see these are very much the same problem and I wonder if the real issue for Pythagoras was the square root of 12, but it's simpler to explain the hypo"
[mic] "I always kept Pythagoras geometry separate from Pythagoras the music theorist, but I suddenly see these are very much the same problem and I wonder if the real issue for Pythagoras was the square root of 12, but it's simpler to explain the hypotenuse"
[cur] 1148
[del] 1
[key] " "
[del] 1
[key] "."
[key] " "
[mic] "This"
[mic] "This is"
[mic] "This is me"
[mic] "This is me making"
[mic] "This is me making a"
[mic] "This is me making a history"
[mic] "This is me making a history I"
[mic] "This is me making a history, I know"
[mic] "This is me making a history, I know, but"
[mic] "This is me making a history, I know, but the"
[mic] "This is me making a history, I know, but the connection"
[mic] "This is me making a history I know, but the connection is"
[mic] "This is me making a history, I know, but the connection is tri"
[mic] "This is me making a history, I know, but the connection is striking"
[mic] off
[expect] "I think most of the short chapters are just incomplete. They haven't been fleshed out regarding what is the scope of this chapter. I think it's cool to mix all these things together. I'm not sure what the title needs to be and as you point out it's already close to 70 and 27. I wanna rip a little more when you mentioned closing the circle I remember that the circle of fifths is described in different ways taking 3 to 2 interval 12 times mathematically does not come out to a power of two, so the tuned circle of fifths doesn’t work. And I believe it sometimes called the Pythagorean circle of fifths. This ties into irrational numbers and the famous story of how the Pythagoreans were horrified to discover that the hypotenuse of a square is not a and the famous story of how the Pythagoreans were horrified to discover that the hypotenuse of a square is not a rational number rational number. I always kept Pythagoras geometry separate from Pythagoras the music theorist, but I suddenly see these are very much the same problem and I wonder if the real issue for Pythagoras was the square root of 12, but it's simpler to explain the hypotenuse. This is me making a history, I know, but the connection is striking"
[send] "I think most of the short chapters are just incomplete. They haven't been fleshed out regarding what is the scope of this chapter. I think it's cool to mix all these things together. I'm not sure what the title needs to be and as you point out it's already close to 70 and 27. I wanna rip a little more when you mentioned closing the circle I remember that the circle of fifths is described in different ways taking 3 to 2 interval 12 times mathematically does not come out to a power of two, so the tuned circle of fifths doesn’t work. And I believe it sometimes called the Pythagorean circle of fifths. This ties into irrational numbers and the famous story of how the Pythagoreans were horrified to discover that the hypotenuse of a square is not a and the famous story of how the Pythagoreans were horrified to discover that the hypotenuse of a square is not a rational number rational number. I always kept Pythagoras geometry separate from Pythagoras the music theorist, but I suddenly see these are very much the same problem and I wonder if the real issue for Pythagoras was the square root of 12, but it's simpler to explain the hypotenuse. This is me making a history, I know, but the connection is striking"

Test 2026-06-20.19-42-52:
[mic] on
[mic] "It"
[mic] "It's"
[mic] "It's not"
[mic] "It's not the"
[mic] "It's not the square"
[mic] "It's not the square root of"
[mic] "It's not the square root of 12"
[mic] "It's not the square root of 12 it"
[mic] "It's not the square root of 12 it's"
[mic] "It's not the square root of 12 it's the"
[mic] "It's not the square root of 12 it's the 12th"
[mic] "It's not the square root of 12 it's the 12th root"
[mic] "It's not the square root of 12 it's the 12th root of"
[mic] "It's not the square root of 12 it's the 12th root of two"
[mic] off
[expect] "It's not the square root of 12 it's the 12th root of two"
[send] "It's not the square root of 12 it's the 12th root of two"

Test 2026-06-20.19-48-58:
[key] "O"
[key] "K"
[cur] 0
[cur] 2
[key] " In"
[key] "golds"
[key] "b"
[key] "y"
[del] 9
[key] "Pythagoras"
[key] " to"
[key] " get"
[cur] 2
[cur] 3
[cur] 20
[cur] 3
[mic] on
[mic] "With"
[mic] "With your"
[mic] "With your correct"
[mic] "With your correcting"
[mic] "With your correcting the"
[cur] 39
[mic] "Story"
[cur] 51
[cur] 50
[del] 1
[cur] 49
[del] 1
[cur] 48
[del] 1
[mic] "Keep"
[mic] "Keep it"
[mic] "Keep it honest"
[key] " "
[del] 1
[key] "."
[key] " "
[mic] "Keep it honest I"
[mic] "Keep it honest, I think"
[mic] "Keep it honest, I think history"
[mic] "Keep it honest I think history waiting"
[mic] "Keep it honest I think history waiting waiting has"
[mic] "Keep it honest I think the history waiting has"
[mic] "Keep it honest I think the history waiting has great"
[mic] "Keep it honest I think the history waiting has great value"
[mic] "Keep it honest I think the history waiting has great value here"
[mic] "Keep it honest I think history waiting has great value here there"
[mic] "Keep it honest I think history waiting has great value here there is"
[mic] "Keep it honest I think history waiting has great value here there is a"
[mic] "Keep it honest I think history waiting has great value here there isn't a lot"
[mic] "Keep it honest I think history waiting has great value here there isn't a lot of"
[mic] "Keep it honest I think history waiting has great value here there isn't a lot of social"
[mic] "Keep it honest I think history waiting has great value here there isn't a lot of social just"
[mic] "Keep it honest I think history waiting has great value here. There isn't a lot of social justice"
[mic] "Keep it honest I think history waiting has great value here. There isn't a lot of social justice in"
[mic] "Keep it honest I think history waiting has great value here. There isn't a lot of social justice in these"
[mic] "Keep it honest I think history waiting has great value here. There isn't a lot of social justice in these esses"
[mic] "Keep it honest I think history waiting has great value here. There isn't a lot of social justice in these essay."
[mic] "Keep it honest I think history waiting has great value here. There isn't a lot of social justice in these essays"
[mic] "Keep it honest I think history waiting has great value here. There isn't a lot of social justice in these essays."
[mic] "Keep it honest I think history waiting has great value here. There isn't a lot of social justice in these essays and"
[mic] "Keep it honest I think history waiting has great value here. There isn't a lot of social justice in these essays and it"
[mic] "Keep it honest I think history waiting has great value here. There isn't a lot of social justice in these essays and it would"
[mic] "Keep it honest I think history waiting has great value here. There isn't a lot of social justice in these essays and it would be"
[mic] "Keep it honest I think history waiting has great value here. There isn't a lot of social justice in these essays and it would be nice"
[mic] "Keep it honest I think history waiting has great value here. There isn't a lot of social justice in these essays and it would be nice to"
[mic] "Keep it honest I think history waiting has great value here. There isn't a lot of social justice in these essays and it would be nice to have"
[mic] "Keep it honest I think history waiting has great value here. There isn't a lot of social justice in these essays and it would be nice to have at"
[mic] "Keep it honest I think history waiting has great value here. There isn't a lot of social justice in these essays and it would be nice to have at least"
[mic] "Keep it honest I think history waiting has great value here. There isn't a lot of social justice in these essays and it would be nice to have at least a"
[mic] "Keep it honest I think history waiting has great value here. There isn't a lot of social justice in these essays and it would be nice to have at least a touch"
[mic] "Keep it honest I think history waiting has great value here. There isn't a lot of social justice in these essays and it would be nice to have at least a touch."
[mic] "Keep it honest I think history waiting has great value here. There isn't a lot of social justice in these essays and it would be nice to have at least a touch so"
[mic] "Keep it honest I think history waiting has great value here. There isn't a lot of social justice in these essays and it would be nice to have at least a touch so let"
[mic] "Keep it honest I think history waiting has great value here. There isn't a lot of social justice in these essays and it would be nice to have at least a touch so let's"
[mic] "Keep it honest I think history waiting has great value here. There isn't a lot of social justice in these essays and it would be nice to have at least a touch so let's keep"
[mic] "Keep it honest I think history waiting has great value here. There isn't a lot of social justice in these essays and it would be nice to have at least a touch so let's keep it"
[mic] "Keep it honest I think history waiting has great value here. There isn't a lot of social justice in these essays and it would be nice to have at least a touch so let's keep it as"
[mic] "Keep it honest I think history waiting has great value here. There isn't a lot of social justice in these essays and it would be nice to have at least a touch so let's keep it as."
[mic] "Keep it honest I think history waiting has great value here. There isn't a lot of social justice in these essays and it would be nice to have at least a touch so let's keep it as the"
[mic] "Keep it honest I think history waiting has great value here. There isn't a lot of social justice in these essays and it would be nice to have at least a touch so let's keep it as the devil"
[mic] "Keep it honest I think history waiting has great value here. There isn't a lot of social justice in these essays and it would be nice to have at least a touch so let's keep it as the devil's"
[mic] "Keep it honest I think history waiting has great value here. There isn't a lot of social justice in these essays and it would be nice to have at least a touch so let's keep it as the devil's inter"
[mic] "Keep it honest I think history waiting has great value here. There isn't a lot of social justice in these essays and it would be nice to have at least a touch so let's keep it as the devil's interval"
[mic] "Keep it honest I think history waiting has great value here. There isn't a lot of social justice in these essays and it would be nice to have at least a touch so let's keep it as the devil's interval."
[mic] "Keep it honest I think history waiting has great value here. There isn't a lot of social justice in these essays and it would be nice to have at least a touch so let's keep it as the devil's interval because"
[mic] "Keep it honest I think history waiting has great value here. There isn't a lot of social justice in these essays and it would be nice to have at least a touch so let's keep it as the devil is interval because"
[mic] "Keep it honest I think history waiting has great value here. There isn't a lot of social justice in these essays and it would be nice to have at least a touch so let's keep it as the devil is interval because that"
[mic] "Keep it honest I think history waiting has great value here. There isn't a lot of social justice in these essays and it would be nice to have at least a touch so let's keep it as the devil is interval because that's"
[mic] "Keep it honest I think history waiting has great value here. There isn't a lot of social justice in these essays and it would be nice to have at least a touch so let's keep it as the devil is interval because that's a"
[mic] "Keep it honest I think history waiting has great value here. There isn't a lot of social justice in these essays and it would be nice to have at least a touch so let's keep it as the devil is interval because that's Evo"
[mic] "Keep it honest I think history waiting has great value here. There isn't a lot of social justice in these essays and it would be nice to have at least a touch so let's keep it as the devil is interval because that's Evo."
[mic] "Keep it honest I think history waiting has great value here. There isn't a lot of social justice in these essays and it would be nice to have at least a touch so let's keep it as the devil is interval because that's vocative"
[mic] "Keep it honest I think history waiting has great value here. There isn't a lot of social justice in these essays and it would be nice to have at least a touch so let's keep it as the devil is interval because that's vocative."
[cur] 264
[cur] 265
[key] "e"
[cur] 276
[cur] 275
[del] 1
[cur] 274
[del] 1
[key] " "
[mic] "It"
[mic] "It could"
[mic] "It could be"
[mic] "It could be the"
[mic] "It could be the lead"
[mic] "It could be the lead in"
[mic] "It could be the lead in and"
[mic] "It could be the lead in and the"
[mic] "It could be the lead in and the con"
[mic] "It could be the lead in and the conclusion"
[mic] "It could be the lead in and the conclusion of"
[mic] "It could be the lead in and the conclusion of this"
[mic] "It could be the lead in and the conclusion of this wondering"
[mic] "It could be the lead in and the conclusion of this wandering"
[mic] "It could be the lead in and the conclusion of this wandering article"
[mic] off
[expect] "OK with your correcting the Pythagoras story to keep it honest I think history waiting has great value here. There isn't a lot of social justice in these essays and it would be nice to have at least a touch so let's keep it as the devil is interval because that's evocative. It could be the lead in and the conclusion of this wandering article"
[send] "OK with your correcting the Pythagoras story to keep it honest I think history waiting has great value here. There isn't a lot of social justice in these essays and it would be nice to have at least a touch so let's keep it as the devil is interval because that's evocative. It could be the lead in and the conclusion of this wandering article"

Test 2026-06-20.19-51-35:
[key] "A"
[key] "noth"
[key] "er"
[key] " connection"
[key] " is"
[key] " with"
[key] " the"
[key] " chapter"
[key] " on"
[key] " Bound"
[del] 5
[key] "boundaries"
[cur] 0
[cur] 52
[key] " "
[del] 1
[key] "."
[key] " "
[key] "A"
[key] "nd "
[key] "you"
[key] " outline."
[del] 1
[key] " skipped over"
[key] "."
[key] " jazz"
[mic] on
[mic] "And"
[mic] "And black"
[mic] "And black neighborhood"
[mic] "And black neighborhoods"
[mic] off
[expect] "Another connection is with the chapter on boundaries. And you outline skipped over jazz and black neighborhoods ."
[send] "Another connection is with the chapter on boundaries. And you outline skipped over jazz and black neighborhoods ."

Test 2026-06-20.19-52-44:
[key] "I"
[key] "t"
[key] " is"
[del] 3
[key] "’s now"
[key] " accept"
[key] "ed"
[cur] 0
[del] 17
[key] "It’s now accepted"
[expect] "It’s now accepted"
[send] "It’s now accepted"

Test 2026-06-20.19-53-23:
[key] "C"
[key] "o"
[key] "n"
[key] "t"
[key] "u"
[key] "n"
[key] "u"
[key] "e"
[del] 1
[key] "i"
[key] " "
[expect] "Continue "
[send] "Continue"

Test 2026-06-20.19-56-28:
[key] "One"
[key] " thing"
[key] " strike"
[key] "s me"
[cur] 0
[cur] 20
[key] " "
[del] 1
[key] "."
[key] " "
[key] "Whe"
[key] "n"
[key] " you"
[key] " say that"
[key] " continuous"
[key] "."
[del] 1
[key] " space"
[del] 19
[key] "e continuous space of"
[key] " pitch"
[key] "."
[cur] 22
[cur] 65
[key] ","
[key] " "
[cur] 66
[del] 1
[cur] 65
[del] 1
[cur] 64
[del] 1
[key] ","
[key] " "
[key] "t"
[key] "hat"
[key] " sounds"
[key] " line"
[key] "ar"
[cur] 66
[cur] 84
[key] " "
[key] " "
[cur] 85
[del] 1
[cur] 84
[del] 1
[key] "."
[key] " "
[key] "It"
[key] "’s"
[key] " actually"
[key] " the"
[key] "."
[del] 1
[key] " space"
[key] " of"
[key] " vibration."
[del] 1
[key] " of"
[key] " Harmony"
[del] 7
[key] "harmonics."
[del] 1
[key] " of"
[key] " Fourier"
[key] " trans"
[key] "forms."
[cur] 86
[cur] 158
[key] " "
[key] "Pe"
[key] "ople"
[key] " probably Don"
[del] 3
[key] "don’t have"
[key] " a sense"
[key] " of"
[key] " that"
[key] "."
[del] 1
[key] " but it"
[del] 6
[key] ", but it’s no"
[key] " just"
[key] " a"
[key] " number"
[del] 28
[key] " but it’s not just a number line."
[cur] 159
[del] 75
[key] "People probably don’t have a sense of that but it’s not just a number line."
[expect] "One thing strikes me. When you say the continuous space of pitch, that sounds linear. It’s actually the space of vibration of harmonics of Fourier transforms. People probably don’t have a sense of that but it’s not just a number line."
[send] "One thing strikes me. When you say the continuous space of pitch, that sounds linear. It’s actually the space of vibration of harmonics of Fourier transforms. People probably don’t have a sense of that but it’s not just a number line."

Test 2026-06-20.19-59-03:
[key] "I"
[key] " think the"
[key] " to"
[key] "ol is"
[key] " not"
[key] " firing"
[key] " because"
[key] " you are not"
[key] " using"
[key] " the An"
[key] "thro"
[del] 6
[key] "anthropic"
[key] " native"
[key] " to"
[key] "ol"
[key] " call"
[key] " not"
[key] "ation"
[key] " correctly"
[cur] 0
[cur] 106
[cur] 8
[del] 5
[cur] 5
[key] "sus"
[cur] 9
[key] "pect"
[cur] 2
[del] 7
[cur] 9
[key] "suspect"
[expect] "I suspect the tool is not firing because you are not using the anthropic native tool call notation correctly"
[send] "I suspect the tool is not firing because you are not using the anthropic native tool call notation correctly"

Test 2026-06-20.20-21-22:
[key] "No"
[key] "w"
[key] " we need to"
[key] " add"
[key] " oh"
[del] 2
[key] "03"
[key] "9"
[key] " to the"
[key] " TO"
[key] "C"
[cur] 0
[del] 33
[key] "Now we need to add 039 to the TOC"
[expect] "Now we need to add 039 to the TOC"
[send] "Now we need to add 039 to the TOC"

Test 2026-06-20.20-22-03:
[key] "I"
[key] " was"
[key] " thinking of"
[key] " putting oh"
[del] 2
[key] "03"
[key] "9"
[key] " in"
[key] " either"
[key] " frame"
[key] "works"
[key] " or"
[key] " bound"
[key] "aries"
[cur] 0
[del] 64
[key] "I was thinking of putting 039 in either frameworks or boundaries"
[expect] "I was thinking of putting 039 in either frameworks or boundaries"
[send] "I was thinking of putting 039 in either frameworks or boundaries"

Test 2026-06-20.20-24-27:
[key] "L"
[key] "et’s "
[key] "p"
[key] "ut i"
[key] "t "
[key] "in"
[key] " fra"
[key] "mew"
[key] "ork"
[key] "s"
[cur] 0
[cur] 26
[key] " "
[del] 1
[key] "."
[key] " "
[mic] on
[mic] "Can"
[mic] "Can be"
[mic] "Can be at"
[mic] "Can be at the"
[mic] "Can be at the end"
[mic] off
[expect] "Let’s put it in frameworks. Can be at the end"
[send] "Let’s put it in frameworks. Can be at the end"

Test 2026-06-20.20-35-42:
[key] "G"
[key] "o"
[expect] "Go"
[send] "Go"

Test 2026-06-20.20-42-22:
[key] " "
[key] "I"
[key] " want to do"
[key] " a"
[key] " riff"
[key] " on the"
[key] " world"
[key] " of"
[key] " vibration"
[key] "s"
[cur] 1
[cur] 47
[key] " "
[del] 1
[key] "."
[key] " "
[key] "I f"
[key] "eel"
[key] " like"
[key] " there’s"
[key] " something"
[key] " in"
[key] " here"
[key] ", but I"
[key] " can’t"
[key] " find"
[key] " it"
[key] " in the"
[key] " talk."
[cur] 49
[cur] 120
[cur] 119
[del] 1
[key] "."
[cur] 114
[del] 6
[key] " "
[key] "t"
[key] "o"
[key] "c"
[del] 3
[key] "TOC"
[key] " "
[del] 1
[key] "."
[key] " "
[key] "W"
[key] "her"
[key] "e"
[key] " else do"
[key] " we talk"
[key] " about"
[key] " them?"
[cur] 120
[del] 33
[key] "Where else do we talk about them?"
[expect] " I want to do a riff on the world of vibrations. I feel like there’s something in here, but I can’t find it in the TOC. Where else do we talk about them?"
[send] "I want to do a riff on the world of vibrations. I feel like there’s something in here, but I can’t find it in the TOC. Where else do we talk about them?"

Test 2026-06-20.20-43-16:
[key] "O"
[key] "K"
[cur] 0
[cur] 2
[key] " "
[del] 1
[key] "."
[key] " "
[key] "Use"
[key] " An"
[key] "thr"
[key] "opi"
[key] "c t"
[key] "ool"
[key] " ca"
[key] "lls"
[key] "."
[cur] 4
[cur] 29
[cur] 4
[del] 3
[key] "E"
[cur] 6
[key] "m"
[cur] 7
[key] "i"
[cur] 8
[key] "t"
[cur] 9
[key] " "
[cur] 10
[key] "j"
[cur] 11
[key] "s"
[cur] 12
[key] "o"
[cur] 13
[key] "n"
[cur] 14
[key] " "
[cur] 15
[key] "w"
[cur] 16
[key] "i"
[cur] 17
[key] "t"
[cur] 18
[key] "h"
[expect] "OK. Emit json with Anthropic tool calls."
[send] "OK. Emit json with Anthropic tool calls."

Test 2026-06-20.21-04-00:
[key] " "
[cur] 0
[del] 1
[key] "I"
[key] " want"
[key] " to"
[key] " call"
[key] " it"
[key] " vibration"
[key] "s"
[key] " and it"
[key] " belongs"
[key] " in"
[key] " Cos"
[del] 1
[key] "cosm"
[cur] 0
[cur] 53
[key] " "
[del] 1
[key] "."
[key] " "
[key] " "
[key] " "
[key] "We"
[key] " tend to"
[key] " think"
[key] " of"
[key] " vibration"
[key] "s"
[key] " through the"
[key] " chart of"
[key] " a"
[key] " sign"
[key] " wave"
[key] " or other"
[key] " wave"
[key] " for"
[key] "m"
[key] "s"
[key] " in two"
[key] " dim"
[key] "ension"
[key] "s"
[key] " one is"
[del] 7
[key] ". One is time"
[del] 12
[key] " one is time and th"
[key] " other"
[key] " is"
[key] " something"
[key] " moving up"
[key] " and"
[key] " down"
[cur] 57
[cur] 216
[key] " "
[key] " "
[key] " "
[key] " "
[key] "But"
[key] " something"
[key] " moved up"
[key] " and"
[key] " down"
[key] " in"
[key] " three dim"
[key] "ension"
[key] "s"
[key] " so vibration"
[key] "s"
[key] " are"
[key] " four"
[key] " dim"
[key] "ension"
[key] "al"
[cur] 220
[cur] 306
[key] " "
[key] " "
[key] " "
[key] " "
[key] "Al"
[key] "so, w"
[key] "e"
[key] " tend"
[key] " to think"
[key] " of"
[key] " vibration"
[key] "s"
[key] " as"
[key] " repeating"
[key] " like a"
[key] " sign"
[key] " wave"
[key] " or a wheel"
[del] 28
[key] ", like a sign wave or a wheel turning"
[cur] 310
[cur] 396
[key] " "
[key] " "
[cur] 397
[del] 1
[key] "m"
[key] "."
[key] " "
[key] " "
[cur] 400
[del] 1
[cur] 399
[del] 1
[cur] 398
[del] 1
[cur] 397
[del] 1
[cur] 396
[del] 1
[key] " "
[del] 1
[key] "."
[key] " "
[key] "Inde"
[key] "ed."
[del] 1
[key] " it’s easy"
[key] " to"
[key] " see"
[key] " how"
[key] " a"
[key] " wheel"
[key] " turn"
[key] "ing"
[key] " is"
[key] " what produce"
[key] "s a side"
[key] " wave"
[key] "."
[cur] 398
[cur] 471
[cur] 465
[cur] 464
[del] 1
[cur] 463
[del] 1
[cur] 464
[key] "n"
[cur] 465
[key] "e"
[cur] 471
[key] " "
[key] " "
[key] "But"
[key] " waves"
[key] " come"
[key] " in"
[key] " all shape"
[key] "s"
[key] " and they"
[key] " changed"
[key] " dynamic"
[key] "ally"
[cur] 473
[cur] 530
[key] " "
[del] 1
[key] "."
[key] " "
[key] "So "
[key] "if"
[key] " something"
[key] " is moving"
[key] "."
[del] 1
[key] " like"
[key] " a read"
[key] " in an."
[key] " oboe"
[cur] 581
[key] " "
[cur] 582
[key] "o"
[cur] 583
[key] "r"
[cur] 584
[key] " "
[cur] 585
[key] "a"
[cur] 586
[key] " "
[cur] 585
[del] 1
[cur] 586
[key] "n"
[cur] 587
[key] " "
[cur] 588
[key] "ear"
[cur] 591
[key] " drum"
[cur] 587
[cur] 595
[cur] 596
[key] " "
[cur] 597
[key] "or"
[cur] 599
[key] " "
[cur] 600
[key] "on"
[cur] 602
[key] " an elect"
[cur] 611
[key] "ron"
[cur] 614
[del] 11
[key] "electron spinning around"
[cur] 627
[del] 24
[key] "an electron spinning around a"
[cur] 632
[key] " nucleus"
[cur] 599
[del] 40
[cur] 600
[key] "on an electron spinning around a nucleus"
[cur] 640
[cur] 639
[del] 1
[key] " "
[cur] 614
[cur] 615
[key] "l"
[cur] 569
[del] 3
[cur] 567
[key] "e"
[cur] 568
[key] "e"
[cur] 569
[key] "d"
[cur] 641
[cur] 613
[cur] 598
[del] 43
[cur] 597
[del] 1
[cur] 596
[del] 1
[cur] 535
[cur] 531
[del] 65
[key] " "
[cur] 519
[cur] 518
[del] 1
[cur] 517
[del] 1
[cur] 518
[key] " "
[cur] 531
[cur] 530
[del] 1
[cur] 529
[del] 1
[key] "."
[cur] 529
[del] 1
[key] ","
[key] " "
[key] "￼"
[cur] 531
[del] 1
[cur] 18
[cur] 19
[key] "“"
[cur] 29
[cur] 30
[key] "”"
[cur] 57
[cur] 58
[key] " "
[cur] 59
[key] " "
[cur] 61
[key] "It"
[cur] 63
[key] "’s"
[cur] 68
[key] " hard"
[cur] 71
[key] " to"
[cur] 82
[key] " appreciate"
[cur] 86
[key] " how"
[cur] 97
[key] " everything"
[cur] 104
[key] " really"
[cur] 115
[key] " everything"
[cur] 123
[key] " is made"
[cur] 126
[key] " up"
[cur] 129
[key] " of"
[cur] 139
[key] " vibration"
[cur] 140
[key] "s"
[cur] 59
[cur] 140
[cur] 141
[key] " "
[del] 1
[key] "."
[cur] 142
[key] " "
[cur] 141
[del] 1
[cur] 140
[del] 1
[cur] 141
[key] ","
[cur] 142
[key] " "
[cur] 143
[key] "t"
[cur] 146
[key] "hat"
[cur] 149
[key] " is"
[cur] 157
[key] " disturb"
[cur] 161
[key] "ance"
[cur] 162
[key] "s"
[cur] 167
[key] " that"
[cur] 171
[key] " pro"
[cur] 177
[key] "pagate"
[cur] 142
[cur] 177
[cur] 150
[cur] 147
[cur] 150
[cur] 147
[cur] 150
[cur] 147
[cur] 149
[cur] 150
[cur] 149
[cur] 150
[key] ","
[cur] 654
[key] "a"
[key] "n"
[key] "d t"
[key] "hos"
[key] "e"
[key] " change"
[key] "s"
[key] " are"
[key] " information"
[cur] 654
[cur] 687
[key] " "
[del] 1
[key] "."
[key] " "
[cur] 675
[cur] 689
[cur] 687
[cur] 676
[cur] 687
[cur] 689
[key] "T"
[key] "h"
[key] "e s"
[key] "oun"
[key] "d"
[key] " of a"
[key] " tree"
[key] " falling"
[key] " in"
[key] " the"
[key] " forest."
[key] " is"
[cur] 734
[key] " d"
[cur] 736
[key] "iffer"
[cur] 741
[key] "e"
[cur] 742
[key] "nt"
[cur] 744
[key] " from the"
[cur] 753
[key] " sound"
[cur] 759
[key] " of"
[cur] 762
[key] " a"
[cur] 764
[key] " bird"
[cur] 769
[key] " chirp"
[cur] 775
[key] "ing"
[cur] 778
[key] " or your"
[cur] 786
[key] " heart"
[cur] 792
[key] " be"
[cur] 795
[key] "ating when"
[cur] 805
[key] " you"
[cur] 809
[key] "’re still"
[cur] 733
[cur] 734
[cur] 817
[cur] 818
[key] " "
[key] " "
[key] "A"
[key] "nd "
[key] "it"
[key] "’s"
[key] " different."
[del] 1
[key] " from"
[key] " the color"
[key] " of"
[key] " the"
[key] " bird."
[del] 1
[key] " or the"
[key] " warm"
[del] 11
[key] "are the warmth of"
[key] " your heart."
[cur] 820
[cur] 895
[key] " "
[key] " "
[key] " "
[key] " "
[key] "￼"
[cur] 899
[del] 1
[key] "W"
[key] "hen"
[key] " yo"
[key] "u"
[key] " drop"
[key] " a pebble"
[key] " and it’s"
[key] " still"
[key] " pond"
[cur] 899
[cur] 941
[cur] 930
[del] 8
[cur] 925
[key] "in "
[cur] 926
[key] "a"
[cur] 922
[cur] 926
[cur] 937
[key] ","
[key] " "
[mic] on
[mic] "It"
[mic] "It push"
[mic] "It pushes"
[mic] "It pushes the"
[mic] "It pushes the water"
[mic] "It pushes the water away"
[mic] "It pushes the water away that"
[mic] "It pushes the water away that's"
[mic] "It pushes the water away that's a"
[mic] "It pushes the water away that's a single"
[mic] "It pushes the water away that's a single ring"
[mic] "It pushes the water away that's a single ring moving"
[mic] "It pushes the water away that's a single ring moving in two"
[mic] "It pushes the water away that's a single ring moving into two"
[mic] "It pushes the water away that's a single ring, moving into dimension"
[mic] "It pushes the water away that's a single ring moving into dimensions"
[mic] "It pushes the water away that's a single ring, moving into dimensions it"
[mic] "It pushes the water away that's a single ring moving into dimensions. It's"
[mic] "It pushes the water away that's a single ring moving into dimensions. It's a"
[mic] "It pushes the water away that's a single ring moving into dimensions. It's a circle"
[mic] "It pushes the water away that's a single ring moving into dimensions. It's a circle."
[mic] "It pushes the water away that's a single ring moving into dimensions. It's a circle you"
[mic] "It pushes the water away that's a single ring moving into dimensions. It's a circle you don"
[mic] "It pushes the water away that's a single ring moving into dimensions. It's a circle you don't"
[mic] "It pushes the water away. That's a single ring moving into dimensions. It's a circle. You don't see"
[mic] "It pushes the water away. That's a single ring moving into dimensions. It's a circle. You don't see it"
[mic] "It pushes the water away. That's a single ring moving into dimensions. It's a circle. You don't see it moving"
[mic] "It pushes the water away. That's a single ring moving into dimensions. It's a circle. You don't see it moving in"
[mic] "It pushes the water away. That's a single ring moving into dimensions. It's a circle. You don't see it moving in the"
[mic] "It pushes the water away that's a single ring moving into dimensions. It's a circle. You don't see it moving in the third"
[mic] "It pushes the water away that's a single ring moving into dimensions. It's a circle. You don't see it moving in the third. De"
[mic] "It pushes the water away that's a single ring moving into dimensions. It's a circle. You don't see it moving in the third dimension"
[mic] "It pushes the water away that's a single ring moving into dimensions. It's a circle. You don't see it moving in the third dimension down"
[mic] "It pushes the water away that's a single ring moving into dimensions. It's a circle. You don't see it moving in the third dimension down into"
[mic] "It pushes the water away that's a single ring moving into dimensions. It's a circle. You don't see it moving in the third dimension down into the"
[mic] "It pushes the water away that's a single ring moving into dimensions. It's a circle. You don't see it moving in the third dimension down into the water"
[mic] "It pushes the water away that's a single ring moving into dimensions. It's a circle. You don't see it moving in the third dimension down into the water."
[mic] "It pushes the water away that's a single ring moving into dimensions. It's a circle. You don't see it moving in the third dimension down into the water, but"
[mic] "It pushes the water away that's a single ring moving into dimensions. It's a circle. You don't see it moving in the third dimension down into the water, but that"
[mic] "It pushes the water away that's a single ring moving into dimensions. It's a circle. You don't see it moving in the third dimension down into the water, but that's"
[mic] "It pushes the water away that's a single ring moving into dimensions. It's a circle. You don't see it moving in the third dimension down into the water, but that's happening"
[mic] "It pushes the water away that's a single ring moving into dimensions. It's a circle. You don't see it moving in the third dimension down into the water, but that's happening."
[mic] "It pushes the water away that's a single ring moving into dimensions. It's a circle. You don't see it moving in the third dimension down into the water, but that's happening too"
[mic] "It pushes the water away that's a single ring moving into dimensions. It's a circle. You don't see it moving in the third dimension down into the water, but that's happening too."
[cur] 1081
[cur] 1075
[cur] 1117
[cur] 1074
[cur] 1073
[cur] 1072
[cur] 1071
[mic] "And"
[mic] "And because"
[mic] "And because the"
[mic] "And because the water"
[mic] "And because the water is"
[mic] "And because the water is comp"
[mic] "And because the water is compress"
[mic] "And because the water is compressible"
[cur] 1074
[del] 38
[cur] 1117
[key] " "
[pause]
[fix] "You don't see it moving in the third dimension down into the water, but that's happening too. " -> "You don't see it moving in the third dimension down into the water, but that's happening too."
[key] " "
[key] "and because the water is compressible "
[pause]
[fix] "and because the water is compressible " -> "and because the water is compressible"
[key] ","
[key] " "
[pause]
[fix] "and because the water is compressible, " -> "and because the water is compressible."
[mic] "It"
[mic] "It push"
[mic] "It pushes"
[mic] "It pushes back"
[mic] "It pushes back up"
[cur] 1130
[cur] 1131
[cur] 1130
[cur] 1129
[del] 1
[cur] 1128
[del] 1
[cur] 1129
[key] "e"
[cur] 1130
[key] " "
[cur] 1174
[key] " "
[pause]
[fix] "It pushes back up " -> "It pushes back up."
[cur] 1174
[del] 1
[key] " "
[mic] off
[pause]
[fix] "It pushes back up " -> "It pushes back up."
[key] " and"
[key] " make"
[key] "s"
[key] " another ring"
[cur] 1175
[cur] 1176
[cur] 1198
[key] " "
[key] "an"
[key] "d t"
[key] "ake"
[key] "s a"
[key] " while to"
[key] " settle"
[cur] 1199
[cur] 1226
[key] " "
[del] 1
[key] "."
[key] " "
[key] " "
[key] " "
[pause]
[fix] "and makes another ring and takes a while to settle.   " -> "And makes another ring and takes a while to settle."
[key] " "
[key] " "
[pause]
[fix] "And makes another ring and takes a while to settle.  " -> "And makes another ring, then takes a while to settle."
[key] " "
[key] " "
[pause]
[fix] "And makes another ring, and takes a while to settle.  " -> "And makes another ring, and takes a while to settle."
[key] " If"
[key] " you"
[key] " drop"
[key] " two"
[key] " stones"
[key] " in"
[key] " the"
[key] " steel Po"
[del] 8
[key] "Stillpond"
[pause]
[fix] "If you drop two stones in the Stillpond" -> "If you drop two stones in the Stillpond."
[key] " both"
[cur] 1274
[del] 5
[key] ", both will make"
[cur] 1285
[key] " wave"
[cur] 1290
[key] "s"
[pause]
[fix] "If you drop two stones in the Stillpond, both will make waves." -> NONE
[cur] 1291
[key] " and the waves"
[cur] 1305
[key] " will"
[cur] 1310
[key] " cross"
[cur] 1316
[key] " each other"
[cur] 1327
[key] " and"
[cur] 1331
[key] " inter"
[cur] 1337
[key] "fere"
[cur] 1341
[key] " making a"
[cur] 1350
[key] " beautiful"
[cur] 1360
[key] " pattern"
[pause]
[fix] "If you drop two stones in the Stillpond, both will make waves and the waves will cross each other and interfere making a beautiful pattern." -> "If you drop two stones in the Stillpond, both will make waves, and the waves will cross each other and interfere, making a beautiful pattern."
[cur] 1370
[key] " If you drop two stones in the Stillpond, both will make waves and the waves will cross each other and interfere making a beautiful pattern"
[cur] 1377
[pause]
[fix] "If you drop two stones in the Stillpond, both will make waves, and the waves will cross each other and interfere, making a beautiful pattern If you drop two stones in the Stillpond, both will make waves and the waves will cross each other and interfere making a beautiful pattern." -> "If you drop two stones in the Stillpond, both will make waves, and the waves will cross each other and interfere, making a beautiful pattern."
[cur] 1509
[key] " "
[key] " "
[pause]
[fix] "If you drop two stones in the Stillpond, both will make waves, and the waves will cross each other and interfere, making a beautiful pattern If you drop two stones in the Stillpond, both will make waves and the waves will cross each other and interfere making a beautiful pattern.  " -> "If you drop two stones in the Stillpond, both will make waves, and the waves will cross each other and interfere, making a beautiful pattern."
[key] "￼"
[key] " "
[cur] 1512
[del] 1
[cur] 1512
[key] " "
[cur] 1513
[key] " "
[pause]
[fix] "If you drop two stones in the Stillpond, both will make waves, and the waves will cross each other and interfere, making a beautiful pattern If you drop two stones in the Stillpond, both will make waves and the waves will cross each other and interfere making a beautiful pattern.     " -> "If you drop two stones in the Stillpond, both will make waves, and the waves will cross each other and interfere, making a beautiful pattern."
[cur] 1514
[key] "In"
[cur] 1516
[key] " a"
[cur] 1518
[key] " concert"
[cur] 1526
[key] " hall"
[cur] 1531
[key] " with"
[cur] 1536
[key] " 60"
[cur] 1539
[key] " instrument"
[cur] 1550
[key] "s"
[cur] 1551
[key] " playing"
[pause]
[fix] "In a concert hall with 60 instruments playing " -> "In a concert hall with 60 instruments playing"
[cur] 1558
[key] " "
[key] " "
[cur] 1559
[del] 1
[key] "t"
[key] "her"
[key] "e"
[key] " are"
[key] " complex"
[pause]
[fix] "In a concert hall with 60 instruments playing there are complex" -> "In a concert hall with 60 instruments playing, there are complex arrangements."
[key] " vibration"
[key] "s"
[pause]
[fix] "In a concert hall with 60 instruments playing there are complex vibrations" -> "In a concert hall with 60 instruments playing, there are complex vibrations."
[key] ", em"
[cur] 1593
[key] "erging"
[cur] 1599
[key] ", and three dim"
[cur] 1614
[del] 15
[key] " in three dimension"
[cur] 1618
[key] "s"
[cur] 1619
[key] " from"
[cur] 1624
[key] " each"
[cur] 1629
[key] " in"
[cur] 1632
[key] "strument"
[pause]
[fix] "In a concert hall with 60 instruments playing, there are complex vibrations, emerging in three dimensions from each instrument." -> "In a concert hall with 60 instruments playing, there are complex vibrations emerging in three dimensions from each instrument."
[cur] 1639
[key] " there are complex vibrations, emerging in three dimensions from each instrument"
[cur] 1719
[key] ","
[cur] 1720
[key] " "
[pause]
[fix] "In a concert hall with 60 instruments playing, there are complex vibrations emerging in three dimensions from each instrument there are complex vibrations, emerging in three dimensions from each instrument, ." -> "In a concert hall with 60 instruments playing, there are complex vibrations emerging in three dimensions from each instrument."
[mic] on
[mic] "And"
[mic] "And very"
[mic] "And very young"
[mic] "And very young with"
[mic] "And very young with the"
[mic] "And very angry with the"
[mic] "And very angry with the quality"
[mic] "And very angry with the quality of"
[mic] "And very angry with the quality of the"
[mic] "And very angry with the quality of the in"
[mic] "And very angry with the quality of the ins"
[mic] "And very angry with the quality of the instrument"
[cur] 1645
[del] 9
[cur] 1726
[key] "a"
[cur] 1727
[key] "r"
[cur] 1728
[key] "y"
[cur] 1729
[key] "i"
[cur] 1730
[key] "n"
[cur] 1731
[key] "g"
[cur] 1768
[cur] 1767
[del] 1
[cur] 1766
[del] 1
[key] "."
[key] " "
[cur] 1686
[cur] 1683
[cur] 1686
[pause]
[fix] "In a concert hall with 60 instruments playing, there are complex vibrations emerging in three dimensions from each instrument there are complex vibrations, emerging in three dimensions from each instrument, and varying with the quality of the instrument. " -> "In a concert hall with 60 instruments playing, there are complex vibrations emerging in three dimensions from each instrument. There are complex vibrations, emerging in three dimensions from each instrument, and varying with the quality of the instrument."
[cur] 1642
[cur] 1645
[cur] 1686
[cur] 1721
[cur] 1645
[del] 4
[cur] 1764
[cur] 1763
[del] 1
[key] ","
[key] " "
[mic] off
[key] "bo"
[key] "unc"
[key] "e"
[del] 1
[key] "ing"
[key] " off"
[key] " the wall"
[key] "s"
[cur] 1765
[cur] 1787
[key] ","
[key] " "
[pause]
[fix] "e are complex vibrations, emerging in three dimensions from each instrument, and varying with the quality of the instrument, bouncing off the walls, " -> "We are complex vibrations, emerging in three dimensions from each instrument, and varying with the quality of the instrument, bouncing off the walls."
[key] " "
[key] "int"
[key] "er"
[key] "fering, and"
[key] " Rain"
[del] 10
[key] " and reinforcing"
[del] 16
[key] ", and reinforcing one"
[key] " another"
[cur] 1789
[cur] 1790
[cur] 1830
[key] "."
[key] " "
[cur] 1831
[del] 1
[cur] 1830
[del] 1
[key] ","
[key] " "
[pause]
[fix] "interfering, and reinforcing one another, " -> "Interfering and reinforcing one another."
[key] " "
[key] "like"
[key] " a cry"
[del] 3
[key] "Crystal"
[key] " and"
[key] " Ghosh"
[del] 4
[key] "ossamer"
[key] "h"
[cur] 1850
[cur] 1846
[del] 4
[cur] 1845
[del] 1
[cur] 1846
[key] "l"
[cur] 1847
[key] "i"
[cur] 1848
[key] "n"
[cur] 1849
[key] "e"
[del] 6
[key] "rystal"
[cur] 1838
[pause]
[fix] "like a Crystalline Gossamer" -> NONE
[cur] 1839
[cur] 1838
[del] 1
[cur] 1839
[key] "c"
[pause]
[fix] "like a crystalline Gossamer" -> "Like a crystalline gossamer."
[cur] 1859
[cur] 1850
[cur] 1851
[cur] 1852
[cur] 1851
[del] 1
[cur] 1850
[del] 1
[cur] 1851
[key] "g"
[cur] 1852
[key] "o"
[cur] 1849
[pause]
[fix] "Like a crystalline gossamer." -> NONE
[cur] 1850
[key] ","
[cur] 1860
[key] " "
[key] " "
[cur] 1861
[del] 1
[cur] 1860
[del] 1
[cur] 1859
[del] 1
[key] " "
[key] "w"
[key] "e"
[key] "b"
[key] " "
[del] 1
[key] "."
[key] " "
[pause]
[fix] "Like a crystalline, gossamer web. " -> "Like a crystalline, gossamer web."
[key] " "
[key] " "
[pause]
[fix] "Like a crystalline, gossamer web.  " -> "Like a crystalline, gossamer web."
[key] " y"
[key] "our"
[key] " ear"
[key] "s pick up"
[key] " sub"
[key] "tle"
[key] " difference"
[key] "s"
[key] " that"
[key] " let"
[key] " you."
[del] 41
[key] ", pick up subtle differences that let you not only"
[key] " ident"
[key] "ify"
[key] " what"
[key] " ins"
[key] "trument"
[key] "s are"
[key] " playing"
[key] ", but"
[key] " where"
[key] " they"
[del] 104
[key] " pick up subtle differences that let you not only identify what instruments are playing, but where they’re coming"
[key] " from"
[cur] 1864
[cur] 1865
[cur] 1992
[cur] 1865
[pause]
[fix] "your ears pick up subtle differences that let you not only identify what instruments are playing, but where they’re coming from" -> "Your ears pick up subtle differences that let you not only identify what instruments are playing, but where they're coming from."
[cur] 1867
[key] "If"
[cur] 1868
[key] " "
[cur] 1873
[key] "your "
[cur] 1877
[key] "sen "
[cur] 1878
[key] "s"
[pause]
[fix] "If your sens your ears pick up subtle differences that let you not only identify what instruments are playing, but where they’re coming from" -> "If your senses pick up subtle differences that let you not only identify what instruments are playing, but where they're coming from."
[cur] 1878
[key] "i"
[cur] 1879
[key] "t"
[cur] 1880
[key] "i"
[cur] 1881
[key] "v"
[cur] 1882
[key] "e"
[cur] 1883
[key] ","
[cur] 1884
[key] " "
[cur] 1883
[del] 1
[cur] 1873
[cur] 1872
[del] 1
[cur] 1873
[key] "e"
[cur] 1874
[key] " "
[cur] 2012
[key] "."
[key] " "
[key] " "
[pause]
[fix] "If youre sensitive, your ears pick up subtle differences that let you not only identify what instruments are playing, but where they’re coming from.  " -> "If you're sensitive, your ears pick up subtle differences that let you not only identify what instruments are playing, but where they're coming from."
[cur] 1874
[cur] 1872
[key] "’"
[cur] 1874
[pause]
[fix] "If you’re sensitive, your ears pick up subtle differences that let you not only identify what instruments are playing, but where they’re coming from.  " -> "If you're sensitive, your ears pick up subtle differences that let you not only identify what instruments are playing, but where they're coming from."
[cur] 2014
[cur] 2015
[key] " "
[cur] 2016
[key] " "
[pause]
[fix] "If you’re sensitive, your ears pick up subtle differences that let you not only identify what instruments are playing, but where they’re coming from.    " -> "If you're sensitive, your ears pick up subtle differences that let you not only identify what instruments are playing, but where they're coming from."
[cur] 2017
[key] "("
[cur] 2018
[key] "("
[pause]
[fix] "((  " -> "(("
[cur] 2018
[key] "I"
[key] " realize"
[key] " the"
[key] " Strong"
[cur] 2018
[cur] 2038
[key] " "
[cur] 2031
[del] 8
[key] " "
[pause]
[fix] "((I realize the " -> "I realize the"
[cur] 2016
[cur] 2017
[key] "("
[cur] 2018
[key] "("
[cur] 2031
[key] " "
[pause]
[fix] "((I realize the " -> "I realize the"
[key] " "
[key] "inspi"
[key] "r"
[key] "ati"
[key] "on"
[key] " I"
[key] " had"
[key] " earlier"
[cur] 2029
[cur] 2055
[key] " "
[pause]
[fix] "I realize the inspiration I had earlier " -> "I realize the inspiration I had earlier."
[key] " "
[key] "he"
[key] "’s fa"
[key] "ding"
[cur] 2056
[cur] 2068
[cur] 2061
[cur] 2056
[del] 5
[cur] 2055
[del] 1
[cur] 2056
[key] " "
[cur] 2057
[key] "i"
[cur] 2058
[key] "s"
[cur] 2059
[del] 2
[key] "I’d"
[cur] 2066
[del] 3
[key] "is"
[cur] 2065
[key] " "
[del] 1
[key] "."
[key] " "
[pause]
[fix] "I realize the inspiration I had earlier is fading. " -> "I realize the inspiration I had earlier is fading."
[key] " I"
[key] "’m"
[key] " tired."
[cur] 2066
[cur] 2077
[key] " "
[key] " "
[cur] 2078
[del] 1
[pause]
[fix] "I’m tired. " -> "I'm tired."
[cur] 2065
[cur] 2066
[key] " "
[cur] 2069
[key] "and"
[cur] 2071
[key] " I"
[cur] 2075
[key] " don"
[cur] 2086
[key] "’t remember"
[cur] 2091
[key] " what"
[cur] 2093
[key] " I"
[cur] 2100
[key] " really"
[cur] 2110
[key] " wanted to"
[cur] 2115
[key] " talk"
[cur] 2121
[key] " about"
[cur] 2066
[cur] 2121
[cur] 2134
[key] "A"
[key] "nd"
[key] " ge"
[key] "t b"
[key] "ack"
[key] " to this"
[key] " Slater"
[key] "."
[cur] 2161
[del] 1
[cur] 2161
[key] "And get back to this later. "
[cur] 2137
[cur] 2138
[cur] 2159
[cur] 2157
[cur] 2158
[del] 8
[key] "l"
[cur] 2157
[key] "a"
[cur] 2158
[key] "t"
[cur] 2159
[key] "e"
[cur] 2160
[key] "r"
[cur] 2163
[cur] 2137
[del] 3
[key] "I"
[cur] 2136
[key] "l"
[cur] 2137
[key] "l"
[pause]
[fix] "later." -> "Later."
[del] 13
[cur] 2158
[cur] 2159
[cur] 2154
[del] 5
[cur] 2167
[cur] 2161
[del] 6
[cur] 2160
[del] 1
[pause]
[fix] "Ill get back to this later." -> "I'll get back to this later."
[cur] 2018
[cur] 2016
[cur] 2017
[key] "("
[cur] 2018
[key] "("
[cur] 2164
[key] "("
[key] ")"
[key] ")"
[cur] 2166
[del] 1
[cur] 2165
[del] 1
[cur] 2164
[del] 1
[key] ")"
[key] ")"
[pause]
[fix] "))" -> NONE
[expect] "I want to call it “vibrations” and it belongs in cosmos.   It’s hard to appreciate how everything really everything is made up of vibrations, that is, disturbances that propagate  We tend to think of vibrations through the chart of a sign wave or other wave forms in two dimensions one is time and the other is something moving up and down    But something moved up and down in three dimensions so vibrations are four dimensional    Also, we tend to think of vibrations as repeating, like a sign wave or a wheel turning. Indeed it’s easy to see how a wheel turning is what produces a sine wave.  But waves come in all shapes and they change dynamically, and those changes are information. The sound of a tree falling in the forest is different from the sound of a bird chirping or your heart beating when you’re still.  And it’s different from the color of the bird are the warmth of your heart.    When you drop a pebble in a still pond, it pushes the water away that's a single ring moving into dimensions. It's a circle. You don't see it moving in the third dimension down into the water, but that's happening too. and because the water is compressible. It pushes back up. And makes another ring, and takes a while to settle. If you drop two stones in the Stillpond, both will make waves, and the waves will cross each other and interfere, making a beautiful pattern If you drop two stones in the Stillpond, both will make waves and the waves will cross each other and interfere making a beautiful pattern.    In a concert hall with 60 instruments playing, there are complex vibrations emerging in three dimensions from each instrument. We are complex vibrations, emerging in three dimensions from each instrument, and varying with the quality of the instrument, bouncing off the walls. Interfering and reinforcing one another. Like a crystalline, gossamer web. If you’re sensitive, your ears pick up subtle differences that let you not only identify what instruments are playing, but where they’re coming from.  ((I realize the inspiration I had earlier is fading and I don’t remember what I really wanted to talk about. I’m tired. I'll get back to this later.))"
[send] "I want to call it “vibrations” and it belongs in cosmos.   It’s hard to appreciate how everything really everything is made up of vibrations, that is, disturbances that propagate  We tend to think of vibrations through the chart of a sign wave or other wave forms in two dimensions one is time and the other is something moving up and down    But something moved up and down in three dimensions so vibrations are four dimensional    Also, we tend to think of vibrations as repeating, like a sign wave or a wheel turning. Indeed it’s easy to see how a wheel turning is what produces a sine wave.  But waves come in all shapes and they change dynamically, and those changes are information. The sound of a tree falling in the forest is different from the sound of a bird chirping or your heart beating when you’re still.  And it’s different from the color of the bird are the warmth of your heart.    When you drop a pebble in a still pond, it pushes the water away that's a single ring moving into dimensions. It's a circle. You don't see it moving in the third dimension down into the water, but that's happening too. and because the water is compressible. It pushes back up. And makes another ring, and takes a while to settle. If you drop two stones in the Stillpond, both will make waves, and the waves will cross each other and interfere, making a beautiful pattern If you drop two stones in the Stillpond, both will make waves and the waves will cross each other and interfere making a beautiful pattern.    In a concert hall with 60 instruments playing, there are complex vibrations emerging in three dimensions from each instrument. We are complex vibrations, emerging in three dimensions from each instrument, and varying with the quality of the instrument, bouncing off the walls. Interfering and reinforcing one another. Like a crystalline, gossamer web. If you’re sensitive, your ears pick up subtle differences that let you not only identify what instruments are playing, but where they’re coming from.  ((I realize the inspiration I had earlier is fading and I don’t remember what I really wanted to talk about. I’m tired. I'll get back to this later.))"

