Test 2026-06-07.12-14-22:
[key] "I"
[key] " "
[key] "am"
[key] " relaxing"
[key] ", and"
[del] 5
[key] " and breathing"
[key] " today"
[cur] 0
[cur] 33
[key] " "
[key] "just"
[key] " like you"
[key] " advised"
[cur] 34
[cur] 55
[key] " "
[del] 1
[key] "."
[key] " "
[key] " "
[pause]
[fix] "I am relaxing and breathing today just like you advised.  " -> NONE
[mic] on
[mic] "But"
[mic] "But I"
[mic] "But I just"
[mic] "But I just remember"
[mic] "But I just remembered"
[mic] "But I just remembered that"
[mic] "But I just remembered that the"
[mic] "But I just remembered that the latest"
[mic] "But I just remembered that the latest version"
[mic] "But I just remembered that the latest version is"
[mic] "But I just remembered that the latest version is supposed"
[mic] "But I just remembered that the latest version is supposed to"
[mic] "But I just remembered that the latest version is supposed to let"
[mic] "But I just remembered that the latest version is supposed to let me"
[pause]
[context] "I am relaxing and breathing today just like you advised.  "
[fix] "But I just remembered that the latest version is supposed to let me" -> "But I just remembered that the latest version is"
[mic] "But I just remembered that the latest version is supposed to let me see"
[mic] "But I just remembered that the latest version is supposed to let me see and"
[pause]
[context] "I am relaxing and breathing today just like you advised.  "
[fix] "But I just remembered that the latest version is supposed to let me see and" -> "But I just remembered that the latest version is supposed to"
[mic] "But I just remembered that the latest version is supposed to let me see and settle"
[pause]
[context] "I am relaxing and breathing today just like you advised.  "
[fix] "But I just remembered that the latest version is supposed to let me see and settle" -> "But I just remembered that the latest version is supposed to let me see"
[mic] "But I just remembered that the latest version is supposed to let me see and settle pro"
[mic] "But I just remembered that the latest version is supposed to let me see and settle propos"
[mic] "But I just remembered that the latest version is supposed to let me see and settle proposal"
[mic] "But I just remembered that the latest version is supposed to let me see and settle proposals"
[mic] "But I just remembered that the latest version is supposed to let me see and settle proposals in"
[mic] "But I just remembered that the latest version is supposed to let me see and settle proposals in the"
[mic] "But I just remembered that the latest version is supposed to let me see and settle proposals in the built site"
[pause]
[context] "I am relaxing and breathing today just like you advised.  "
[fix] "But I just remembered that the latest version is supposed to let me see and settle proposals in the built site" -> "But I just remembered that the latest version is supposed to let me see and settle proposals in the built site."
[key] " "
[key] " "
[pause]
[context] "I am relaxing and breathing today just like you advised.  "
[fix] "But I just remembered that the latest version is supposed to let me see and settle proposals in the built site" -> "But I just remembered that the latest version is supposed to let me see and settle proposals in the built site."
[mic] "But I just remembered that the latest version is supposed to let me see and settle proposals in the site so"
[mic] "But I just remembered that the latest version is supposed to let me see and settle proposals in the site so let"
[mic] "But I just remembered that the latest version is supposed to let me see and settle proposals in the site so let's just"
[mic] "But I just remembered that the latest version is supposed to let me see and settle proposals in the site so let's just try"
[mic] "But I just remembered that the latest version is supposed to let me see and settle proposals in the site so let's just try it"
[mic] "But I just remembered that the latest version is supposed to let me see and settle proposals in the site so let's just try it out"
[pause]
[context] "I am relaxing and breathing today just like you advised.  "
[fix] "But I just remembered that the latest version is supposed to let me see and settle proposals in the site so let's just try it out" -> "But I just remembered that the latest version is supposed to let me see and settle proposals in the site, so let's just try it out"
[mic] "But I just remembered that the latest version is supposed to let me see and settle proposals in the site so let's just try it out make"
[mic] "But I just remembered that the latest version is supposed to let me see and settle proposals in the site so let's just try it out make an"
[mic] "But I just remembered that the latest version is supposed to let me see and settle proposals in the site so let's just try it out. Make an edit"
[mic] "But I just remembered that the latest version is supposed to let me see and settle proposals in the site so let's just try it out. Make an edit."
[mic] "But I just remembered that the latest version is supposed to let me see and settle proposals in the site so let's just try it out make an edit subject"
[mic] "But I just remembered that the latest version is supposed to let me see and settle proposals in the site so let's just try it out. Make an edit subject one"
[mic] "But I just remembered that the latest version is supposed to let me see and settle proposals in the site so let's just try it out make an edit subject 100"
[mic] off
[expect] "I am relaxing and breathing today just like you advised.  But I just remembered that the latest version is supposed to let me see and settle proposals in the site so let's just try it out make an edit subject 100  "
[send] "I am relaxing and breathing today just like you advised.  But I just remembered that the latest version is supposed to let me see and settle proposals in the site so let's just try it out make an edit subject 100"

Test 2026-06-07.12-19-06:
[mic] on
[mic] "Here"
[mic] "Here is"
[mic] "Here's is"
[mic] "Here's what"
[mic] "Here's what I"
[mic] "Here's what I learn"
[mic] "Here's what I learned"
[pause]
[fix] "Here's what I learned" -> NONE
[mic] "Here's what I learned I"
[mic] "Here's what I learned I can"
[mic] "Here's what I learned I can see"
[mic] "Here's what I learned I can see the"
[mic] "Here's what I learned I can see the mark"
[mic] "Here's what I learned I can see the mark up"
[mic] "Here's what I learned I can see the markup as"
[mic] "Here's what I learned I can see the markup as as a"
[mic] "Here's what I learned I can see the markup as as a nice"
[mic] "Here's what I learned. I can see the mark up as a nice"
[mic] "Here's what I learned I can see the mark up as a nice death"
[mic] "Here's what I learned I can see the mark up as a nice death in"
[mic] "Here's what I learned. I can see the mark up as a nice death in the"
[mic] "Here's what I learned I can see the mark up as a nice death in the build"
[mic] "Here's what I learned I can see the mark up as a nice death in the build file"
[mic] "Here's what I learned. I can see the mark up as a nice diff in the build file I"
[mic] "Here's what I learned I can see the mark up as a nice diff in the build file I cannot"
[mic] "Here's what I learned I can see the mark up as a nice diff in the build file I cannot select"
[mic] "Here's what I learned I can see the mark up as a nice diff in the build file. I cannot select it"
[mic] "Here's what I learned I can see the mark up as a nice diff in the build file. I cannot select it."
[mic] "Here's what I learned I can see the mark up as a nice diff in the build file. I cannot select it to"
[mic] "Here's what I learned I can see the mark up as a nice diff in the build file. I cannot select it to."
[mic] "Here's what I learned I can see the mark up as a nice diff in the build file. I cannot select it to settle"
[mic] "Here's what I learned I can see the mark up as a nice diff in the build file. I cannot select it to settle it"
[mic] "Here's what I learned I can see the mark up as a nice diff in the build file. I cannot select it to settle it."
[mic] "Here's what I learned I can see the mark up as a nice diff in the build file. I cannot select it to settle it so"
[mic] "Here's what I learned I can see the mark up as a nice diff in the build file. I cannot select it to settle it so I"
[mic] "Here's what I learned I can see the mark up as a nice diff in the build file. I cannot select it to settle it so I guess"
[mic] "Here's what I learned I can see the mark up as a nice diff in the build file. I cannot select it to settle it so I guess that"
[mic] "Here's what I learned I can see the mark up as a nice diff in the build file. I cannot select it to settle it so I guess that word"
[mic] "Here's what I learned I can see the mark up as a nice diff in the build file. I cannot select it to settle it so I guess that word did"
[mic] "Here's what I learned I can see the mark up as a nice diff in the build file. I cannot select it to settle it so I guess that word didn't"
[mic] "Here's what I learned I can see the mark up as a nice diff in the build file. I cannot select it to settle it so I guess that word didn't get"
[mic] "Here's what I learned I can see the mark up as a nice diff in the build file. I cannot select it to settle it so I guess that word didn't get finished"
[mic] "Here's what I learned I can see the mark up as a nice diff in the build file. I cannot select it to settle it so I guess that work didn't get finished"
[mic] "Here's what I learned I can see the mark up as a nice diff in the build file. I cannot select it to settle it so I guess that work didn't get finished."
[mic] "Here's what I learned I can see the mark up as a nice diff in the build file. I cannot select it to settle it so I guess that work didn't get finished and"
[mic] "Here's what I learned I can see the mark up as a nice diff in the build file. I cannot select it to settle it so I guess that work didn't get finished and the"
[mic] "Here's what I learned I can see the mark up as a nice diff in the build file. I cannot select it to settle it so I guess that work didn't get finished and the death"
[mic] "Here's what I learned I can see the mark up as a nice diff in the build file. I cannot select it to settle it so I guess that work didn't get finished and the death is"
[mic] "Here's what I learned I can see the mark up as a nice diff in the build file. I cannot select it to settle it so I guess that work didn't get finished and the death is very"
[mic] "Here's what I learned I can see the mark up as a nice diff in the build file. I cannot select it to settle it so I guess that work didn't get finished and the death is very funny"
[mic] "Here's what I learned I can see the mark up as a nice diff in the build file. I cannot select it to settle it so I guess that work didn't get finished and the death is very funny."
[mic] "Here's what I learned I can see the mark up as a nice diff in the build file. I cannot select it to settle it so I guess that work didn't get finished and the death is very funny probably"
[mic] "Here's what I learned I can see the mark up as a nice diff in the build file. I cannot select it to settle it so I guess that work didn't get finished and the death is very funny probably because"
[mic] "Here's what I learned I can see the mark up as a nice diff in the build file. I cannot select it to settle it so I guess that work didn't get finished and the death is very funny probably because."
[pause]
[fix] "Here's what I learned I can see the mark up as a nice diff in the build file. I cannot select it to settle it so I guess that work didn't get finished and the death is very funny probably because." -> NONE
[mic] "Here's what I learned I can see the mark up as a nice diff in the build file. I cannot select it to settle it so I guess that work didn't get finished and the death is very funny probably because it"
[mic] "Here's what I learned I can see the mark up as a nice diff in the build file. I cannot select it to settle it so I guess that work didn't get finished and the death is very funny probably because it treat"
[mic] "Here's what I learned I can see the mark up as a nice diff in the build file. I cannot select it to settle it so I guess that work didn't get finished and the death is very funny probably because it treat."
[mic] "Here's what I learned I can see the mark up as a nice diff in the build file. I cannot select it to settle it so I guess that work didn't get finished and the death is very funny probably because it treats"
[mic] "Here's what I learned I can see the mark up as a nice diff in the build file. I cannot select it to settle it so I guess that work didn't get finished and the death is very funny probably because it treats bra"
[mic] "Here's what I learned I can see the mark up as a nice diff in the build file. I cannot select it to settle it so I guess that work didn't get finished and the death is very funny probably because it treats brack"
[mic] "Here's what I learned I can see the mark up as a nice diff in the build file. I cannot select it to settle it so I guess that work didn't get finished and the death is very funny probably because it treats bracket"
[mic] "Here's what I learned I can see the mark up as a nice diff in the build file. I cannot select it to settle it so I guess that work didn't get finished and the death is very funny. Probably because it treats bracket space"
[mic] "Here's what I learned I can see the mark up as a nice diff in the build file. I cannot select it to settle it so I guess that work didn't get finished and the death is very funny. Probably because it treats bracket space bra"
[mic] "Here's what I learned I can see the mark up as a nice diff in the build file. I cannot select it to settle it so I guess that work didn't get finished and the death is very funny. Probably because it treats bracket space brack"
[mic] "Here's what I learned I can see the mark up as a nice diff in the build file. I cannot select it to settle it so I guess that work didn't get finished and the death is very funny. Probably because it treats bracket space brack."
[mic] "Here's what I learned I can see the mark up as a nice diff in the build file. I cannot select it to settle it so I guess that work didn't get finished and the death is very funny. Probably because it treats bracket space bracket"
[mic] "Here's what I learned I can see the mark up as a nice diff in the build file. I cannot select it to settle it so I guess that work didn't get finished and the death is very funny. Probably because it treats bracket space bracket as"
[mic] "Here's what I learned I can see the mark up as a nice diff in the build file. I cannot select it to settle it so I guess that work didn't get finished and the death is very funny. Probably because it treats bracket space bracket as multiple"
[mic] "Here's what I learned I can see the mark up as a nice diff in the build file. I cannot select it to settle it so I guess that work didn't get finished and the death is very funny. Probably because it treats bracket space bracket as multiple words"
[mic] "Here's what I learned I can see the mark up as a nice diff in the build file. I cannot select it to settle it so I guess that work didn't get finished and the death is very funny. Probably because it treats bracket space bracket as multiple words."
[pause]
[fix] "Here's what I learned I can see the mark up as a nice diff in the build file. I cannot select it to settle it so I guess that work didn't get finished and the death is very funny. Probably because it treats bracket space bracket as multiple words." -> NONE
[mic] "Here's what I learned I can see the mark up as a nice diff in the build file. I cannot select it to settle it so I guess that work didn't get finished and the death is very funny. Probably because it treats bracket space bracket as multiple words and"
[mic] "Here's what I learned I can see the mark up as a nice diff in the build file. I cannot select it to settle it so I guess that work didn't get finished and the death is very funny. Probably because it treats bracket space bracket as multiple words and does"
[mic] "Here's what I learned I can see the mark up as a nice diff in the build file. I cannot select it to settle it so I guess that work didn't get finished and the death is very funny. Probably because it treats bracket space bracket as multiple words and does it"
[mic] "Here's what I learned I can see the mark up as a nice diff in the build file. I cannot select it to settle it so I guess that work didn't get finished and the death is very funny. Probably because it treats bracket space bracket as multiple words, and does it realize"
[mic] "Here's what I learned I can see the mark up as a nice diff in the build file. I cannot select it to settle it so I guess that work didn't get finished and the death is very funny. Probably because it treats bracket space bracket as multiple words, and does it realize that"
[mic] "Here's what I learned I can see the mark up as a nice diff in the build file. I cannot select it to settle it so I guess that work didn't get finished and the death is very funny. Probably because it treats bracket space bracket as multiple words, and does it realize that they"
[mic] "Here's what I learned I can see the mark up as a nice diff in the build file. I cannot select it to settle it so I guess that work didn't get finished and the death is very funny. Probably because it treats bracket space bracket as multiple words, and does it realize that they match"
[mic] "Here's what I learned I can see the mark up as a nice diff in the build file. I cannot select it to settle it so I guess that work didn't get finished and the death is very funny. Probably because it treats bracket space bracket as multiple words, and does it realize that they match."
[mic] "Here's what I learned I can see the mark up as a nice diff in the build file. I cannot select it to settle it so I guess that work didn't get finished and the death is very funny. Probably because it treats bracket space bracket as multiple words, and does it realize that they match bra"
[mic] "Here's what I learned I can see the mark up as a nice diff in the build file. I cannot select it to settle it so I guess that work didn't get finished and the death is very funny. Probably because it treats bracket space bracket as multiple words, and does it realize that they match brack"
[mic] "Here's what I learned I can see the mark up as a nice diff in the build file. I cannot select it to settle it so I guess that work didn't get finished and the death is very funny. Probably because it treats bracket space bracket as multiple words, and does it realize that they match bracket"
[mic] "Here's what I learned I can see the mark up as a nice diff in the build file. I cannot select it to settle it so I guess that work didn't get finished and the death is very funny. Probably because it treats bracket space bracket as multiple words and does it realize that they match bracket X"
[mic] "Here's what I learned I can see the mark up as a nice diff in the build file. I cannot select it to settle it so I guess that work didn't get finished and the death is very funny. Probably because it treats bracket space bracket as multiple words and does it realize that they match bracket X bra"
[mic] "Here's what I learned I can see the mark up as a nice diff in the build file. I cannot select it to settle it so I guess that work didn't get finished and the death is very funny. Probably because it treats bracket space bracket as multiple words and does it realize that they match bracket X brack"
[mic] "Here's what I learned I can see the mark up as a nice diff in the build file. I cannot select it to settle it so I guess that work didn't get finished and the death is very funny. Probably because it treats bracket space bracket as multiple words and does it realize that they match bracket X bracket"
[mic] "Here's what I learned I can see the mark up as a nice diff in the build file. I cannot select it to settle it so I guess that work didn't get finished and the death is very funny. Probably because it treats bracket space bracket as multiple words and does it realize that they match bracket X bracket."
[mic] "Here's what I learned I can see the mark up as a nice diff in the build file. I cannot select it to settle it so I guess that work didn't get finished and the death is very funny. Probably because it treats bracket space bracket as multiple words and does it realize that they match bracket X bracket directly"
[mic] "Here's what I learned I can see the mark up as a nice diff in the build file. I cannot select it to settle it so I guess that work didn't get finished and the death is very funny. Probably because it treats bracket space bracket as multiple words and does it realize that they match bracket X bracket directly."
[mic] "Here's what I learned I can see the mark up as a nice diff in the build file. I cannot select it to settle it so I guess that work didn't get finished and the death is very funny. Probably because it treats bracket space bracket as multiple words and does it realize that they match bracket X bracket directly so"
[mic] "Here's what I learned I can see the mark up as a nice diff in the build file. I cannot select it to settle it so I guess that work didn't get finished and the death is very funny. Probably because it treats bracket space bracket as multiple words and does it realize that they match bracket X bracket directly so it"
[mic] "Here's what I learned I can see the mark up as a nice diff in the build file. I cannot select it to settle it so I guess that work didn't get finished and the death is very funny. Probably because it treats bracket space bracket as multiple words and does it realize that they match bracket X bracket directly so it show"
[mic] "Here's what I learned I can see the mark up as a nice diff in the build file. I cannot select it to settle it so I guess that work didn't get finished and the death is very funny. Probably because it treats bracket space bracket as multiple words and does it realize that they match bracket X bracket directly so it shows"
[mic] "Here's what I learned I can see the mark up as a nice diff in the build file. I cannot select it to settle it so I guess that work didn't get finished and the death is very funny. Probably because it treats bracket space bracket as multiple words and does it realize that they match bracket X bracket directly, so it shows the"
[mic] "Here's what I learned I can see the mark up as a nice diff in the build file. I cannot select it to settle it so I guess that work didn't get finished and the death is very funny. Probably because it treats bracket space bracket as multiple words and does it realize that they match bracket X bracket directly, so it shows the de"
[mic] "Here's what I learned I can see the mark up as a nice diff in the build file. I cannot select it to settle it so I guess that work didn't get finished and the death is very funny. Probably because it treats bracket space bracket as multiple words and does it realize that they match bracket X bracket directly, so it shows the de."
[mic] "Here's what I learned I can see the mark up as a nice diff in the build file. I cannot select it to settle it so I guess that work didn't get finished and the death is very funny. Probably because it treats bracket space bracket as multiple words and does it realize that they match bracket X bracket directly, so it shows the deletion"
[mic] "Here's what I learned I can see the mark up as a nice diff in the build file. I cannot select it to settle it so I guess that work didn't get finished and the death is very funny. Probably because it treats bracket space bracket as multiple words and does it realize that they match bracket X bracket directly, so it shows the deletion."
[mic] "Here's what I learned I can see the mark up as a nice diff in the build file. I cannot select it to settle it so I guess that work didn't get finished and the death is very funny. Probably because it treats bracket space bracket as multiple words, and does it realize that they match bracket X bracket directly, so it shows the deletion of"
[mic] "Here's what I learned I can see the mark up as a nice diff in the build file. I cannot select it to settle it so I guess that work didn't get finished and the death is very funny. Probably because it treats bracket space bracket as multiple words, and does it realize that they match bracket X bracket directly, so it shows the deletion of the"
[mic] "Here's what I learned I can see the mark up as a nice diff in the build file. I cannot select it to settle it so I guess that work didn't get finished and the death is very funny. Probably because it treats bracket space bracket as multiple words, and does it realize that they match bracket X bracket directly, so it shows the deletion of the out"
[mic] "Here's what I learned I can see the mark up as a nice diff in the build file. I cannot select it to settle it so I guess that work didn't get finished and the death is very funny. Probably because it treats bracket space bracket as multiple words, and does it realize that they match bracket X bracket directly, so it shows the deletion of the outer"
[mic] "Here's what I learned I can see the mark up as a nice diff in the build file. I cannot select it to settle it so I guess that work didn't get finished and the death is very funny. Probably because it treats bracket space bracket as multiple words, and does it realize that they match bracket X bracket directly, so it shows the deletion of the outer bra"
[mic] "Here's what I learned I can see the mark up as a nice diff in the build file. I cannot select it to settle it so I guess that work didn't get finished and the death is very funny. Probably because it treats bracket space bracket as multiple words, and does it realize that they match bracket X bracket directly, so it shows the deletion of the outer brack"
[mic] "Here's what I learned I can see the mark up as a nice diff in the build file. I cannot select it to settle it so I guess that work didn't get finished and the death is very funny. Probably because it treats bracket space bracket as multiple words, and does it realize that they match bracket X bracket directly, so it shows the deletion of the outer bracket"
[mic] "Here's what I learned I can see the mark up as a nice diff in the build file. I cannot select it to settle it so I guess that work didn't get finished and the death is very funny. Probably because it treats bracket space bracket as multiple words, and does it realize that they match bracket X bracket directly, so it shows the deletion of the outer bracket."
[mic] "Here's what I learned I can see the mark up as a nice diff in the build file. I cannot select it to settle it so I guess that work didn't get finished and the death is very funny. Probably because it treats bracket space bracket as multiple words, and does it realize that they match bracket X bracket directly, so it shows the deletion of the outer brackets"
[mic] "Here's what I learned I can see the mark up as a nice diff in the build file. I cannot select it to settle it so I guess that work didn't get finished and the death is very funny. Probably because it treats bracket space bracket as multiple words, and does it realize that they match bracket X bracket directly, so it shows the deletion of the outer brackets."
[mic] "Here's what I learned I can see the mark up as a nice diff in the build file. I cannot select it to settle it so I guess that work didn't get finished and the death is very funny. Probably because it treats bracket space bracket as multiple words and does it realize that they match bracket X bracket directly, so it shows the deletion of the outer brackets and"
[mic] "Here's what I learned I can see the mark up as a nice diff in the build file. I cannot select it to settle it so I guess that work didn't get finished and the death is very funny. Probably because it treats bracket space bracket as multiple words and does it realize that they match bracket X bracket directly, so it shows the deletion of the outer brackets and then"
[mic] "Here's what I learned I can see the mark up as a nice diff in the build file. I cannot select it to settle it so I guess that work didn't get finished and the death is very funny. Probably because it treats bracket space bracket as multiple words and does it realize that they match bracket X bracket directly, so it shows the deletion of the outer brackets, and then the"
[mic] "Here's what I learned I can see the mark up as a nice diff in the build file. I cannot select it to settle it so I guess that work didn't get finished and the death is very funny. Probably because it treats bracket space bracket as multiple words, and does it realize that they match bracket X bracket directly, so it shows the deletion of the outer brackets, and then the in"
[mic] "Here's what I learned I can see the mark up as a nice diff in the build file. I cannot select it to settle it so I guess that work didn't get finished and the death is very funny. Probably because it treats bracket space bracket as multiple words, and does it realize that they match bracket X bracket directly, so it shows the deletion of the outer brackets, and then the insert"
[mic] "Here's what I learned I can see the mark up as a nice diff in the build file. I cannot select it to settle it so I guess that work didn't get finished and the death is very funny. Probably because it treats bracket space bracket as multiple words, and does it realize that they match bracket X bracket directly, so it shows the deletion of the outer brackets, and then the insertion"
[mic] "Here's what I learned I can see the mark up as a nice diff in the build file. I cannot select it to settle it so I guess that work didn't get finished and the death is very funny. Probably because it treats bracket space bracket as multiple words, and does it realize that they match bracket X bracket directly, so it shows the deletion of the outer brackets, and then the insertion."
[mic] "Here's what I learned I can see the mark up as a nice diff in the build file. I cannot select it to settle it so I guess that work didn't get finished and the death is very funny. Probably because it treats bracket space bracket as multiple words, and does it realize that they match bracket X bracket directly, so it shows the deletion of the outer brackets, and then the insertion of"
[mic] "Here's what I learned I can see the mark up as a nice diff in the build file. I cannot select it to settle it so I guess that work didn't get finished and the death is very funny. Probably because it treats bracket space bracket as multiple words, and does it realize that they match bracket X bracket directly, so it shows the deletion of the outer brackets and then the insertion of bra"
[mic] "Here's what I learned I can see the mark up as a nice diff in the build file. I cannot select it to settle it so I guess that work didn't get finished and the death is very funny. Probably because it treats bracket space bracket as multiple words, and does it realize that they match bracket X bracket directly, so it shows the deletion of the outer brackets, and then the insertion of bracket"
[mic] "Here's what I learned I can see the mark up as a nice diff in the build file. I cannot select it to settle it so I guess that work didn't get finished and the death is very funny. Probably because it treats bracket space bracket as multiple words, and does it realize that they match bracket X bracket directly, so it shows the deletion of the outer brackets, and then the insertion of bracket bra"
[mic] "Here's what I learned I can see the mark up as a nice diff in the build file. I cannot select it to settle it so I guess that work didn't get finished and the death is very funny. Probably because it treats bracket space bracket as multiple words, and does it realize that they match bracket X bracket directly, so it shows the deletion of the outer brackets, and then the insertion of bracket bracket"
[mic] "Here's what I learned I can see the mark up as a nice diff in the build file. I cannot select it to settle it so I guess that work didn't get finished and the death is very funny. Probably because it treats bracket space bracket as multiple words, and does it realize that they match bracket X bracket directly, so it shows the deletion of the outer brackets, and then the insertion of bracket bracket."
[pause]
[fix] "Here's what I learned I can see the mark up as a nice diff in the build file. I cannot select it to settle it so I guess that work didn't get finished and the death is very funny. Probably because it treats bracket space bracket as multiple words, and does it realize that they match bracket X bracket directly, so it shows the deletion of the outer brackets, and then the insertion of bracket bracket." -> "Here's what I learned: I can see the markup as a nice diff in the build file. I cannot select it to settle it, so I guess that work didn't get finished and the behavior is very funny. Probably because it treats bracket space bracket as multiple words, and it doesn't realize that they match bracket X bracket directly, so it shows the deletion of the outer brackets and then the insertion of bracket bracket."
[cur] 394
[cur] 395
[key] "x"
[cur] 396
[key] " "
[cur] 404
[key] " "
[pause]
[fix] "Probably because it treats bracket space bracket as multiple words, and does it realize that they match bracket X bracket directly, so it shows the deletion of the outer brackets, and then the insertion of bracket x bracket. " -> "Probably because it treats [space] as multiple words, and it doesn't realize that they match [X] directly, so it shows the deletion of the outer brackets and then the insertion of [x]."
[cur] 164
[del] 4
[cur] 161
[key] "i"
[cur] 162
[key] "f"
[cur] 163
[key] "f"
[cur] 404
[mic] "I"
[mic] "I assume"
[mic] "I assumed"
[mic] "I assumed that"
[mic] "I assumed that's just"
[mic] "I assume that's just"
[mic] "I assume that's just a"
[mic] "I assume that's just a flu"
[mic] "I assume that's just a fluke"
[mic] "I assume that's just a fluke and"
[mic] "I assume that's just a fluke and how"
[mic] "I assume that's just a fluke and how difficult"
[mic] "I assume that's just a fluke and how diff"
[mic] "I assume that's just a fluke and how diff works"
[mic] off
[expect] "Here's what I learned I can see the mark up as a nice diff in the build file. I cannot select it to settle it so I guess that work didn't get finished and the diff is very funny. Probably because it treats bracket space bracket as multiple words, and does it realize that they match bracket X bracket directly, so it shows the deletion of the outer brackets, and then the insertion of bracket x bracket. I assume that's just a fluke and how diff works"
[send] "Here's what I learned I can see the mark up as a nice diff in the build file. I cannot select it to settle it so I guess that work didn't get finished and the diff is very funny. Probably because it treats bracket space bracket as multiple words, and does it realize that they match bracket X bracket directly, so it shows the deletion of the outer brackets, and then the insertion of bracket x bracket. I assume that's just a fluke and how diff works"

Test 2026-06-07.12-21-33:
[key] "Yo"
[key] "u"
[key] " now"
[key] " have"
[key] " access"
[key] " to"
[key] " the"
[key] " system"
[key] " track"
[key] "er"
[cur] 0
[cur] 41
[key] " "
[del] 1
[key] "."
[key] " "
[key] "You"
[key] " can"
[key] "."
[pause]
[fix] "You can." -> NONE
[key] " put all of the thing"
[pause]
[fix] "You can put all of the thing." -> NONE
[cur] 72
[key] "s"
[cur] 73
[key] " "
[pause]
[fix] "You can put all of the things ." -> NONE
[cur] 74
[key] "from"
[cur] 78
[key] " subject"
[cur] 86
[key] " to"
[cur] 89
[key] " 100"
[cur] 93
[key] " into it"
[pause]
[fix] "You can put all of the things from subject to 100 into it." -> NONE
[cur] 101
[key] " but"
[cur] 105
[del] 4
[key] ", but would be"
[cur] 115
[key] " even"
[cur] 120
[key] " better"
[pause]
[fix] "You can put all of the things from subject to 100 into it, but would be even better." -> NONE
[cur] 127
[key] " would be"
[cur] 136
[key] " to"
[pause]
[fix] "You can put all of the things from subject to 100 into it, but would be even better would be to." -> "You can put all of the things from subject to 100 into it, but what"
[cur] 139
[key] " find"
[pause]
[fix] "You can put all of the things from subject to 100 into it, but would be even better would be to find." -> "You can put all of the things from subject to 100 into it, but it would be"
[cur] 144
[key] " any"
[cur] 148
[key] " already"
[cur] 156
[key] " in"
[cur] 159
[key] " it"
[pause]
[fix] "You can put all of the things from subject to 100 into it, but would be even better would be to find any already in it." -> "You can put all of the things from subject to 100 into it, but what would be even better would be to find"
[cur] 162
[key] " that id"
[cur] 170
[key] "ent"
[cur] 173
[key] "ify"
[cur] 176
[key] " these issues"
[pause]
[fix] "You can put all of the things from subject to 100 into it, but would be even better would be to find any already in it that identify these issues." -> "You can put all of the things from subject to 100 into it, but it would be even better to find any already in it that identify these issues."
[cur] 73
[cur] 188
[cur] 189
[key] " "
[key] " "
[key] "In "
[key] "fac"
[key] "t"
[key] "."
[del] 1
[key] " reading"
[del] 8
[key] ", reading the"
[key] " list"
[key] "."
[del] 1
[key] " that was"
[key] " there"
[key] " before"
[key] "."
[pause]
[fix] "In fact, reading the list that was there before." -> NONE
[del] 1
[key] " many of these"
[key] " things"
[key] " have"
[key] " now been"
[key] " fixed."
[pause]
[fix] "In fact, reading the list that was there before many of these things have now been fixed." -> NONE
[del] 1
[key] " so far I"
[key] " have"
[key] "."
[del] 1
[key] " been very"
[key] " poor at."
[pause]
[fix] "In fact, reading the list that was there before many of these things have now been fixed so far I have been very poor at." -> NONE
[del] 1
[key] " working with"
[key] " the track"
[key] "er."
[pause]
[fix] "In fact, reading the list that was there before many of these things have now been fixed so far I have been very poor at working with the tracker." -> NONE
[del] 1
[key] ", but"
[del] 5
[key] " but now"
[del] 8
[key] ", but now that it"
[key] "’s"
[key] "."
[key] " stabilized"
[pause]
[fix] "In fact, reading the list that was there before many of these things have now been fixed so far I have been very poor at working with the tracker, but now that it’s stabilized." -> NONE
[cur] 367
[key] " "
[cur] 368
[key] "it"
[cur] 370
[key] "’s time"
[cur] 377
[key] " to"
[cur] 380
[key] " clean it"
[cur] 389
[key] " up"
[cur] 392
[key] " and start using"
[cur] 408
[key] " it more"
[cur] 416
[key] " seriously"
[cur] 366
[del] 59
[cur] 367
[key] " it’s time to clean it up and start using it more seriously"
[expect] "You now have access to the system tracker. You can put all of the things from subject to 100 into it, but would be even better would be to find any already in it that identify these issues.  In fact, reading the list that was there before many of these things have now been fixed so far I have been very poor at working with the tracker, but now that it’s stabilized it’s time to clean it up and start using it more seriously."
[send] "You now have access to the system tracker. You can put all of the things from subject to 100 into it, but would be even better would be to find any already in it that identify these issues.  In fact, reading the list that was there before many of these things have now been fixed so far I have been very poor at working with the tracker, but now that it’s stabilized it’s time to clean it up and start using it more seriously."

Test 2026-06-07.12-26-29:
[mic] on
[mic] "You"
[mic] "You have"
[mic] "You have access"
[mic] "You have access to"
[mic] "You have access to both"
[mic] "You have access to both the"
[mic] "You have access to both the system"
[mic] "You have access to both the system track"
[mic] "You have access to both the system tracker"
[pause]
[fix] "You have access to both the system tracker" -> NONE
[mic] "You have access to both the system tracker, and"
[mic] "You have access to both the system tracker, and the"
[mic] "You have access to both the system tracker, and the seat"
[mic] "You have access to both the system tracker, and the seat pad"
[mic] "You have access to both the system tracker, and the seat pod"
[mic] "You have access to both the system tracker, and the seat pods"
[mic] "You have access to both the system tracker, and the seat pods track"
[mic] "You have access to both the system tracker, and the seat pods tracker"
[pause]
[fix] "You have access to both the system tracker, and the seat pods tracker" -> NONE
[mic] "You have access to both the system tracker, and the seat pods tracker are"
[mic] "You have access to both the system tracker, and the seat pods tracker are you"
[mic] "You have access to both the system tracker, and the seat pods tracker are you can"
[mic] "You have access to both the system tracker, and the seat pods tracker are you can take"
[cur] 70
[del] 3
[key] "s"
[cur] 72
[key] "o"
[cur] 85
[key] " "
[mic] "Items"
[mic] "Items to"
[mic] "Items to and"
[mic] "Items to and three"
[mic] "Items two and three"
[pause]
[context] "You have access to both the system tracker, and the seat pods tracker so you can take "
[fix] "items two and three" -> NONE
[mic] "Items two and three out"
[mic] "Items two and three out of"
[mic] "Items two and three out of the"
[mic] "Items two and three out of the system"
[mic] "Items two and three out of the system track"
[mic] "Items two and three out of the system tracker"
[mic] "Items two and three out of the system tracker, and"
[mic] "Items two and three out of the system tracker and put"
[mic] "Items two and three out of the system tracker and put them"
[mic] "Items two and three out of the system tracker and put them in"
[mic] "Items two and three out of the system tracker and put them in the"
[mic] "Items two and three out of the system tracker and put them in the project"
[mic] "Items two and three out of the system tracker and put them in the project track"
[mic] "Items two and three out of the system tracker and put them in the project tracker"
[key] " "
[del] 1
[key] "."
[key] " "
[key] " "
[key] " "
[pause]
[context] "You have access to both the system tracker, and the seat pods tracker so you can take "
[fix] "items two and three out of the system tracker and put them in the project tracker" -> "Move items two and three out of the system tracker and put them in"
[mic] "Items two and three out of the system tracker and put them in the project tracker and"
[mic] "Items two and three out of the system tracker and put them in the project tracker and let"
[mic] "Items two and three out of the system tracker and put them in the project tracker and let start"
[mic] "Items two and three out of the system tracker and put them in the project tracker and let's start"
[mic] "Items two and three out of the system tracker and put them in the project tracker and let's start doing"
[mic] "Items two and three out of the system tracker and put them in the project tracker and let's start doing this"
[mic] "Items two and three out of the system tracker and put them in the project tracker and let's start doing this stuff"
[mic] "Items two and three out of the system tracker and put them in the project tracker and let's start doing this stuff one"
[mic] "Items two and three out of the system tracker and put them in the project tracker and let's start doing this stuff one thing"
[mic] "Items two and three out of the system tracker and put them in the project tracker and let's start doing this stuff one thing at"
[mic] "Items two and three out of the system tracker and put them in the project tracker and let's start doing this stuff one thing at a"
[mic] "Items two and three out of the system tracker and put them in the project tracker and let's start doing this stuff one thing at a time"
[mic] "Items two and three out of the system tracker and put them in the project tracker and let's start doing this stuff one thing at a time so"
[mic] "Items two and three out of the system tracker and put them in the project tracker and let's start doing this stuff one thing at a time so I"
[mic] "Items two and three out of the system tracker and put them in the project tracker and let's start doing this stuff one thing at a time so I don"
[mic] "Items two and three out of the system tracker and put them in the project tracker and let's start doing this stuff one thing at a time so I don't"
[mic] "Items two and three out of the system tracker and put them in the project tracker and let's start doing this stuff one thing at a time so I don't have"
[mic] "Items two and three out of the system tracker and put them in the project tracker and let's start doing this stuff one thing at a time so I don't have to"
[mic] "Items two and three out of the system tracker and put them in the project tracker and let's start doing this stuff one thing at a time so I don't have to keep"
[mic] "Items two and three out of the system tracker and put them in the project tracker and let's start doing this stuff one thing at a time so I don't have to keep cross"
[mic] "Items two and three out of the system tracker and put them in the project tracker and let's start doing this stuff one thing at a time so I don't have to keep cross referencing"
[mic] "Items two and three out of the system tracker and put them in the project tracker and let's start doing this stuff one thing at a time so I don't have to keep cross referencing your"
[mic] "Items two and three out of the system tracker and put them in the project tracker and let's start doing this stuff one thing at a time so I don't have to keep cross referencing your long"
[mic] "Items two and three out of the system tracker and put them in the project tracker and let's start doing this stuff one thing at a time so I don't have to keep cross referencing your lung"
[pause]
[context] "You have access to both the system tracker, and the seat pods tracker so you can take "
[fix] "items two and three out of the system tracker and put them in the project tracker and let's start doing this stuff one thing at a time so I don't have to keep cross referencing your lung" -> "Items two and three out of the system tracker and put them in the project tracker, and let's start doing this stuff one thing at a time so I don't have to keep cross-referencing your lung."
[cur] 277
[del] 1
[cur] 276
[del] 1
[cur] 275
[del] 1
[cur] 274
[del] 1
[cur] 273
[del] 1
[cur] 272
[del] 1
[cur] 271
[del] 1
[cur] 270
[del] 1
[cur] 269
[del] 1
[pause]
[fix] "You have access to both the system tracker, and the seat pods tracker so you can take Items two and three out of the system tracker and put them in the project tracker, and let's start doing this stuff one thing at a time so I don't have to keep cross-referencing your " -> "You have access to both the system tracker and the seat pods tracker, so you can take items two and three out of the system tracker and put them in the project tracker. Let's start doing this stuff one thing at a time so I don't have to keep cross-referencing you."
[mic] "Long"
[mic] "Long some"
[mic] "Long some reason"
[mic] "Long, some reason of"
[mic] "Long, some reason of what"
[mic] "Long, some reason of what going"
[mic] "Long, some reason of what's going"
[mic] "Long, some reason of what's going on"
[key] " "
[del] 1
[key] "."
[key] " "
[mic] "Long, some reason of what's going on I"
[mic] "Long, some reason of what's going on I think"
[mic] "Long, some reason of what's going on I think laying"
[mic] "Long, some reason of what's going on I think laying here"
[mic] "Long, some reason of what's going on I think laying here on"
[mic] "Long, some reason of what's going on I think laying here on my"
[mic] "Long, some reason of what's going on I think laying here on my bed"
[mic] "Long, some reason of what's going on I think laying here on my bed with"
[mic] "Long, some reason of what's going on I think laying here on my bed with my"
[mic] "Long, some reason of what's going on I think laying here on my bed with my cat"
[mic] "Long, some reason of what's going on I think laying here on my bed with my cat I"
[mic] "Long, some reason of what's going on I think laying here on my bed with my cat I can"
[mic] "Long, some reason of what's going on I think laying here on my bed with my cat I can get"
[mic] "Long, some reason of what's going on I think laying here on my bed with my cat. I can get a"
[mic] "Long, some reason of what's going on I think laying here on my bed with my cat. I can get a lot"
[mic] "Long, some reason of what's going on I think laying here on my bed with my cat. I can get a lot done"
[mic] "Long, some reason of what's going on I think laying here on my bed with my cat. I can get a lot done."
[pause]
[context] "You have access to both the system tracker, and the seat pods tracker so you can take Items two and three out of the system tracker and put them in the project tracker, and let's start doing this stuff one thing at a time so I don't have to keep cross-referencing your "
[fix] "long, some reason of what's going on I think laying here on my bed with my cat. I can get a lot done." -> NONE
[cur] 303
[cur] 306
[cur] 305
[del] 1
[cur] 306
[key] "."
[cur] 307
[key] " "
[cur] 350
[cur] 349
[del] 1
[cur] 348
[del] 1
[cur] 349
[key] ","
[cur] 350
[key] " "
[pause]
[fix] "I think laying here on my bed with my cat, I can get a lot done.. " -> NONE
[cur] 56
[cur] 55
[del] 1
[cur] 54
[del] 1
[cur] 55
[key] "e"
[cur] 56
[key] "d"
[cur] 123
[cur] 70
[cur] 69
[del] 1
[cur] 70
[key] "."
[cur] 71
[key] " "
[cur] 168
[cur] 171
[cur] 170
[cur] 168
[cur] 169
[del] 4
[cur] 168
[del] 1
[cur] 169
[key] "."
[mic] off
[expect] "You have access to both the system tracker, and the seed pods tracker. so you can take Items two and three out of the system tracker and put them in the project tracker. let's start doing this stuff one thing at a time so I don't have to keep cross-referencing your long, some reason of what's going on. I think laying here on my bed with my cat, I can get a lot done.. "
[send] "You have access to both the system tracker, and the seed pods tracker. so you can take Items two and three out of the system tracker and put them in the project tracker. let's start doing this stuff one thing at a time so I don't have to keep cross-referencing your long, some reason of what's going on. I think laying here on my bed with my cat, I can get a lot done.."

Test 2026-06-07.12-27-41:
[key] "Y"
[key] "ou"
[key] " have"
[key] " tool"
[key] "s"
[pause]
[fix] "You have tools" -> NONE
[key] " for"
[pause]
[fix] "You have tools for" -> NONE
[cur] 0
[cur] 18
[key] ","
[cur] 14
[del] 5
[cur] 8
[del] 6
[cur] 3
[del] 5
[del] 3
[mic] on
[mic] "Separate"
[mic] "Separate to"
[mic] "Separate tool"
[mic] "Separate tools"
[mic] "Separate tools for"
[mic] "Separate tools for system"
[mic] "Separate tools for system track"
[mic] "Separate tools for system tracker"
[cur] 0
[pause]
[fix] "Separate tools for system tracker" -> NONE
[mic] "Should"
[mic] "Should have"
[cur] 45
[pause]
[fix] "Should have" -> NONE
[key] " "
[pause]
[fix] "Should have Separate tools for system tracker " -> "Should have separate"
[mic] "And"
[key] " "
[key] "“"
[mic] "And track"
[mic] "And tracker"
[cur] 58
[del] 1
[cur] 57
[del] 1
[cur] 50
[cur] 51
[key] "“"
[cur] 58
[key] "”"
[key] " "
[pause]
[fix] "Should have Separate tools for system tracker and “tracker” " -> "Should have separate tools for system tracker and ""
[mic] "Tell"
[mic] "Don't you"
[mic] off
[expect] "Should have Separate tools for system tracker and “tracker” don't you"
[send] "Should have Separate tools for system tracker and “tracker” don't you"

Test 2026-06-07.12-28-41:
[mic] on
[mic] "I"
[mic] "I just"
[mic] "I just now"
[mic] "I just now turned"
[mic] "I just now turned off"
[mic] "I just now turned off ad"
[mic] "I just now turned off admin"
[mic] "I just now turned off admin view"
[mic] "I just now turned off admin view so"
[mic] "I just now turned off admin view so you"
[mic] "I just now turned off admin view so you no"
[mic] "I just now turned off admin view so you no longer"
[mic] "I just now turned off admin view, so you no longer have"
[mic] "I just now turned off admin view, so you no longer have access"
[mic] "I just now turned off admin view, so you no longer have access to"
[mic] "I just now turned off admin view, so you no longer have access to system"
[mic] "I just now turned off admin view, so you no longer have access to system track"
[mic] "I just now turned off admin view, so you no longer have access to system tracker"
[mic] "I just now turned off admin view, so you no longer have access to system tracker presume"
[mic] "I just now turned off admin view, so you no longer have access to system tracker presumably"
[key] " "
[del] 1
[key] "."
[key] " "
[mic] "I just now turned off admin view, so you no longer have access to system tracker presumably but"
[mic] "I just now turned off admin view, so you no longer have access to system tracker presumably but you"
[mic] "I just now turned off admin view, so you no longer have access to system tracker presumably but you should"
[mic] "I just now turned off admin view, so you no longer have access to system tracker presumably but you should still"
[mic] "I just now turned off admin view, so you no longer have access to system tracker presumably but you should still have"
[mic] "I just now turned off admin view, so you no longer have access to system tracker, presumably but you should still have the"
[mic] "I just now turned off admin view, so you no longer have access to system tracker, presumably but you should still have the project"
[mic] "I just now turned off admin view, so you no longer have access to system tracker, presumably but you should still have the project track"
[mic] "I just now turned off admin view, so you no longer have access to system tracker, presumably but you should still have the project tracker"
[mic] "I just now turned off admin view, so you no longer have access to system tracker, presumably but you should still have the project tracker can"
[mic] "I just now turned off admin view, so you no longer have access to system tracker, presumably but you should still have the project tracker can you"
[mic] "I just now turned off admin view, so you no longer have access to system tracker, presumably but you should still have the project tracker. Can you look"
[mic] "I just now turned off admin view, so you no longer have access to system tracker, presumably but you should still have the project tracker. Can you look?"
[mic] off
[expect] "I just now turned off admin view, so you no longer have access to system tracker, presumably but you should still have the project tracker. Can you look?. "
[send] "I just now turned off admin view, so you no longer have access to system tracker, presumably but you should still have the project tracker. Can you look?."

Test 2026-06-07.12-30-29:
[key] "Can"
[key] " yo"
[key] "u ma"
[key] "ke"
[key] " a list of"
[key] " all your"
[key] " to"
[key] "ols?"
[cur] 0
[cur] 38
[key] " "
[key] " "
[pause]
[fix] "Can you make a list of all your tools?  " -> "Can you"
[key] "I"
[key] " "
[key] "am"
[del] 3
[key] "’m just"
[key] " wondering"
[key] " if"
[key] " it"
[key] "’s"
[key] " named"
[key] " wrong"
[cur] 40
[cur] 78
[key] " "
[del] 1
[key] "."
[key] " "
[pause]
[fix] "I’m just wondering if it’s named wrong. " -> "I'm just wondering if"
[cur] 3
[del] 80
[mic] on
[mic] "I"
[mic] "I just"
[mic] "I just remember"
[mic] "I just remembered"
[mic] "I just remembered I"
[mic] "I just remembered I had"
[mic] "I just remembered I hadn't"
[mic] "I just remembered I hadn't con"
[mic] "I just remembered I hadn't configured"
[mic] "I just remembered I hadn't configured it"
[pause]
[fix] "I just remembered I hadn't configured it" -> NONE
[mic] "I just remembered I hadn't configured it for"
[mic] "I just remembered I hadn't configured it for the"
[mic] "I just remembered I hadn't configured it for the seat"
[mic] "I just remembered I hadn't configured it for the seat pad"
[mic] "I just remembered I hadn't configured it for the seat pod"
[mic] "I just remembered I hadn't configured it for the seat pods"
[mic] "I just remembered I hadn't configured it for the seat pods project"
[cur] 54
[pause]
[fix] "I just remembered I hadn't configured it for the seat pods project" -> NONE
[cur] 53
[del] 1
[cur] 52
[del] 1
[cur] 51
[del] 1
[cur] 52
[key] "e"
[cur] 53
[key] "d"
[cur] 65
[key] " "
[pause]
[fix] "I just remembered I hadn't configured it for the seedpods project " -> NONE
[mic] "Although"
[mic] "Although I"
[mic] "Although I've"
[mic] "Although I've test"
[mic] "Although I've tested"
[mic] "Although I've tested it"
[mic] "Although I've tested it on"
[mic] "Although I've tested it on other"
[mic] "Although I've tested it on other project"
[mic] "Although I've tested it on other projects"
[key] " "
[del] 1
[key] "."
[key] " "
[mic] "Although I've tested it on other projects look"
[mic] "Although I've tested it on other projects, look one"
[mic] "Although I've tested it on other projects, look one more"
[mic] "Although I've tested it on other projects, look one more time"
[mic] off
[expect] "I just remembered I hadn't configured it for the seedpods project although I've tested it on other projects, look one more time. "
[send] "I just remembered I hadn't configured it for the seedpods project although I've tested it on other projects, look one more time."

Test 2026-06-07.12-31-06:
[mic] on
[mic] "Yes"
[mic] off
[expect] "Yes"
[send] "Yes"

Test 2026-06-07.12-32-03:
[key] "D"
[key] "id "
[key] "you"
[key] " already"
[key] " move"
[key] " one"
[key] " and"
[key] " four"
[key] " to"
[key] " the"
[key] " system"
[key] " task"
[key] " list?"
[cur] 0
[del] 58
[key] "Did you already move one and four to the system task list?"
[expect] "Did you already move one and four to the system task list?"
[send] "Did you already move one and four to the system task list?"

Test 2026-06-07.12-32-59:
[key] "Yes"
[key] ", clean up"
[key] " one"
[del] 3
[key] "100"
[cur] 0
[cur] 17
[key] " "
[del] 1
[key] "."
[key] " "
[pause]
[fix] "Yes, clean up 100. " -> NONE
[key] "The"
[key] "n"
[key] " don’t"
[key] " pro"
[key] "pose anything"
[key] " more."
[del] 1
[key] " because you"
[key] "’re getting ahead of"
[key] " me"
[key] "."
[cur] 19
[del] 68
[key] "Then don’t propose anything more because you’re getting ahead of me."
[expect] "Yes, clean up 100. Then don’t propose anything more because you’re getting ahead of me."
[send] "Yes, clean up 100. Then don’t propose anything more because you’re getting ahead of me."

Test 2026-06-07.12-33-45:
[key] "G"
[key] "o"
[key] " "
[key] "o"
[key] "n"
[expect] "Go on"
[send] "Go on"

Test 2026-06-07.12-36-21:
[key] "I"
[key] "t"
[key] " looks"
[key] " like"
[key] " the"
[key] " Reid"
[key] " result"
[cur] 0
[cur] 29
[cur] 22
[cur] 21
[del] 1
[cur] 20
[del] 1
[cur] 19
[del] 1
[cur] 18
[del] 1
[pause]
[fix] "It looks like the  result" -> "It looks"
[cur] 19
[key] "r"
[cur] 20
[key] "e"
[cur] 21
[key] "a"
[cur] 22
[key] "d"
[cur] 29
[key] " "
[pause]
[fix] "It looks like the read result " -> NONE
[key] "ca"
[key] "me"
[key] " back"
[key] " as a bubble"
[key] " from you"
[cur] 30
[cur] 60
[key] " "
[cur] 60
[del] 1
[key] " "
[del] 1
[key] "."
[key] " "
[pause]
[fix] "It looks like the read result came back as a bubble from you. " -> NONE
[key] "A"
[key] "n"
[key] "d b"
[key] "efo"
[key] "re "
[key] "tha"
[key] "t h"
[key] "app"
[key] "ene"
[key] "d."
[pause]
[fix] "And before that happened." -> NONE
[cur] 62
[cur] 87
[cur] 86
[del] 1
[key] " "
[key] "y"
[key] "ou"
[key] " sa"
[key] "id"
[key] " you"
[key] " were reading"
[key] " the result"
[cur] 87
[cur] 123
[cur] 122
[del] 1
[cur] 121
[del] 1
[cur] 120
[del] 1
[cur] 119
[del] 1
[cur] 118
[del] 1
[cur] 117
[del] 1
[pause]
[fix] "And before that happened you said you were reading the " -> NONE
[cur] 116
[del] 1
[cur] 115
[del] 1
[cur] 114
[del] 1
[cur] 113
[del] 1
[cur] 112
[del] 1
[cur] 111
[del] 1
[cur] 110
[del] 1
[cur] 109
[del] 1
[cur] 17
[pause]
[fix] "And before that happened you said you were read" -> NONE
[cur] 16
[del] 1
[cur] 15
[del] 1
[cur] 14
[del] 1
[cur] 15
[key] "a"
[cur] 107
[pause]
[fix] "And before that happened you said you were read" -> NONE
[cur] 106
[del] 1
[cur] 105
[del] 1
[cur] 104
[del] 1
[cur] 103
[del] 1
[key] "go"
[key] "ing"
[key] " to"
[key] " pro"
[key] "pose a"
[key] " result"
[cur] 103
[cur] 128
[key] " "
[pause]
[fix] "And before that happened you said you were going to propose a result " -> NONE
[key] "but"
[key] " a shit"
[del] 4
[key] "chick never"
[key] " arrived"
[cur] 129
[cur] 154
[cur] 140
[cur] 139
[del] 1
[cur] 138
[del] 1
[cur] 139
[key] "p"
[cur] 153
[key] " "
[mic] on
[mic] "Add"
[mic] "Add to"
[cur] 159
[del] 1
[cur] 158
[del] 1
[cur] 157
[del] 1
[cur] 156
[del] 1
[cur] 155
[del] 1
[key] "n"
[key] "d"
[key] " "
[pause]
[fix] "And before that happened you said you were going to propose a result but a chip never arrived and " -> NONE
[mic] "I"
[mic] "I had"
[mic] "I had to"
[mic] "I had to pro"
[mic] "I had to prom"
[mic] "I had to prompt"
[mic] "I had to prompt you"
[pause]
[context] "It looks like a read result came back as a bubble from you. And before that happened you said you were going to propose a result but a chip never arrived and "
[fix] "I had to prompt you" -> NONE
[mic] "I had to prompt you with"
[mic] "I had to prompt you with ""
[mic] "I had to prompt you with "go"
[mic] "I had to prompt you with "go on"
[mic] "I had to prompt you with "go on""
[mic] off
[expect] "It looks like a read result came back as a bubble from you. And before that happened you said you were going to propose a result but a chip never arrived and I had to prompt you with "go on""
[send] "It looks like a read result came back as a bubble from you. And before that happened you said you were going to propose a result but a chip never arrived and I had to prompt you with "go on""

Test 2026-06-07.12-37-34:
[key] "I"
[key] " turned"
[key] " ad"
[del] 2
[key] "Admin"
[key] " back"
[key] " on"
[cur] 0
[cur] 22
[key] " "
[key] "a"
[key] "nd"
[key] " yo"
[key] "u"
[key] " now"
[key] " should have"
[key] " access"
[key] " to"
[key] " both"
[key] " track"
[key] "ers"
[cur] 23
[del] 47
[key] "and you now should have access to both trackers"
[expect] "I turned Admin back on and you now should have access to both trackers"
[send] "I turned Admin back on and you now should have access to both trackers"

Test 2026-06-07.12-39-00:
[mic] on
[mic] "Can"
[mic] "Can you"
[mic] "Can you use"
[mic] "Can you use your"
[mic] "Can you use your?"
[mic] "Can you use your scratch"
[mic] "Can you use your scratch pad"
[mic] "Can you use your scratch pad to"
[mic] "Can you use your scratch pad to keep"
[mic] "Can you use your scratch pad to keep a"
[mic] "Can you use your scratch pad to keep a to"
[mic] "Can you use your scratch pad to keep it to"
[mic] "Can you use your scratch pad to keep a to"
[mic] "Can you use your scratch pad to keep a to-do list"
[mic] "Can you use your scratch pad to keep a to-do list?"
[key] " "
[pause]
[fix] "Can you use your scratch pad to keep a to-do list?" -> "Can you use your"
[mic] "Can you use your scratch pad to keep a to-do list you"
[mic] "Can you use your scratch pad to keep a to-do list you ident"
[mic] "Can you use your scratch pad to keep a to-do list you identified"
[mic] "Can you use your scratch pad to keep a to-do list you identified several"
[pause]
[fix] "Can you use your scratch pad to keep a to-do list you identified several" -> "Can you use your scratch pad to keep a to-"
[mic] "Can you use your scratch pad to keep a to-do list? You identified several app"
[mic] "Can you use your scratch pad to keep a to-do list you identified several sup"
[mic] "Can you use your scratch pad to keep a to-do list you identified several dupe"
[mic] "Can you use your scratch pad to keep a to-do list you identified several duplicate"
[mic] "Can you use your scratch pad to keep a to-do list? You identified several duplicate task"
[mic] "Can you use your scratch pad to keep a to-do list? You identified several duplicate tasks"
[mic] "Can you use your scratch pad to keep a to-do list? You identified several duplicate tasks in"
[mic] "Can you use your scratch pad to keep a to-do list? You identified several duplicate tasks in the"
[mic] "Can you use your scratch pad to keep a to-do list? You identified several duplicate tasks in the system"
[mic] "Can you use your scratch pad to keep a to-do list? You identified several duplicate tasks in the system task"
[mic] "Can you use your scratch pad to keep a to-do list? You identified several duplicate tasks in the system task that"
[mic] "Can you use your scratch pad to keep a to-do list? You identified several duplicate tasks in the system task that correspond"
[mic] "Can you use your scratch pad to keep a to-do list? You identified several duplicate tasks in the system task that corresponded"
[mic] "Can you use your scratch pad to keep a to-do list? You identified several duplicate tasks in the system task that corresponded to"
[pause]
[fix] "Can you use your scratch pad to keep a to-do list? You identified several duplicate tasks in the system task that corresponded to" -> NONE
[mic] "Can you use your scratch pad to keep a to-do list? You identified several duplicate tasks in the system task that corresponded to items"
[mic] "Can you use your scratch pad to keep a to-do list? You identified several duplicate tasks in the system task that corresponded to items from"
[mic] "Can you use your scratch pad to keep a to-do list? You identified several duplicate tasks in the system task that corresponded to items from subject"
[mic] "Can you use your scratch pad to keep a to-do list? You identified several duplicate tasks in the system task that corresponded to items from subject to"
[mic] "Can you use your scratch pad to keep a to-do list? You identified several duplicate tasks in the system task that corresponded to items from subject to one"
[mic] "Can you use your scratch pad to keep a to-do list? You identified several duplicate tasks in the system task that corresponded to items from subject to 100"
[mic] "Can you use your scratch pad to keep a to-do list? You identified several duplicate tasks in the system task that corresponded to items from subject to 100."
[pause]
[fix] "Can you use your scratch pad to keep a to-do list? You identified several duplicate tasks in the system task that corresponded to items from subject to 100." -> NONE
[mic] "Can you use your scratch pad to keep a to-do list? You identified several duplicate tasks in the system task that corresponded to items from subject to 100 and"
[mic] "Can you use your scratch pad to keep a to-do list? You identified several duplicate tasks in the system task that corresponded to items from subject to 100 and we"
[mic] "Can you use your scratch pad to keep a to-do list? You identified several duplicate tasks in the system task that corresponded to items from subject to 100 and we just"
[mic] "Can you use your scratch pad to keep a to-do list? You identified several duplicate tasks in the system task that corresponded to items from subject to 100 and we just id"
[mic] "Can you use your scratch pad to keep a to-do list? You identified several duplicate tasks in the system task that corresponded to items from subject to 100 and we just ident"
[mic] "Can you use your scratch pad to keep a to-do list? You identified several duplicate tasks in the system task that corresponded to items from subject to 100 and we just ident."
[mic] "Can you use your scratch pad to keep a to-do list? You identified several duplicate tasks in the system task that corresponded to items from subject to 100 and we just identified"
[mic] "Can you use your scratch pad to keep a to-do list? You identified several duplicate tasks in the system task that corresponded to items from subject to 100 and we just identified."
[mic] "Can you use your scratch pad to keep a to-do list? You identified several duplicate tasks in the system task that corresponded to items from subject to 100 and we just identified two"
[mic] "Can you use your scratch pad to keep a to-do list? You identified several duplicate tasks in the system task that corresponded to items from subject to 100 and we just identified two bug"
[mic] "Can you use your scratch pad to keep a to-do list? You identified several duplicate tasks in the system task that corresponded to items from subject to 100 and we just identified two bug."
[mic] "Can you use your scratch pad to keep a to-do list? You identified several duplicate tasks in the system task that corresponded to items from subject to 100 and we just identified two bugs"
[mic] "Can you use your scratch pad to keep a to-do list? You identified several duplicate tasks in the system task that corresponded to items from subject to 100 and we just identified two bugs."
[mic] "Can you use your scratch pad to keep a to-do list? You identified several duplicate tasks in the system task that corresponded to items from subject to 100 and we just identified two bugs that"
[mic] "Can you use your scratch pad to keep a to-do list? You identified several duplicate tasks in the system task that corresponded to items from subject to 100 and we just identified two bugs that might"
[mic] "Can you use your scratch pad to keep a to-do list? You identified several duplicate tasks in the system task that corresponded to items from subject to 100 and we just identified two bugs that might also"
[mic] "Can you use your scratch pad to keep a to-do list? You identified several duplicate tasks in the system task that corresponded to items from subject to 100 and we just identified two bugs that might also be"
[mic] "Can you use your scratch pad to keep a to-do list? You identified several duplicate tasks in the system task that corresponded to items from subject to 100 and we just identified two bugs that might also be dupe"
[mic] "Can you use your scratch pad to keep a to-do list? You identified several duplicate tasks in the system task that corresponded to items from subject to 100 and we just identified two bugs that might also be duplicate"
[mic] "Can you use your scratch pad to keep a to-do list? You identified several duplicate tasks in the system task that corresponded to items from subject to 100 and we just identified two bugs that might also be duplicates"
[mic] "Can you use your scratch pad to keep a to-do list? You identified several duplicate tasks in the system task that corresponded to items from subject to 100 and we just identified two bugs that might also be duplicates in"
[mic] "Can you use your scratch pad to keep a to-do list? You identified several duplicate tasks in the system task that corresponded to items from subject to 100 and we just identified two bugs that might also be duplicates in the"
[mic] "Can you use your scratch pad to keep a to-do list? You identified several duplicate tasks in the system task that corresponded to items from subject to 100 and we just identified two bugs that might also be duplicates in the to"
[mic] "Can you use your scratch pad to keep a to-do list? You identified several duplicate tasks in the system task that corresponded to items from subject to 100 and we just identified two bugs that might also be duplicates in the to-do"
[mic] "Can you use your scratch pad to keep a to-do list? You identified several duplicate tasks in the system task that corresponded to items from subject to 100 and we just identified two bugs that might also be duplicates in the to-do list"
[mic] "Can you use your scratch pad to keep a to-do list? You identified several duplicate tasks in the system task that corresponded to items from subject to 100 and we just identified two bugs that might also be duplicates in the to-do list."
[pause]
[fix] "Can you use your scratch pad to keep a to-do list? You identified several duplicate tasks in the system task that corresponded to items from subject to 100 and we just identified two bugs that might also be duplicates in the to-do list." -> NONE
[mic] "Can you use your scratch pad to keep a to-do list? You identified several duplicate tasks in the system task that corresponded to items from subject to 100 and we just identified two bugs that might also be duplicates in the to-do list so"
[mic] "Can you use your scratch pad to keep a to-do list? You identified several duplicate tasks in the system task that corresponded to items from subject to 100 and we just identified two bugs that might also be duplicates in the to-do list so that"
[mic] "Can you use your scratch pad to keep a to-do list? You identified several duplicate tasks in the system task that corresponded to items from subject to 100 and we just identified two bugs that might also be duplicates in the to-do list so that's"
[mic] "Can you use your scratch pad to keep a to-do list? You identified several duplicate tasks in the system task that corresponded to items from subject to 100 and we just identified two bugs that might also be duplicates in the to-do list so that's four"
[mic] "Can you use your scratch pad to keep a to-do list? You identified several duplicate tasks in the system task that corresponded to items from subject to 100 and we just identified two bugs that might also be duplicates in the to-do list so that's four things"
[mic] "Can you use your scratch pad to keep a to-do list? You identified several duplicate tasks in the system task that corresponded to items from subject to 100 and we just identified two bugs that might also be duplicates in the to-do list so that's four things."
[pause]
[fix] "Can you use your scratch pad to keep a to-do list? You identified several duplicate tasks in the system task that corresponded to items from subject to 100 and we just identified two bugs that might also be duplicates in the to-do list so that's four things." -> "Can you use your scratch pad to keep a to-do list? You identified several duplicate tasks in the system task that corresponded to items from subject to 100 and we just identified two bugs that might also be duplicates in the to-do list, so that's four things."
[mic] "Can you use your scratch pad to keep a to-do list? You identified several duplicate tasks in the system task that corresponded to items from subject to 100 and we just identified two bugs that might also be duplicates in the to-do list so that's four things assuming"
[mic] "Can you use your scratch pad to keep a to-do list? You identified several duplicate tasks in the system task that corresponded to items from subject to 100 and we just identified two bugs that might also be duplicates in the to-do list so that's four things assuming I"
[mic] "Can you use your scratch pad to keep a to-do list? You identified several duplicate tasks in the system task that corresponded to items from subject to 100 and we just identified two bugs that might also be duplicates in the to-do list so that's four things assuming I have"
[mic] "Can you use your scratch pad to keep a to-do list? You identified several duplicate tasks in the system task that corresponded to items from subject to 100 and we just identified two bugs that might also be duplicates in the to-do list so that's four things assuming I haven't"
[mic] "Can you use your scratch pad to keep a to-do list? You identified several duplicate tasks in the system task that corresponded to items from subject to 100 and we just identified two bugs that might also be duplicates in the to-do list so that's four things assuming I haven't forgot"
[mic] "Can you use your scratch pad to keep a to-do list? You identified several duplicate tasks in the system task that corresponded to items from subject to 100 and we just identified two bugs that might also be duplicates in the to-do list so that's four things assuming I haven't forgotten"
[mic] "Can you use your scratch pad to keep a to-do list? You identified several duplicate tasks in the system task that corresponded to items from subject to 100 and we just identified two bugs that might also be duplicates in the to-do list so that's four things assuming I haven't forgotten anything"
[mic] "Can you use your scratch pad to keep a to-do list? You identified several duplicate tasks in the system task that corresponded to items from subject to 100 and we just identified two bugs that might also be duplicates in the to-do list so that's four things assuming I haven't forgotten anything."
[mic] off
[expect] "Can you use your scratch pad to keep a to-do list? You identified several duplicate tasks in the system task that corresponded to items from subject to 100 and we just identified two bugs that might also be duplicates in the to-do list so that's four things assuming I haven't forgotten anything. "
[send] "Can you use your scratch pad to keep a to-do list? You identified several duplicate tasks in the system task that corresponded to items from subject to 100 and we just identified two bugs that might also be duplicates in the to-do list so that's four things assuming I haven't forgotten anything."

Test 2026-06-07.12-40-07:
[key] "Look"
[key] "s"
[key] " like"
[key] " that scrap"
[key] " pad"
[key] " opera"
[key] "tor did"
[key] "n’t work"
[cur] 0
[cur] 46
[cur] 21
[cur] 20
[del] 1
[cur] 21
[key] "t"
[cur] 22
[key] "c"
[cur] 23
[key] "h"
[cur] 37
[cur] 36
[del] 1
[cur] 35
[del] 1
[cur] 34
[del] 1
[cur] 35
[key] "u"
[cur] 36
[key] "o"
[cur] 37
[key] "n"
[cur] 38
[key] " "
[cur] 37
[del] 1
[cur] 36
[del] 1
[cur] 35
[del] 1
[cur] 34
[del] 1
[cur] 35
[key] "i"
[cur] 36
[key] "o"
[cur] 37
[key] "n"
[cur] 38
[key] " "
[cur] 39
[key] "a"
[cur] 40
[key] "l"
[cur] 41
[key] "s"
[cur] 42
[key] "o"
[cur] 43
[key] " "
[del] 1
[key] "."
[cur] 44
[key] " "
[cur] 43
[del] 1
[cur] 42
[del] 1
[cur] 43
[key] " "
[cur] 54
[key] " "
[del] 1
[key] "."
[key] " "
[pause]
[fix] "Looks like that scratch pad operation also didn’t work. " -> "Looks like that scratch pad operation didn"
[key] "Som"
[key] "e o"
[key] "f"
[key] " your"
[key] " to call"
[del] 6
[key] "wo calls work"
[key] " fine."
[del] 1
[key] " and some break"
[key] "."
[cur] 56
[cur] 104
[cur] 69
[cur] 71
[cur] 72
[cur] 69
[del] 2
[cur] 71
[key] "o"
[cur] 72
[key] "o"
[cur] 73
[key] "l"
[cur] 105
[key] " "
[key] "M"
[key] "a"
[key] "ybe"
[key] " we"
[key] " can"
[key] " track"
[key] " down the"
[key] " Pat"
[del] 3
[key] "pattern"
[cur] 106
[del] 35
[key] "Maybe we can track down the pattern"
[expect] "Looks like that scratch pad operation also didn’t work. Some of your tool calls work fine and some break. Maybe we can track down the pattern"
[send] "Looks like that scratch pad operation also didn’t work. Some of your tool calls work fine and some break. Maybe we can track down the pattern"

Test 2026-06-07.12-40-58:
[key] "G"
[key] "o"
[expect] "Go"
[send] "Go"

Test 2026-06-07.12-42-58:
[key] "B"
[key] "o"
[key] "th"
[key] " of"
[key] " those"
[key] " tool"
[key] "s"
[key] ", Land"
[del] 6
[key] " landed in the"
[cur] 0
[cur] 33
[key] " "
[cur] 33
[del] 1
[cur] 32
[del] 1
[cur] 31
[del] 1
[cur] 30
[del] 1
[cur] 29
[del] 1
[cur] 28
[del] 1
[cur] 27
[del] 1
[pause]
[fix] "Both of those tools landed " -> NONE
[key] "as"
[key] " bubble"
[key] "s"
[cur] 27
[cur] 37
[key] " "
[del] 1
[key] "."
[key] " "
[key] " "
[pause]
[fix] "Both of those tools landed as bubbles.  " -> NONE
[key] " "
[key] " "
[cur] 41
[del] 1
[cur] 40
[del] 1
[key] " "
[key] " "
[key] "M"
[key] "y"
[key] " understanding"
[key] " is"
[key] " that"
[key] " you"
[key] " use"
[cur] 42
[cur] 74
[key] " "
[key] "j"
[key] "s"
[key] "o"
[key] "n"
[key] " "
[key] "to"
[key] " make"
[key] " native"
[key] " and"
[cur] 80
[cur] 98
[cur] 94
[cur] 87
[del] 11
[key] " "
[key] "ant"
[key] "hro"
[key] "pic"
[key] " native"
[key] " tool"
[key] " call"
[key] "s"
[cur] 88
[cur] 115
[key] " "
[del] 1
[key] "."
[key] " "
[key] "Bu"
[key] "t"
[key] " they"
[key] " are"
[key] " showing"
[key] " up"
[key] " here"
[key] " in"
[key] " XM"
[key] "L"
[key] " format."
[cur] 117
[cur] 160
[key] " "
[pause]
[fix] "But they are showing up here in XML format. " -> NONE
[expect] "Both of those tools landed as bubbles.    My understanding is that you use json to make anthropic native tool calls. But they are showing up here in XML format. "
[send] "Both of those tools landed as bubbles.    My understanding is that you use json to make anthropic native tool calls. But they are showing up here in XML format."

Test 2026-06-07.14-30-55:
[key] "Pl"
[key] "eas"
[key] "e re"
[key] "-"
[del] 1
[key] "try"
[key] " scratch"
[key] " pad"
[key] " operation"
[key] "s"
[cur] 0
[cur] 35
[del] 1
[expect] "Please retry scratchpad operations"
[send] "Please retry scratchpad operations"

Test 2026-06-07.14-33-09:
[key] "1. Three duplicate ticket pairs in system tracker: {#306, #8} and {#128, #111} and the bugs {#344, #541}. 2. Bug: edit proposal sometimes returns success but no chip arrives. 3. Bug: read tool results sometimes leak into chat as agent bubbles. 4. **New bug: scratchpad writes silently failing (returning success); tool calls appearing as XML bubbles in chat instead of as real tool calls.** 5. Pending: cleanup of `100-todo.md` (waiting on your go). "
[pause]
[fix] "md` (waiting on your go). " -> NONE
[cur] 0
[cur] 1
[key] " "
[cur] 2
[key] " "
[cur] 3
[key] " "
[cur] 0
[cur] 1
[key] "I"
[cur] 4
[key] " am"
[cur] 8
[del] 3
[key] "’m Cary"
[cur] 12
[del] 4
[key] "carrying"
[cur] 18
[key] " these"
[cur] 30
[key] " five issues"
[cur] 40
[key] " over from"
[cur] 44
[key] " the"
[cur] 53
[key] " previous"
[cur] 66
[key] " conversation"
[cur] 0
[cur] 66
[cur] 67
[key] " "
[del] 1
[key] "."
[cur] 68
[key] " "
[cur] 71
[key] "Ple"
[cur] 74
[key] "ase"
[cur] 77
[key] " se"
[cur] 78
[key] "e"
[cur] 87
[key] " if issue"
[cur] 94
[key] " number"
[cur] 99
[key] " five"
[cur] 100
[key] "."
[cur] 108
[del] 1
[key] " has been"
[cur] 115
[key] " fixed."
[cur] 68
[del] 47
[cur] 115
[key] "Please see if issue number five has been fixed."
[cur] 100
[del] 4
[key] "4"
[cur] 156
[cur] 113
[cur] 112
[del] 1
[cur] 18
[cur] 17
[del] 1
[cur] 16
[del] 1
[cur] 17
[key] " "
[cur] 18
[key] "f"
[cur] 19
[key] "o"
[cur] 20
[key] "l"
[cur] 21
[key] "l"
[cur] 22
[key] "o"
[cur] 26
[key] "wing"
[cur] 27
[key] " "
[del] 1
[expect] "I’m carrying the following five issues over from the previous conversation. Please see if issue number 4 has been fixed.  1. Three duplicate ticket pairs in system tracker: {#306, #8} and {#128, #111} and the bugs {#344, #541}. 2. Bug: edit proposal sometimes returns success but no chip arrives. 3. Bug: read tool results sometimes leak into chat as agent bubbles. 4. **New bug: scratchpad writes silently failing (returning success); tool calls appearing as XML bubbles in chat instead of as real tool calls.** 5. Pending: cleanup of `100-todo.md` (waiting on your go). "
[send] "I’m carrying the following five issues over from the previous conversation. Please see if issue number 4 has been fixed.  1. Three duplicate ticket pairs in system tracker: {#306, #8} and {#128, #111} and the bugs {#344, #541}. 2. Bug: edit proposal sometimes returns success but no chip arrives. 3. Bug: read tool results sometimes leak into chat as agent bubbles. 4. **New bug: scratchpad writes silently failing (returning success); tool calls appearing as XML bubbles in chat instead of as real tool calls.** 5. Pending: cleanup of `100-todo.md` (waiting on your go)."

Test 2026-06-07.14-34-24:
[key] "No"
[key] "w we have a"
[key] " new"
[key] " problem"
[cur] 0
[cur] 25
[key] ":"
[key] " "
[pause]
[fix] "Now we have a new problem: " -> NONE
[key] "y"
[key] "our"
[key] " previous"
[key] " message"
[key] " appear"
[key] "ed"
[key] " twice"
[pause]
[fix] "Now we have a new problem: your previous message appeared twice" -> NONE
[cur] 27
[cur] 63
[key] " "
[cur] 63
[del] 1
[key] ","
[key] " "
[pause]
[fix] "Now we have a new problem: your previous message appeared twice, " -> NONE
[key] "and"
[cur] 65
[cur] 68
[key] " "
[pause]
[fix] "Now we have a new problem: your previous message appeared twice, and " -> NONE
[key] "it"
[key] " looks"
[key] " like"
[key] " you"
[key] " never"
[key] " requested"
[pause]
[fix] "Now we have a new problem: your previous message appeared twice, and it looks like you never requested" -> NONE
[key] " the clean"
[key] "up"
[cur] 69
[cur] 114
[key] " "
[del] 1
[key] "."
[key] " "
[cur] 69
[pause]
[fix] "Now we have a new problem: your previous message appeared twice, and it looks like you never requested the cleanup. " -> "Now we have a new problem: your previous message appeared twice, and it looks like you never requested the cleanup."
[cur] 70
[key] " f"
[cur] 73
[key] "rom"
[cur] 78
[key] " what"
[cur] 84
[key] " I can"
[cur] 88
[key] " see"
[cur] 68
[cur] 88
[cur] 113
[cur] 114
[key] "a"
[cur] 117
[key] "ctu"
[cur] 120
[key] "all"
[cur] 122
[key] "y "
[cur] 113
[del] 9
[cur] 122
[key] "actually "
[expect] "Now we have a new problem: your previous message appeared twice, and from what I can see it looks like you never actually requested the cleanup."
[send] "Now we have a new problem: your previous message appeared twice, and from what I can see it looks like you never actually requested the cleanup."

Test 2026-06-07.14-35-14:
[key] "Y"
[key] "e"
[key] "s"
[expect] "Yes"
[send] "Yes"

Test 2026-06-07.14-38-50:
[key] "What"
[key] " you were"
[key] " looking"
[key] " at"
[key] " wasn’t"
[key] " an"
[key] " or"
[key] "phan"
[key] "ed"
[cur] 0
[cur] 43
[key] " "
[key] "p"
[key] "ro"
[key] "pos"
[key] "al"
[cur] 44
[cur] 52
[key] ","
[key] " "
[key] "it"
[key] " was a"
[key] " pen"
[key] "ding"
[key] " propos"
[key] "al"
[cur] 54
[cur] 79
[key] " "
[del] 1
[key] "."
[key] " "
[key] "So"
[key] " I"
[key] " rejected"
[key] " your"
[key] " edit."
[cur] 81
[cur] 105
[cur] 104
[del] 1
[key] ","
[key] " "
[key] "w"
[key] "ent"
[key] " back"
[key] " to the"
[key] " pen"
[key] "ding"
[key] " propos"
[key] "al"
[cur] 106
[cur] 139
[key] ","
[key] " "
[key] "a"
[key] "nd"
[key] " ac"
[key] "cep"
[key] "t"
[key] "ed it"
[cur] 141
[cur] 156
[key] " "
[key] " "
[cur] 157
[del] 1
[cur] 156
[del] 1
[key] "."
[key] " "
[key] "E"
[key] "ver"
[key] "yth"
[key] "ing"
[key] " works"
[key] ", except"
[del] 8
[key] " except for."
[del] 11
[key] ", except for the fact"
[pause]
[fix] "Everything works, except for the fact." -> NONE
[cur] 196
[key] " tha"
[cur] 200
[key] "t"
[cur] 201
[key] " you did"
[cur] 209
[key] "n’t"
[cur] 212
[key] " realize"
[cur] 220
[key] " it"
[cur] 223
[key] " was"
[cur] 227
[key] " a pen"
[cur] 233
[key] "ding pro"
[cur] 241
[key] "pos"
[cur] 244
[key] "al"
[cur] 195
[cur] 245
[cur] 246
[key] " "
[key] " "
[key] "Even"
[key] " though"
[key] " it"
[key] " was"
[key] " listed"
[key] " at the"
[key] " beginning"
[key] " of this"
[key] " conversation as"
[key] " a"
[key] " pending"
[key] " proposal."
[pause]
[fix] "Even though it was listed at the beginning of this conversation as a pending proposal." -> NONE
[cur] 248
[cur] 334
[cur] 299
[cur] 300
[key] "s"
[cur] 301
[key] "h"
[cur] 302
[key] "o"
[cur] 303
[key] "r"
[cur] 304
[key] "t"
[cur] 305
[key] " "
[expect] "What you were looking at wasn’t an orphaned proposal, it was a pending proposal. So I rejected your edit, went back to the pending proposal, and accepted it. Everything works, except for the fact that you didn’t realize it was a pending proposal.  Even though it was listed at the beginning of this short conversation as a pending proposal."
[send] "What you were looking at wasn’t an orphaned proposal, it was a pending proposal. So I rejected your edit, went back to the pending proposal, and accepted it. Everything works, except for the fact that you didn’t realize it was a pending proposal.  Even though it was listed at the beginning of this short conversation as a pending proposal."

Test 2026-06-07.14-39-54:
[key] "D"
[key] "on"
[key] "’t"
[key] " you"
[key] " already have"
[key] " a"
[key] " clear"
[key] " de"
[key] "scription of"
[key] " it"
[key] " in?"
[del] 1
[key] " the system"
[key] " prompt"
[pause]
[fix] "Don’t you already have a clear description of it in the system prompt" -> NONE
[key] " or"
[key] " in"
[key] " a scale"
[key] " about"
[key] " pro"
[key] "pos"
[key] "als?"
[cur] 0
[del] 100
[key] "Don’t you already have a clear description of it in the system prompt or in a scale about proposals?"
[expect] "Don’t you already have a clear description of it in the system prompt or in a scale about proposals?"
[send] "Don’t you already have a clear description of it in the system prompt or in a scale about proposals?"

Test 2026-06-07.14-42-18:
[key] "I"
[key] " think"
[key] " we have"
[key] " also"
[key] " fixed items"
[key] " two and three"
[key] " from"
[key] " that"
[key] " Cary"
[del] 4
[key] "carryover list"
[key] " at the"
[key] " front"
[cur] 0
[cur] 84
[key] " "
[del] 1
[key] "."
[key] " "
[cur] 0
[pause]
[fix] "I think we have also fixed items two and three from that carryover list at the front. " -> NONE
[cur] 1
[key] " "
[cur] 2
[key] " "
[cur] 0
[pause]
[fix] "  I think we have also fixed items two and three from that carryover list at the front. " -> "I think we have also fixed items two and three from that carryover list"
[cur] 1
[key] "I"
[cur] 9
[key] " can see"
[cur] 20
[key] " why you’re"
[cur] 29
[key] " confused"
[cur] 0
[cur] 29
[cur] 30
[key] " "
[del] 1
[key] "."
[cur] 31
[key] " "
[cur] 33
[key] "Th"
[cur] 34
[key] "e"
[cur] 39
[key] " Cary"
[cur] 49
[del] 4
[key] "carryover list"
[cur] 60
[key] " describes."
[cur] 31
[cur] 60
[cur] 59
[del] 1
[cur] 60
[key] " "
[cur] 63
[key] "bug"
[cur] 69
[key] "s that"
[cur] 73
[key] " are"
[cur] 77
[key] " now"
[cur] 83
[key] " fixed"
[cur] 60
[cur] 83
[cur] 84
[key] " "
[cur] 85
[key] " "
[cur] 84
[del] 1
[cur] 83
[del] 1
[cur] 84
[key] "."
[cur] 85
[key] " "
[cur] 87
[key] "If"
[cur] 89
[key] " I"
[cur] 93
[key] " had"
[cur] 98
[key] " just"
[cur] 99
[key] "."
[cur] 85
[cur] 99
[cur] 98
[del] 1
[cur] 99
[key] " "
[pause]
[fix] "If I had just   I think we have also fixed items two and three from that carryover list at the front. " -> "I think we have also fixed items two and three from that carryover list at the front."
[cur] 100
[key] "s"
[cur] 103
[key] "ett"
[cur] 105
[key] "le"
[cur] 106
[key] "d"
[cur] 119
[key] " the painting"
[cur] 99
[cur] 119
[cur] 120
[key] "."
[cur] 110
[del] 10
[cur] 111
[key] " "
[cur] 114
[key] "pen"
[cur] 118
[key] "ding"
[cur] 123
[key] " edit"
[cur] 124
[key] "s"
[cur] 111
[cur] 124
[cur] 125
[key] "."
[cur] 124
[del] 1
[cur] 125
[key] ","
[cur] 126
[key] " "
[pause]
[fix] "If I had just settled the pending edits,   I think we have also fixed items two and three from that carryover list at the front. " -> "If I had just settled the pending edits, I think we have also fixed items two and three from that carryover list at the"
[cur] 128
[key] "th"
[cur] 129
[key] "e"
[cur] 134
[key] " Cary"
[cur] 139
[del] 4
[key] "carryover"
[cur] 146
[key] " points"
[cur] 157
[key] " would have"
[cur] 162
[key] " been"
[cur] 167
[key] " moot"
[cur] 126
[del] 41
[cur] 167
[key] "the carryover points would have been moot"
[expect] "I can see why you’re confused. The carryover list describes bugs that are now fixed. If I had just settled the pending edits, the carryover points would have been moot  I think we have also fixed items two and three from that carryover list at the front. "
[send] "I can see why you’re confused. The carryover list describes bugs that are now fixed. If I had just settled the pending edits, the carryover points would have been moot  I think we have also fixed items two and three from that carryover list at the front."

Test 2026-06-07.14-43-13:
[key] "Yes"
[cur] 0
[cur] 3
[key] " "
[del] 1
[key] "."
[key] " "
[key] "B"
[key] "eca"
[key] "use"
[key] " I am"
[key] " an"
[key] " ad"
[key] "min."
[del] 1
[key] " you have"
[key] " access"
[key] " to"
[key] " the"
[key] " system"
[key] " track"
[key] "er."
[cur] 5
[cur] 65
[key] " "
[key] " "
[key] "A"
[key] "nd "
[key] "I"
[key] " am"
[key] " as"
[key] " interested"
[key] " in"
[key] " fixing"
[key] " bugs."
[del] 1
[key] " as I am"
[key] " in"
[key] " Working"
[key] " on"
[key] " seat"
[key] " pot"
[del] 6
[key] "edpods."
[cur] 67
[del] 69
[key] "And I am as interested in fixing bugs as I am in Working on seedpods."
[expect] "Yes. Because I am an admin you have access to the system tracker.  And I am as interested in fixing bugs as I am in Working on seedpods."
[send] "Yes. Because I am an admin you have access to the system tracker.  And I am as interested in fixing bugs as I am in Working on seedpods."

Test 2026-06-07.14-47-59:
[cur] 30
[del] 1
[cur] 29
[del] 1
[key] " "
[key] " "
[cur] 30
[del] 1
[cur] 29
[del] 1
[cur] 28
[del] 1
[key] " "
[key] "a"
[key] "n"
[key] "d"
[key] " "
[key] "c"
[key] "a"
[key] "n"
[key] " "
[key] "be"
[cur] 37
[del] 2
[key] "b"
[key] "e"
[cur] 38
[del] 1
[key] "e"
[key] " "
[key] "c"
[key] "l"
[key] "o"
[key] "s"
[key] "ed"
[cur] 44
[del] 2
[key] "e"
[key] "d"
[cur] 45
[del] 1
[key] "d"
[key] " "
[del] 1
[key] "."
[key] " "
[pause]
[fix] "6 and can be closed. " -> NONE
[key] "A"
[key] "t t"
[key] "his"
[key] " po"
[key] "int"
[key] ", I"
[key] " do"
[key] "n"
[key] "’t think"
[key] " it’s"
[key] " worth."
[pause]
[fix] "At this point, I don’t think it’s worth." -> NONE
[del] 1
[key] " describing"
[key] "."
[key] " the"
[pause]
[fix] "At this point, I don’t think it’s worth describing the." -> NONE
[cur] 103
[key] " "
[cur] 104
[key] "f"
[cur] 105
[key] "i"
[cur] 106
[key] "x"
[cur] 107
[key] " "
[cur] 106
[del] 1
[cur] 107
[key] " "
[key] " "
[pause]
[fix] "At this point, I don’t think it’s worth describing the fix.  " -> NONE
[key] "I"
[key] " would"
[key] " prefer"
[key] " to close"
[key] " as many"
[key] " as possible"
[key] "."
[del] 1
[key] " and get"
[key] " this"
[key] " back to"
[key] " a man"
[key] "age"
[key] "able"
[key] " list"
[key] "."
[pause]
[fix] "I would prefer to close as many as possible and get this back to a manageable list." -> "I would prefer to close as many as possible and get this back to a manag"
[cur] 109
[del] 83
[key] "I would prefer to close as many as possible and get this back to a manageable list."
[expect] "These are all fixed in 1.4.6 and can be closed. At this point, I don’t think it’s worth describing the fix.  I would prefer to close as many as possible and get this back to a manageable list."
[send] "These are all fixed in 1.4.6 and can be closed. At this point, I don’t think it’s worth describing the fix.  I would prefer to close as many as possible and get this back to a manageable list."

Test 2026-06-07.14-50-46:
[key] "The"
[key] " Kong"
[del] 4
[key] "configuration"
[cur] 0
[cur] 17
[key] " "
[cur] 17
[del] 1
[key] ","
[key] " "
[key] "i"
[key] "f"
[key] " I"
[key] "’m not"
[key] " mistaken"
[cur] 19
[cur] 38
[key] ","
[key] " "
[pause]
[fix] "The configuration, if I’m not mistaken, " -> NONE
[key] "sh"
[key] "ow"
[key] "s"
[key] " what"
[key] " status"
[key] "es"
[key] " to"
[key] " always"
[key] " have"
[cur] 40
[cur] 74
[key] " "
[del] 1
[key] "."
[key] " "
[pause]
[fix] "The configuration, if I’m not mistaken, shows what statuses to always have. " -> NONE
[key] "Bu"
[key] "t"
[key] " other"
[key] " status"
[key] "es"
[key] " can be"
[key] " added"
[key] "."
[cur] 76
[cur] 108
[cur] 107
[del] 1
[key] ","
[key] " "
[key] "and"
[key] " th"
[key] "e"
[key] " system"
[del] 6
[key] "System show"
[del] 11
[key] "system shows"
[key] " all"
[key] " available"
[key] " choice"
[key] "s"
[cur] 109
[cur] 151
[key] " "
[key] "in"
[key] " th"
[key] "e"
[key] " U"
[key] "I"
[cur] 152
[cur] 161
[key] ","
[key] "’"
[key] "x"
[cur] 163
[del] 1
[cur] 162
[del] 1
[cur] 161
[del] 1
[key] "."
[key] " "
[key] " "
[pause]
[fix] "But other statuses can be added, and the system shows all available choices in the UI.  " -> NONE
[key] "A"
[key] "nd"
[key] " by"
[key] " th"
[key] "e"
[key] " way."
[cur] 164
[cur] 179
[key] " "
[cur] 179
[del] 1
[cur] 178
[del] 1
[key] " "
[key] "I"
[key] " just"
[key] " found a"
[key] " bug"
[key] " in"
[key] " that"
[cur] 179
[cur] 205
[cur] 204
[del] 1
[cur] 203
[del] 1
[key] "e"
[key] " "
[key] "tra"
[key] "ck"
[key] "er, you"
[cur] 215
[del] 5
[key] " UI"
[cur] 205
[cur] 215
[key] ":"
[key] " "
[key] "I"
[key] " can"
[key] " add"
[key] " a"
[key] " new"
[key] " status"
[key] " to the"
[key] " list"
[cur] 217
[cur] 251
[key] ","
[key] " "
[key] "but"
[key] " it"
[key] " doesn’t"
[key] " get"
[key] " app"
[key] "lied to the"
[key] " current"
[pause]
[fix] "And by the way I just found a bug in the tracker UI: I can add a new status to the list, but it doesn’t get applied to the current" -> "And by the way, I just found a bug in the tracker UI: I can add a new status to the list, but it doesn't get applied"
[key] " task"
[cur] 253
[cur] 299
[key] ","
[key] " "
[pause]
[fix] "And by the way I just found a bug in the tracker UI: I can add a new status to the list, but it doesn’t get applied to the current task, " -> "By the way, I just found a bug in the tracker UI: I can add a new status to the list, but it doesn't get applied"
[key] "and"
[key] " th"
[key] "ere"
[key] "fore"
[key] " it"
[key] " doesn’t"
[key] " survive"
[key] " into future"
[key] " status list"
[cur] 301
[cur] 357
[key] " "
[del] 1
[key] "."
[key] " "
[pause]
[fix] "And by the way I just found a bug in the tracker UI: I can add a new status to the list, but it doesn’t get applied to the current task, and therefore it doesn’t survive into future status list. " -> "By the way, I just found a bug in the tracker UI: I can add a new status to the list, but it doesn't get applied to the current task, and therefore it doesn't survive into future status lists."
[key] "Thi"
[key] "s i"
[key] "s"
[key] " also"
[key] " true for"
[key] " a version."
[del] 1
[key] " and tags"
[key] " I"
[key] " imagine."
[cur] 359
[del] 51
[key] "This is also true for a version and tags I imagine."
[expect] "The configuration, if I’m not mistaken, shows what statuses to always have. But other statuses can be added, and the system shows all available choices in the UI.  And by the way I just found a bug in the tracker UI: I can add a new status to the list, but it doesn’t get applied to the current task, and therefore it doesn’t survive into future status list. This is also true for a version and tags I imagine."
[send] "The configuration, if I’m not mistaken, shows what statuses to always have. But other statuses can be added, and the system shows all available choices in the UI.  And by the way I just found a bug in the tracker UI: I can add a new status to the list, but it doesn’t get applied to the current task, and therefore it doesn’t survive into future status list. This is also true for a version and tags I imagine."

Test 2026-06-07.14-53-05:
[key] "And"
[key] " no"
[key] "w"
[key] " I’m dealing"
[key] " with"
[key] " another bug"
[cur] 0
[cur] 36
[key] " "
[del] 1
[key] "."
[key] " "
[key] "I"
[key] " have"
[key] " noticed."
[key] " today"
[pause]
[fix] "I have noticed today." -> NONE
[cur] 59
[key] " "
[cur] 60
[key] "tha"
[cur] 63
[key] "t"
[cur] 64
[key] " sometimes you"
[cur] 78
[key] " say"
[cur] 82
[key] " you were"
[cur] 91
[key] " about"
[cur] 97
[key] " to do"
[cur] 103
[key] " something"
[cur] 113
[key] " and then you, Don"
[cur] 131
[del] 5
[key] " don’t"
[cur] 132
[key] " do"
[cur] 135
[key] " it"
[cur] 59
[cur] 137
[cur] 91
[cur] 92
[key] "￼"
[cur] 91
[del] 1
[cur] 138
[pause]
[fix] "I have noticed today that sometimes you say you were about to do something and then you don’t do it." -> "I've noticed today that sometimes you say you were about to do something and then you don't do"
[key] " "
[pause]
[fix] "I have noticed today that sometimes you say you were about to do something and then you don’t do it. " -> "I have noticed today that sometimes you say you were about to do something and then you don't do"
[key] "Sugg"
[key] "est"
[key] "."
[del] 1
[key] " either"
[key] " that"
[key] " you"
[key] "."
[del] 1
[key] " have"
[key] " bad instruct"
[key] "ions."
[key] " or"
[pause]
[fix] "Suggest either that you have bad instructions or." -> "Suggest either that"
[cur] 188
[key] " "
[cur] 189
[key] "tu"
[cur] 191
[key] "rn"
[cur] 193
[key] " taking"
[cur] 200
[key] " isn’t"
[cur] 206
[key] " working"
[cur] 214
[key] " correct"
[cur] 222
[key] "ly"
[cur] 188
[cur] 223
[cur] 193
[cur] 192
[del] 1
[cur] 193
[key] "-"
[cur] 223
[del] 9
[cur] 215
[key] "as"
[cur] 217
[key] " in"
[cur] 220
[key] "tend"
[cur] 224
[key] "ed"
[cur] 214
[cur] 225
[cur] 226
[key] " "
[key] " "
[pause]
[fix] "Suggest either that you have bad instructions or turn-taking isn’t working as intended.  " -> "Suggest either that you have bad instructions or turn-taking isn't working as intended."
[key] "A"
[key] "r"
[key] "e y"
[key] "ou"
[key] " able"
[key] " to?"
[cur] 228
[cur] 244
[cur] 243
[del] 1
[key] " "
[key] "insp"
[key] "ect"
[key] "?"
[pause]
[fix] "Are you able to inspect?" -> NONE
[del] 1
[key] " history"
[key] " and"
[key] " see if?"
[cur] 244
[cur] 271
[cur] 270
[del] 1
[key] " "
[key] "you"
[key] " tried"
[key] " to"
[key] " file"
[key] " a bug"
[key] " after you"
[key] " wrote"
[cur] 271
[cur] 310
[key] " "
[key] "“"
[key] "F"
[key] "i"
[key] "l"
[key] "o"
[key] "n"
[key] "g"
[key] " "
[key] "i"
[key] "t"
[key] " "
[key] "b"
[cur] 322
[del] 1
[key] "n"
[key] "o"
[key] "w"
[key] ":"
[key] "”"
[del] 1
[key] "i"
[pause]
[fix] "Are you able to inspect history and see if you tried to file a bug after you wrote “Filing it now:”" -> "Are you able to inspect history and see if you tried to file a bug after you wrote "Filing"
[expect] "And now I’m dealing with another bug. I have noticed today that sometimes you say you were about to do something and then you don’t do it. Suggest either that you have bad instructions or turn-taking isn’t working as intended.  Are you able to inspect history and see if you tried to file a bug after you wrote “Filing it now:”"
[send] "And now I’m dealing with another bug. I have noticed today that sometimes you say you were about to do something and then you don’t do it. Suggest either that you have bad instructions or turn-taking isn’t working as intended.  Are you able to inspect history and see if you tried to file a bug after you wrote “Filing it now:”"

Test 2026-06-07.14-53-57:
[key] "H"
[key] "a"
[key] "h"
[expect] "Hah"
[send] "Hah"

Test 2026-06-07.14-56-02:
[key] "My"
[key] " understanding"
[key] " is"
[key] " Anthro"
[key] "pic"
[key] " native"
[key] " to"
[key] "ol"
[key] "s"
[key] " can be chained"
[key] " in"
[key] " a single"
[key] " request"
[cur] 0
[cur] 77
[key] " "
[del] 1
[key] "."
[key] " "
[pause]
[fix] "My understanding is Anthropic native tools can be chained in a single request. " -> NONE
[key] "An"
[key] "d t"
[key] "he"
[key] " harness"
[key] " assumes"
[key] "."
[del] 1
[key] " that"
[key] " the"
[key] " chain"
[key] " is"
[key] " complete."
[cur] 79
[cur] 130
[key] " "
[pause]
[fix] "And the harness assumes that the chain is complete. " -> NONE
[key] "But"
[key] " you"
[key] " may"
[key] " be"
[key] " assuming"
[key] "."
[del] 1
[key] " that you"
[key] " get another."
[pause]
[fix] "But you may be assuming that you get another." -> NONE
[del] 1
[key] " crackhead it"
[key] "."
[cur] 131
[cur] 188
[del] 4
[key] " at"
[cur] 188
[key] " "
[pause]
[fix] "But you may be assuming that you get another crack at it. " -> NONE
[key] "W"
[key] "e"
[key] " try that"
[key] " before."
[cur] 189
[cur] 208
[cur] 207
[del] 1
[key] " "
[pause]
[fix] "We try that before " -> NONE
[key] "b"
[key] "ut"
[key] " you"
[key] " had"
[key] " trouble"
[key] " saying"
[cur] 208
[cur] 234
[key] " "
[key] "whet"
[key] "her"
[key] " you"
[key] " were"
[cur] 235
[cur] 251
[key] " "
[pause]
[fix] "We try that before but you had trouble saying whether you were " -> "We tried that before, but you had"
[key] "fi"
[key] "nis"
[key] "hed"
[key] " or had"
[key] " more"
[key] " to"
[key] " say"
[cur] 252
[cur] 279
[cur] 234
[del] 6
[cur] 234
[key] "announ"
[cur] 238
[key] "cing"
[cur] 228
[del] 10
[cur] 238
[key] "announcing"
[cur] 283
[key] " "
[del] 1
[key] "."
[key] " "
[pause]
[fix] "We try that before but you had trouble announcing whether you were finished or had more to say. " -> NONE
[key] "I"
[key] " wonder"
[key] " if"
[key] " there’s a"
[key] " best"
[key] " practice for"
[key] " this issue"
[cur] 285
[del] 50
[key] "I wonder if there’s a best practice for this issue"
[expect] "My understanding is Anthropic native tools can be chained in a single request. And the harness assumes that the chain is complete. But you may be assuming that you get another crack at it. We try that before but you had trouble announcing whether you were finished or had more to say. I wonder if there’s a best practice for this issue"
[send] "My understanding is Anthropic native tools can be chained in a single request. And the harness assumes that the chain is complete. But you may be assuming that you get another crack at it. We try that before but you had trouble announcing whether you were finished or had more to say. I wonder if there’s a best practice for this issue"

Test 2026-06-07.14-59-05:
[key] "Y"
[key] "es"
[key] ", I don’t"
[key] " want"
[key] " the"
[key] " harness"
[key] " to"
[key] " try"
[key] " to"
[key] " find"
[key] " in"
[key] "tent"
[cur] 0
[cur] 51
[key] " "
[del] 1
[key] "."
[key] " "
[key] "B"
[key] "ut"
[key] " maybe"
[key] " it’s"
[key] " in"
[key] " your"
[key] " deeper."
[cur] 53
[cur] 83
[cur] 82
[del] 1
[key] " "
[pause]
[fix] "But maybe it’s in your deeper " -> NONE
[key] "tr"
[key] "ain"
[key] "ing"
[cur] 83
[cur] 91
[key] " "
[key] "to"
[key] " signify"
[key] " in"
[key] "tent"
[key] " by end"
[key] "ing"
[key] " with"
[key] " a colon"
[cur] 92
[cur] 132
[key] " "
[key] " "
[cur] 133
[del] 1
[cur] 132
[del] 1
[key] ":"
[cur] 132
[del] 1
[key] "."
[key] " "
[key] " "
[pause]
[fix] "But maybe it’s in your deeper training to signify intent by ending with a colon.  " -> NONE
[key] "Tha"
[key] "t"
[key] "’s something"
[key] " we."
[key] " could"
[pause]
[fix] "That’s something we could." -> NONE
[cur] 161
[key] " "
[cur] 160
[del] 1
[cur] 161
[key] " "
[cur] 162
[key] "te"
[cur] 164
[key] "ach"
[cur] 167
[key] " the"
[cur] 171
[key] " harness"
[cur] 179
[key] " to"
[cur] 182
[key] " understand"
[cur] 161
[del] 31
[cur] 162
[key] "teach the harness to understand"
[expect] "Yes, I don’t want the harness to try to find intent. But maybe it’s in your deeper training to signify intent by ending with a colon.  That’s something we could teach the harness to understand."
[send] "Yes, I don’t want the harness to try to find intent. But maybe it’s in your deeper training to signify intent by ending with a colon.  That’s something we could teach the harness to understand."

Test 2026-06-07.15-00-29:
[key] "I"
[key] " don’t"
[key] " like"
[cur] 0
[cur] 12
[key] " "
[key] "“"
[key] " co"
[key] "n"
[key] "tain"
[key] "s promise"
[del] 8
[key] ", promised verb"
[del] 15
[key] " promised verbs"
[cur] 14
[cur] 38
[key] "”"
[key] " "
[cur] 15
[cur] 14
[del] 1
[cur] 39
[pause]
[fix] "I don’t like “contains promised verbs” " -> "I don't like ""
[key] "but"
[key] " we"
[key] " could"
[key] " always"
[key] " just"
[key] " say"
[cur] 39
[cur] 67
[key] " "
[key] "“"
[pause]
[fix] "I don’t like “contains promised verbs” but we could always just say “" -> NONE
[key] " "
[key] "if"
[key] " the"
[key] " message"
[cur] 69
[cur] 84
[key] " "
[key] "Kon"
[key] "g"
[del] 4
[key] "contain"
[key] "s"
[key] " no"
[key] " action"
[key] "s"
[cur] 85
[cur] 104
[key] " "
[key] "bu"
[key] "t"
[key] " end"
[key] "s with"
[key] " a"
[key] " colon"
[cur] 105
[cur] 126
[key] ","
[key] " "
[pause]
[fix] "I don’t like “contains promised verbs” but we could always just say “ if the message contains no actions but ends with a colon, " -> "I don't like "contains promised verbs" but we could always just say "if the message contains no actions but ends with a colon,""
[key] "send"
[key] " a ne"
[key] "w"
[key] " empty"
[key] " request"
[cur] 128
[cur] 152
[key] "”"
[expect] "I don’t like “contains promised verbs” but we could always just say “ if the message contains no actions but ends with a colon, send a new empty request”"
[send] "I don’t like “contains promised verbs” but we could always just say “ if the message contains no actions but ends with a colon, send a new empty request”"

Test 2026-06-07.15-01-37:
[key] "Y"
[key] "es"
[key] ", it"
[key] "’s a"
[key] " separate"
[key] " task"
[cur] 0
[del] 25
[key] "Yes, it’s a separate task"
[expect] "Yes, it’s a separate task"
[send] "Yes, it’s a separate task"

Test 2026-06-07.15-02-12:
[key] " "
[pause]
[fix] " " -> NONE
[cur] 0
[del] 1
[key] "-"
[expect] "-"
[send] "-"

Test 2026-06-07.15-02-30:
[key] "-"
[pause]
[fix] "-" -> NONE
[expect] "-"
[send] "-"

Test 2026-06-07.15-05-18:
[key] "I"
[key] " think"
[key] " 540"
[del] 1
[key] "8"
[key] " and"
[key] " 540"
[del] 1
[key] "9"
[key] " are the same"
[key] " thing"
[cur] 0
[cur] 38
[key] " "
[del] 1
[key] "."
[key] " "
[key] "W"
[key] "hen"
[key] " is"
[key] " the"
[cur] 40
[cur] 51
[key] " "
[cur] 47
[del] 5
[cur] 44
[del] 3
[cur] 43
[del] 1
[cur] 42
[del] 1
[cur] 41
[del] 1
[cur] 40
[del] 1
[cur] 39
[del] 1
[key] " "
[key] "Whe"
[key] "n"
[key] " is"
[key] " the"
[key] " behavior"
[key] " and the"
[key] " other"
[key] " is"
[key] " the pro"
[cur] 40
[cur] 85
[cur] 44
[del] 4
[key] "O"
[cur] 42
[key] "n"
[cur] 43
[key] "e"
[cur] 84
[pause]
[fix] "One is the behavior and the other is the pro" -> NONE
[key] "p"
[key] "o"
[key] "s"
[key] "e"
[key] "d"
[key] " "
[key] "f"
[key] "i"
[key] "x"
[key] " "
[del] 1
[key] "."
[key] " "
[pause]
[fix] "One is the behavior and the other is the proposed fix. " -> NONE
[key] "Pl"
[key] "eas"
[key] "e m"
[key] "erg"
[key] "e"
[key] " them."
[cur] 95
[cur] 113
[key] " "
[key] " "
[pause]
[fix] "Please merge them.  " -> NONE
[expect] "I think 548 and 549 are the same thing. One is the behavior and the other is the proposed fix. Please merge them.  "
[send] "I think 548 and 549 are the same thing. One is the behavior and the other is the proposed fix. Please merge them."

Test 2026-06-07.15-05-35:
[key] "-"
[expect] "-"
[send] "-"

Test 2026-06-07.15-05-51:
[key] "-"
[expect] "-"
[send] "-"

Test 2026-06-07.15-09-16:
[key] "H"
[key] "oor"
[key] "ay"
[pause]
[fix] "Hooray" -> NONE
[cur] 0
[cur] 6
[pause]
[fix] "Hooray" -> NONE
[cur] 5
[del] 1
[cur] 4
[del] 1
[cur] 3
[del] 1
[cur] 2
[del] 1
[cur] 1
[del] 1
[cur] 0
[del] 1
[key] "Lo"
[key] "ok"
[key] " at bug"
[key] "s"
[key] ", Ford"
[cur] 0
[cur] 18
[key] " "
[cur] 13
[del] 6
[key] " "
[pause]
[fix] "Look at bugs, " -> NONE
[cur] 13
[del] 1
[cur] 12
[del] 1
[cur] 11
[del] 1
[key] "s"
[key] " "
[key] "5"
[key] "4"
[key] "4"
[key] " "
[key] "a"
[key] "n"
[key] "d"
[key] " "
[key] "5"
[key] "4"
[key] "5"
[key] " "
[del] 1
[key] "."
[key] " "
[pause]
[fix] "Look at bugs 544 and 545. " -> NONE
[key] "Bot"
[key] "h"
[key] " of"
[key] " them"
[key] " say."
[cur] 26
[cur] 43
[key] " "
[cur] 43
[del] 1
[cur] 42
[del] 1
[key] " "
[key] "“"
[key] "c"
[key] "o"
[key] "n"
[key] "f"
[key] "l"
[key] "i"
[key] "ct"
[cur] 50
[del] 2
[key] "c"
[key] "t"
[cur] 51
[del] 1
[key] "t"
[key] "”"
[key] " "
[key] "in"
[key] " th"
[key] "eir"
[key] " de"
[key] "scription"
[key] "s"
[cur] 54
[cur] 75
[key] " "
[del] 1
[key] "."
[key] " "
[pause]
[fix] "Both of them say “conflict” in their descriptions. " -> NONE
[key] "T"
[key] "his"
[key] " is"
[key] " likely."
[cur] 77
[cur] 92
[cur] 91
[del] 1
[key] " "
[pause]
[fix] "This is likely " -> NONE
[key] "fr"
[key] "om"
[key] " merging two"
[key] " different"
[key] " bug list"
[key] "s."
[cur] 92
[cur] 129
[cur] 128
[del] 1
[key] " "
[key] "whic"
[key] "h"
[key] " had"
[key] " different"
[key] " new"
[key] " bug"
[key] "s"
[key] " on the"
[key] " top"
[cur] 129
[cur] 168
[key] " "
[key] " "
[cur] 169
[del] 1
[cur] 168
[del] 1
[key] "."
[key] " "
[key] "If I"
[key] "’m"
[key] " right."
[cur] 170
[cur] 183
[cur] 182
[del] 1
[key] " "
[key] "the"
[key] " de"
[key] "scription"
[key] " of each"
[key] " describes"
[key] " two bugs."
[cur] 183
[cur] 226
[key] " "
[cur] 226
[del] 1
[cur] 225
[del] 1
[key] " "
[key] "an"
[key] "d o"
[key] "ne"
[key] " of them"
[key] " should be"
[key] " pulled out"
[key] " into a"
[key] " new"
[key] " report"
[key] " with a new"
[key] " number"
[cur] 226
[del] 72
[key] "and one of them should be pulled out into a new report with a new number"
[expect] "Look at bugs 544 and 545. Both of them say “conflict” in their descriptions. This is likely from merging two different bug lists which had different new bugs on the top. If I’m right the description of each describes two bugs and one of them should be pulled out into a new report with a new number"
[send] "Look at bugs 544 and 545. Both of them say “conflict” in their descriptions. This is likely from merging two different bug lists which had different new bugs on the top. If I’m right the description of each describes two bugs and one of them should be pulled out into a new report with a new number"

Test 2026-06-07.15-10-01:
[key] "You"
[key] " can"
[key] "’t"
[key] " read"
[key] " a"
[key] " bug"
[key] " only"
[key] " a de"
[key] "scription"
[cur] 0
[cur] 39
[cur] 37
[cur] 39
[del] 11
[key] "um"
[key] "s"
[cur] 31
[key] "m"
[key] "a"
[key] "r"
[key] "y"
[key] "?"
[cur] 21
[del] 3
[key] "t"
[cur] 19
[key] "a"
[cur] 20
[key] "s"
[cur] 21
[key] "k"
[cur] 22
[key] "?"
[cur] 23
[key] " "
[expect] "You can’t read a task?  only a summary?"
[send] "You can’t read a task?  only a summary?"

Test 2026-06-07.15-11-44:
[key] "Th"
[key] "e"
[key] " sum"
[key] "mary only"
[key] " return"
[key] "s"
[key] " 30"
[del] 1
[key] "4"
[key] " ones"
[cur] 0
[cur] 32
[cur] 28
[cur] 27
[del] 1
[cur] 26
[del] 1
[cur] 27
[key] "0"
[cur] 28
[key] " "
[cur] 29
[key] "f"
[cur] 30
[key] "u"
[cur] 31
[key] "l"
[cur] 32
[key] "l"
[cur] 33
[key] " "
[cur] 37
[key] " "
[del] 1
[key] "."
[key] " "
[pause]
[fix] "The summary only returns 30 full ones. " -> NONE
[key] "Bu"
[key] "t"
[key] " you should"
[key] " have"
[key] " a separate"
[key] "."
[key] " verb"
[pause]
[fix] "But you should have a separate verb." -> NONE
[cur] 75
[key] " "
[pause]
[fix] "But you should have a separate verb ." -> NONE
[cur] 76
[key] "t"
[cur] 77
[key] "o"
[cur] 78
[key] " read"
[cur] 83
[key] " any"
[cur] 87
[key] " select"
[cur] 94
[key] "ed one"
[cur] 75
[cur] 99
[cur] 100
[key] ","
[cur] 101
[key] " "
[cur] 102
[key] "j"
[cur] 103
[key] "ust"
[cur] 106
[key] " like"
[cur] 111
[key] " you"
[cur] 115
[key] " can write"
[cur] 101
[cur] 124
[cur] 125
[key] "4"
[cur] 118
[del] 7
[cur] 119
[key] " "
[cur] 120
[key] "p"
[cur] 121
[key] "r"
[cur] 122
[key] "e"
[cur] 123
[key] "s"
[cur] 124
[key] "u"
[cur] 125
[key] "m"
[cur] 126
[key] "B"
[cur] 127
[key] "l"
[cur] 128
[key] "y"
[cur] 129
[del] 1
[key] "ab"
[cur] 118
[del] 12
[key] " "
[key] "e"
[key] "d"
[key] "i"
[key] "t"
[key] " "
[pause]
[fix] "But you should have a separate verb to read any selected one, just like you can edit " -> NONE
[key] "a"
[key] "ny"
[key] " select"
[key] "ed"
[key] " one"
[cur] 124
[cur] 140
[key] ","
[key] " "
[key] "a"
[key] "s"
[key] " you"
[key] " just"
[key] " did when"
[key] " you"
[key] " delete"
[key] "d upon"
[cur] 142
[cur] 179
[key] " "
[cur] 174
[del] 6
[key] " "
[key] "o"
[key] "n"
[key] "e"
[key] " "
[del] 1
[key] "."
[key] " "
[pause]
[fix] "But you should have a separate verb to read any selected one, just like you can edit any selected one, as you just did when you deleted one. " -> "But you should have a separate verb to read any selected one, just like you can edit any selected one, as you just did when you deleted one."
[cur] 82
[cur] 75
[cur] 78
[cur] 79
[key] "*"
[cur] 83
[cur] 84
[key] "*"
[expect] "The summary only returns 30 full ones. But you should have a separate verb to *read* any selected one, just like you can edit any selected one, as you just did when you deleted one."
[send] "The summary only returns 30 full ones. But you should have a separate verb to *read* any selected one, just like you can edit any selected one, as you just did when you deleted one."

Test 2026-06-07.15-12-13:
[key] "-"
[pause]
[fix] "-" -> NONE
[expect] "-"
[send] "-"

Test 2026-06-07.15-12-27:
[key] "-"
[expect] "-"
[send] "-"

Test 2026-06-07.15-14-13:
[key] "In tracker, save doesn’t close edit, but close exit tracker.  [merge conflict] field "name": kept (absent) (theirs, 2026-06-06T16:56:27-07:00); overrode "No room for title and tracker on portrait mode phone" (ours, 06/06/26)"
[pause]
[fix] "[merge conflict] field "name": kept (absent) (theirs, 2026-06-06T16:56:27-07:00); overrode "No room for title and tracker on portrait mode phone" (ours, 06/06/26)" -> NONE
[cur] 61
[cur] 59
[cur] 58
[cur] 57
[cur] 56
[cur] 55
[cur] 54
[cur] 53
[cur] 1
[cur] 0
[cur] 1
[key] "5"
[cur] 2
[key] "4"
[cur] 3
[key] "4"
[cur] 4
[key] ":"
[cur] 5
[key] " "
[cur] 229
[key] " "
[key] " "
[pause]
[fix] "[merge conflict] field "name": kept (absent) (theirs, 2026-06-06T16:56:27-07:00); overrode "No room for title and tracker on portrait mode phone" (ours, 06/06/26)  " -> NONE
[cur] 229
[cur] 230
[key] " "
[cur] 231
[key] " "
[cur] 232
[key] "5"
[cur] 233
[key] "4"
[cur] 234
[key] "5"
[cur] 235
[key] " "
[pause]
[fix] "[merge conflict] field "name": kept (absent) (theirs, 2026-06-06T16:56:27-07:00); overrode "No room for title and tracker on portrait mode phone" (ours, 06/06/26)  545   " -> NONE
[cur] 237
[key] " In tracker, save doesn’t close edit, but close exit tracker.  [merge conflict] field "name": kept (absent) (theirs, 2026-06-06T16:56:27-07:00); overrode "No room for title and tracker on portrait mode phone" (ours, 06/06/26)"
[expect] "544: In tracker, save doesn’t close edit, but close exit tracker.  [merge conflict] field "name": kept (absent) (theirs, 2026-06-06T16:56:27-07:00); overrode "No room for title and tracker on portrait mode phone" (ours, 06/06/26)  545  In tracker, save doesn’t close edit, but close exit tracker.  [merge conflict] field "name": kept (absent) (theirs, 2026-06-06T16:56:27-07:00); overrode "No room for title and tracker on portrait mode phone" (ours, 06/06/26)  "
[send] "544: In tracker, save doesn’t close edit, but close exit tracker.  [merge conflict] field "name": kept (absent) (theirs, 2026-06-06T16:56:27-07:00); overrode "No room for title and tracker on portrait mode phone" (ours, 06/06/26)  545  In tracker, save doesn’t close edit, but close exit tracker.  [merge conflict] field "name": kept (absent) (theirs, 2026-06-06T16:56:27-07:00); overrode "No room for title and tracker on portrait mode phone" (ours, 06/06/26)"

Test 2026-06-07.15-15-21:
[key] "_"
[key] "-"
[cur] 1
[del] 1
[cur] 0
[del] 1
[key] "-"
[expect] "-"
[send] "-"

Test 2026-06-07.15-15-38:
[key] "-"
[expect] "-"
[send] "-"

Test 2026-06-07.15-15-56:
[key] "-"
[expect] "-"
[send] "-"

Test 2026-06-07.15-16-10:
[key] "-"
[expect] "-"
[send] "-"

Test 2026-06-07.15-16-28:
[key] "O"
[key] "k"
[key] " "
[key] "d"
[key] "i"
[cur] 4
[del] 1
[key] "o"
[key] " "
[key] "i"
[key] "t"
[expect] "Ok do it"
[send] "Ok do it"

Test 2026-06-07.21-30-59:
[key] "I"
[key] " think"
[key] " we fixed"
[key] " a bunch of"
[key] " things"
[cur] 0
[cur] 34
[pause]
[fix] "I think we fixed a bunch of things" -> NONE
[key] " "
[key] "i"
[key] "ncl"
[key] "udi"
[key] "ng"
[key] " perhaps"
[del] 8
[key] ", perhaps your"
[del] 14
[key] " perhaps your 10"
[del] 16
[key] ", perhaps your tenancy"
[key] " to say you are"
[del] 4
[key] "’re going to"
[key] " do"
[key] " something"
[key] " and then not do"
[key] " it"
[cur] 35
[cur] 121
[cur] 66
[cur] 67
[key] "￼"
[cur] 66
[del] 1
[cur] 62
[cur] 66
[cur] 65
[cur] 64
[cur] 63
[cur] 62
[cur] 67
[cur] 62
[pause]
[fix] "I think we fixed a bunch of things including, perhaps your tenancy to say you’re going to do something and then not do it" -> "I think we fixed a bunch of things including, perhaps, your tendency to say you're going to do something and then not do it."
[cur] 63
[key] "d"
[pause]
[fix] "I think we fixed a bunch of things including, perhaps your tendancy to say you’re going to do something and then not do it" -> "I think we fixed a bunch of things, including perhaps your tendency to say you're going to do something and then not do it."
[expect] "I think we fixed a bunch of things including, perhaps your tendancy to say you’re going to do something and then not do it"
[send] "I think we fixed a bunch of things including, perhaps your tendancy to say you’re going to do something and then not do it"

Test 2026-06-07.21-32-08:
[key] "A"
[key] "r"
[key] "e"
[key] " there any"
[key] " bugs"
[key] " we"
[key] " file"
[key] "d today?"
[del] 1
[key] " that say"
[key] " they"
[key] " are"
[del] 4
[key] "’re still open?"
[key] " They need to"
[del] 14
[key] " that need to be"
[del] 16
[key] "? They need to be closed"
[key] " because"
[key] " we"
[key] " can test"
[key] " them here."
[pause]
[fix] "They need to be closed because we can test them here." -> NONE
[cur] 0
[cur] 116
[cur] 62
[del] 5
[cur] 61
[del] 1
[cur] 62
[key] " "
[cur] 63
[key] "b"
[cur] 64
[key] "u"
[cur] 65
[key] "t"
[cur] 71
[del] 7
[cur] 67
[key] "c"
[cur] 68
[key] "o"
[cur] 69
[key] "u"
[cur] 70
[key] "k"
[cur] 71
[key] "d"
[del] 1
[key] "l"
[expect] "Are there any bugs we filed today that say they’re still open but could be closed because we can test them here."
[send] "Are there any bugs we filed today that say they’re still open but could be closed because we can test them here."

Test 2026-06-07.21-33-07:
[mic] on
[mic] "That"
[mic] "That message"
[mic] "That message came"
[mic] "That message came through"
[mic] "That message came through twice"
[key] " "
[del] 1
[key] "."
[key] " "
[mic] "That message came through twice you"
[mic] "That message came through twice you can"
[mic] "That message came through twice you can blame"
[mic] "That message came through twice you can blame yourself"
[mic] "That message came through twice you can blame yourself, but"
[mic] "That message came through twice you can blame yourself, but I"
[mic] "That message came through twice you can blame yourself, but I am"
[mic] "That message came through twice you can blame yourself, but I'm am"
[mic] "That message came through twice you can blame yourself, but I'm pretty"
[mic] "That message came through twice you can blame yourself, but I'm pretty sure"
[mic] "That message came through twice you can blame yourself, but I'm pretty sure this"
[mic] "That message came through twice you can blame yourself, but I'm pretty sure this is"
[mic] "That message came through twice you can blame yourself, but I'm pretty sure this is a"
[mic] "That message came through twice you can blame yourself, but I'm pretty sure this is a bug"
[cur] 32
[cur] 31
[del] 1
[cur] 32
[key] "."
[cur] 33
[key] " "
[cur] 13
[pause]
[fix] "you can blame yourself, but I'm pretty sure this is a bug. " -> "You can blame yourself, but I'm"
[cur] 15
[key] "yo"
[cur] 17
[key] "u "
[cur] 22
[key] "just "
[cur] 29
[key] "posted "
[cur] 13
[del] 16
[cur] 29
[key] "you just posted "
[mic] off
[expect] "That message you just posted came through twice. you can blame yourself, but I'm pretty sure this is a bug. "
[send] "That message you just posted came through twice. you can blame yourself, but I'm pretty sure this is a bug."

Test 2026-06-07.21-35-21:
[key] "I"
[key] " love"
[key] " that"
[cur] 0
[cur] 11
[key] " "
[del] 1
[key] "."
[key] " "
[key] "You"
[key] " forgot to call"
[key] " yield"
[key] "."
[cur] 13
[cur] 38
[cur] 37
[del] 1
[key] " "
[key] "b"
[key] "u"
[key] "t"
[key] " did"
[key] "n’t"
[key] " request"
[key] " a"
[key] " tool"
[cur] 38
[cur] 63
[key] " "
[key] " "
[key] "t"
[key] "he"
[key] " harness"
[key] " picked it up"
[del] 13
[key] ", picked it up and remind"
[key] "ed you"
[key] " to"
[key] " call"
[cur] 65
[cur] 115
[cur] 63
[cur] 64
[key] " "
[del] 1
[key] "."
[cur] 65
[key] " "
[cur] 117
[key] " "
[key] "y"
[key] "o"
[key] "e"
[key] "l"
[key] "d"
[del] 1
[key] "i"
[cur] 121
[del] 3
[key] " eld "
[cur] 124
[del] 1
[cur] 123
[del] 1
[cur] 122
[del] 1
[cur] 121
[del] 1
[cur] 120
[del] 1
[key] "e"
[key] "ld"
[cur] 121
[del] 2
[key] "l"
[key] "d"
[cur] 122
[del] 1
[key] "d"
[key] " "
[del] 1
[key] "."
[key] " "
[pause]
[fix] "the harness, picked it up and reminded you to call yield. " -> NONE
[key] "Then"
[key] " you."
[key] " did"
[pause]
[fix] "Then you did." -> NONE
[cur] 138
[key] " "
[cur] 139
[key] "cal"
[cur] 142
[key] "l"
[cur] 143
[key] " it"
[cur] 137
[cur] 145
[cur] 146
[key] ","
[cur] 147
[key] " "
[cur] 148
[key] "al"
[cur] 150
[key] "ong"
[cur] 153
[key] " with"
[cur] 158
[key] " an"
[cur] 161
[key] " apology"
[cur] 169
[key] " to the"
[cur] 176
[key] " harness"
[cur] 147
[cur] 183
[cur] 184
[key] " "
[key] " "
[pause]
[fix] "Then you did call it, along with an apology to the harness.  " -> NONE
[expect] "I love that. You forgot to call yield but didn’t request a tool.   the harness, picked it up and reminded you to call yield. Then you did call it, along with an apology to the harness.  "
[send] "I love that. You forgot to call yield but didn’t request a tool.   the harness, picked it up and reminded you to call yield. Then you did call it, along with an apology to the harness."

Test 2026-06-07.21-37-36:
[key] "We"
[key] " actually"
[key] " fixed"
[key] " 540"
[del] 1
[key] "8"
[pause]
[fix] "We actually fixed 548" -> NONE
[key] " and replaced it by 553"
[cur] 0
[cur] 44
[key] " "
[del] 1
[key] "."
[key] " "
[key] "And"
[key] " I"
[key] " think"
[key] " if the"
[key] " harness"
[key] "."
[cur] 46
[cur] 73
[cur] 72
[del] 1
[key] " "
[pause]
[fix] "And I think if the harness " -> NONE
[key] "jus"
[key] "t"
[key] " told"
[key] " you"
[key] " this message"
[key] " is"
[key] " from"
[key] " the"
[key] " harness"
[cur] 73
[cur] 119
[key] " "
[cur] 119
[del] 1
[key] ","
[key] " "
[pause]
[fix] "And I think if the harness just told you this message is from the harness, " -> NONE
[key] "you"
[key] " probably"
[key] " wouldn’t"
[key] " apologize"
[cur] 121
[cur] 152
[cur] 92
[del] 4
[key] "i"
[cur] 89
[key] "t"
[cur] 90
[key] "s"
[cur] 102
[del] 2
[key] "w"
[cur] 101
[key] "a"
[cur] 102
[key] "s"
[expect] "We actually fixed 548 and replaced it by 553. And I think if the harness just told you its message was from the harness, you probably wouldn’t apologize"
[send] "We actually fixed 548 and replaced it by 553. And I think if the harness just told you its message was from the harness, you probably wouldn’t apologize"

Test 2026-06-07.21-40-04:
[key] "H"
[key] "m"
[key] "m"
[key] " "
[pause]
[fix] "Hmm " -> NONE
[key] "y"
[key] "ou"
[key] " di"
[key] "d"
[key] "n’t"
[key] " continue"
[key] " which"
[del] 6
[key] ", which suggest"
[key] " the"
[key] " harness"
[del] 26
[key] " which suggest the harness think"
[pause]
[fix] "Hmm you didn’t continue which suggest the harness thinks" -> NONE
[cur] 56
[key] " "
[cur] 57
[key] "￼"
[cur] 58
[cur] 57
[del] 1
[cur] 57
[cur] 56
[del] 1
[cur] 55
[del] 1
[cur] 54
[del] 1
[cur] 53
[del] 1
[cur] 52
[del] 1
[cur] 51
[del] 1
[cur] 50
[del] 1
[mic] on
[pause]
[fix] "Hmm you didn’t continue which suggest the harness " -> NONE
[mic] "I assume"
[mic] "I assumed"
[mic] "I assumed you"
[mic] "I assumed you are"
[mic] "I assume you are"
[mic] "I assume you're done"
[key] " "
[del] 1
[key] "."
[key] " "
[pause]
[context] "Hmm you didn’t continue which suggest the harness "
[fix] "I assume you're done" -> NONE
[mic] "I assume you're done but"
[mic] "I assume you're done but you"
[mic] "I assume you're done but you probably"
[mic] "I assume you're done, but you probably did"
[mic] "I assume you're done, but you probably didn't"
[pause]
[context] "Hmm you didn’t continue which suggest the harness "
[fix] "I assume you're done, but you probably didn't" -> NONE
[mic] "I assume you're done, but you probably didn't ye"
[mic] "I assume you're done, but you probably didn't yield"
[cur] 102
[del] 1
[key] " "
[cur] 102
[del] 1
[cur] 101
[del] 1
[key] " "
[mic] "Since"
[mic] "Since your"
[mic] "Since your message"
[mic] "Since your message ended"
[mic] "Since your message ended with"
[mic] "Since your message ended with a"
[mic] "Since your message ended with a colon"
[key] ":"
[key] " "
[mic] "Since your message ended with a colon what"
[mic] "Since your message ended with a colon what do"
[mic] "Since your message ended with a colon what do you"
[mic] "Since your message ended with a colon what do you think"
[mic] "Since your message ended with a colon what do you think happened"
[mic] "Since your message ended with a colon what do you think happened?"
[cur] 140
[cur] 139
[del] 1
[cur] 140
[key] "."
[cur] 141
[key] " "
[cur] 170
[pause]
[fix] ": " -> NONE
[cur] 169
[del] 1
[cur] 168
[del] 1
[mic] off
[expect] "Hmm you didn’t continue which suggest the harness I assume you're done, but you probably didn't yield since your message ended with a colon. what do you think happened?"
[send] "Hmm you didn’t continue which suggest the harness I assume you're done, but you probably didn't yield since your message ended with a colon. what do you think happened?"

Test 2026-06-07.21-43-00:
[key] "But"
[key] " I"
[key] " think"
[key] " 550"
[del] 1
[key] "3"
[key] " should"
[key] " remain open"
[cur] 0
[cur] 34
[key] " "
[cur] 34
[del] 1
[key] " "
[del] 1
[key] "."
[key] " "
[pause]
[fix] "But I think 553 should remain open. " -> NONE
[key] "And"
[key] " it"
[key] " just"
[key] " says"
[key] " the prom."
[del] 1
[key] "pt"
[key] "."
[del] 1
[key] " needs to"
[key] " more clear"
[key] "ly."
[pause]
[fix] "And it just says the prompt needs to more clearly." -> NONE
[del] 1
[key] " be from the"
[key] " harness."
[cur] 36
[cur] 106
[key] " "
[key] "Ju"
[key] "st"
[key] " pointing out"
[key] " you"
[del] 4
[key] ", you forgot"
[key] " something"
[key] "."
[del] 1
[key] " is not"
[key] " enough."
[cur] 107
[cur] 161
[cur] 126
[cur] 125
[del] 1
[cur] 124
[del] 1
[cur] 125
[key] " "
[cur] 112
[pause]
[fix] "Just pointing out you forgot something is not enough." -> NONE
[cur] 115
[key] "ano"
[cur] 118
[key] "nym"
[cur] 121
[key] "ous"
[cur] 122
[key] " "
[cur] 124
[key] "ly"
[cur] 124
[cur] 135
[key] " anonymously"
[cur] 136
[cur] 149
[pause]
[fix] "Just anonymously anonymously pointing out you forgot something is not enough." -> NONE
[cur] 150
[key] "t"
[cur] 151
[key] "h"
[cur] 152
[key] "a"
[cur] 153
[key] "t"
[cur] 154
[key] " "
[cur] 189
[cur] 188
[del] 1
[key] " "
[cur] 188
[del] 1
[key] ","
[key] " "
[key] "bec"
[key] "ause"
[key] " you natural"
[key] "ly"
[key] " assume"
[key] " every message"
[key] " you"
[key] " get"
[key] " is"
[key] " from"
[key] " me"
[cur] 190
[del] 61
[key] "because you naturally assume every message you get is from me"
[expect] "But I think 553 should remain open. And it just says the prompt needs to more clearly be from the harness. Just anonymously anonymously pointing out that you forgot something is not enough, because you naturally assume every message you get is from me"
[send] "But I think 553 should remain open. And it just says the prompt needs to more clearly be from the harness. Just anonymously anonymously pointing out that you forgot something is not enough, because you naturally assume every message you get is from me"

Test 2026-06-07.21-46-23:
[key] "And "
[key] "I"
[key] " also"
[key] " think"
[cur] 0
[cur] 16
[key] " "
[key] "t"
[key] "h"
[key] "e"
[key] " harness"
[key] " only"
[key] " reminds you"
[key] " of the"
[del] 5
[key] "the first tim"
[cur] 60
[key] " the harness only reminds you the first time "
[cur] 105
[cur] 104
[del] 1
[cur] 103
[del] 1
[key] " "
[del] 1
[key] "."
[key] " "
[cur] 64
[cur] 59
[del] 46
[key] "e"
[key] "v"
[key] " "
[cur] 61
[del] 1
[cur] 60
[del] 1
[key] "."
[key] " "
[pause]
[fix] "And I also think the harness only reminds you the first time. " -> NONE
[mic] on
[mic] "It"
[mic] "It has"
[mic] "It has to keep"
[mic] "It has to keep remind"
[mic] "It has to keep reminding"
[mic] "It has to keep reminding you"
[mic] "It has to keep reminding you every"
[mic] "It has to keep reminding you every time"
[mic] "It has to keep reminding you every time you"
[mic] "It has to keep reminding you every time you forget"
[key] " "
[del] 1
[key] "."
[key] " "
[mic] "It has to keep reminding you every time you forget eventually"
[mic] "It has to keep reminding you every time you forget eventually you"
[mic] "It has to keep reminding you every time you forget eventually you'll"
[mic] "It has to keep reminding you every time you forget eventually you'll learn"
[cur] 112
[pause]
[context] "And I also think the harness only reminds you the first time. "
[fix] "It has to keep reminding you every time you forget eventually you'll learn" -> "It has to keep reminding you every time you forget"
[cur] 113
[key] "."
[pause]
[fix] "eventually you'll learn. " -> NONE
[cur] 0
[cur] 1
[key] " "
[cur] 2
[key] " "
[cur] 0
[cur] 1
[key] "Y"
[cur] 3
[key] "ou"
[cur] 7
[key] " did"
[cur] 16
[key] "n’t yield"
[cur] 22
[key] " again"
[cur] 0
[cur] 22
[cur] 23
[key] " "
[del] 1
[key] "."
[cur] 24
[key] " "
[cur] 29
[del] 4
[cur] 25
[del] 1
[cur] 24
[del] 1
[cur] 29
[cur] 30
[cur] 24
[cur] 25
[del] 5
[cur] 48
[cur] 75
[cur] 76
[key] " "
[cur] 75
[del] 1
[cur] 74
[del] 1
[cur] 73
[del] 1
[cur] 72
[del] 1
[cur] 71
[del] 1
[cur] 70
[del] 1
[cur] 69
[del] 1
[cur] 68
[del] 1
[cur] 67
[del] 1
[cur] 66
[del] 1
[cur] 65
[del] 1
[cur] 64
[del] 1
[cur] 63
[del] 1
[cur] 62
[del] 1
[cur] 61
[del] 1
[cur] 62
[key] "o"
[cur] 63
[key] "n"
[cur] 64
[key] "c"
[cur] 65
[key] "e"
[cur] 66
[key] " "
[cur] 67
[key] "p"
[cur] 69
[key] "er"
[cur] 74
[key] " tool"
[cur] 66
[cur] 74
[cur] 70
[cur] 67
[cur] 66
[cur] 70
[cur] 65
[del] 9
[cur] 66
[key] " "
[cur] 68
[key] "wh"
[cur] 70
[key] "en"
[cur] 74
[key] " you"
[cur] 66
[cur] 74
[cur] 75
[key] " "
[cur] 77
[key] "re"
[cur] 80
[key] "spo"
[cur] 82
[key] "nd"
[cur] 92
[key] " without a"
[cur] 95
[key] " to"
[cur] 97
[key] "ol"
[cur] 102
[key] " or a"
[cur] 105
[key] " Yi"
[cur] 108
[del] 2
[key] "yield"
[cur] 75
[cur] 108
[cur] 113
[cur] 110
[cur] 138
[mic] off
[expect] "You didn’t yield again. I think the harness only reminds you once when you respond without a tool or a yield. It has to keep reminding you every time you forget. eventually you'll learn. "
[send] "You didn’t yield again. I think the harness only reminds you once when you respond without a tool or a yield. It has to keep reminding you every time you forget. eventually you'll learn."

Test 2026-06-07.21-48-11:
[key] "No"
[key] "pe"
[key] ", you"
[key] " still did"
[key] "n’t do it"
[cur] 0
[cur] 28
[key] " "
[del] 1
[key] "."
[key] " "
[pause]
[fix] "Nope, you still didn’t do it. " -> NONE
[key] "Thi"
[key] "s"
[key] " is"
[key] " amazing"
[key] "ly"
[key] " difficult"
[key] "."
[cur] 30
[cur] 58
[key] " "
[key] " "
[cur] 59
[del] 1
[key] "I"
[key] "’ve"
[key] " now"
[key] " tried"
[key] " three"
[key] " different"
[key] " strata"
[del] 1
[key] "egies."
[cur] 59
[cur] 101
[cur] 100
[del] 1
[cur] 79
[del] 5
[key] "f"
[cur] 76
[key] "o"
[cur] 77
[key] "u"
[cur] 78
[key] "r"
[cur] 99
[key] " "
[del] 1
[key] "."
[key] " "
[cur] 100
[del] 1
[cur] 99
[del] 1
[key] " "
[key] "an"
[key] "d n"
[key] "one"
[key] " has been"
[key] " reliable"
[cur] 100
[cur] 126
[key] " "
[key] " "
[cur] 127
[del] 1
[cur] 126
[del] 1
[key] "."
[expect] "Nope, you still didn’t do it. This is amazingly difficult. I’ve now tried four different strategies and none has been reliable."
[send] "Nope, you still didn’t do it. This is amazingly difficult. I’ve now tried four different strategies and none has been reliable."

Test 2026-06-07.21-49-59:
[key] "Ce"
[key] "ll"
[del] 4
[key] "So just"
[key] " get"
[key] " this"
[key] " straight"
[cur] 0
[cur] 25
[key] ","
[key] " "
[key] "w"
[key] "hen"
[key] " you"
[key] " get"
[key] " a reminder"
[key] " from"
[key] " the"
[key] " harness"
[key] " to say"
[key] " Yi"
[del] 2
[key] "yield"
[cur] 27
[cur] 80
[cur] 75
[cur] 74
[del] 1
[cur] 73
[del] 1
[cur] 72
[del] 1
[cur] 71
[del] 1
[cur] 70
[del] 1
[cur] 71
[key] " "
[cur] 76
[key] ","
[key] " "
[pause]
[fix] "So just get this straight, when you get a reminder from the harness to yield, " -> NONE
[key] " "
[cur] 78
[del] 1
[key] "i"
[key] "t"
[key] " "
[key] "*"
[key] "d"
[key] "o"
[key] "e"
[key] "s"
[pause]
[fix] "So just get this straight, when you get a reminder from the harness to yield, it *does" -> "So just to get this straight, when you get a reminder from the har"
[key] "*"
[key] " "
[mic] on
[pause]
[fix] "So just get this straight, when you get a reminder from the harness to yield, it *does* " -> NONE
[mic] "Arrive"
[key] " "
[pause]
[context] "So just get this straight, when you get a reminder from the harness to yield, it *does* "
[fix] "arrive" -> NONE
[mic] "Arrive with"
[mic] "Arrive with a"
[mic] "Arrive with a head"
[mic] "Arrive with a header"
[mic] "Arrive with a header that"
[mic] "Arrive with a header that says"
[mic] "Arrive with a header that says message"
[mic] "Arrive with a header that says message from"
[mic] "Arrive with a header that says message from system"
[cur] 138
[del] 1
[key] " "
[del] 1
[key] "."
[key] " "
[mic] "Is"
[mic] "Is that"
[mic] "Is that correct"
[mic] "Is that correct?"
[mic] off
[expect] "So just get this straight, when you get a reminder from the harness to yield, it *does* arrive with a header that says message from system. Is that correct?"
[send] "So just get this straight, when you get a reminder from the harness to yield, it *does* arrive with a header that says message from system. Is that correct?"

Test 2026-06-07.21-51-55:
[key] "I"
[key] " don’t"
[key] " know"
[key] " why"
[key] " it is"
[key] " stopping"
[key] " after"
[key] " the"
[key] " colon"
[cur] 0
[cur] 47
[key] " "
[del] 1
[key] "."
[key] " "
[key] "Di"
[key] "d"
[key] " you"
[key] "?"
[del] 1
[key] " say"
[key] " yell"
[key] " there?"
[cur] 49
[cur] 72
[cur] 65
[del] 3
[cur] 63
[key] "i"
[cur] 64
[key] "e"
[cur] 65
[key] "l"
[cur] 66
[key] "d"
[cur] 73
[cur] 72
[del] 1
[key] " "
[key] "even"
[key] " though"
[key] " you in"
[key] "tend"
[key] " to"
[pause]
[fix] "Did you say yield there even though you intend to" -> NONE
[key] " update the ticket"
[cur] 73
[cur] 116
[key] "?"
[expect] "I don’t know why it is stopping after the colon. Did you say yield there even though you intend to update the ticket?"
[send] "I don’t know why it is stopping after the colon. Did you say yield there even though you intend to update the ticket?"

Test 2026-06-07.21-54-29:
[key] "But"
[key] " the"
[key] " harness"
[key] " did"
[key] "n’t prom"
[key] "pt"
[key] " you"
[key] " after that"
[key] " last"
[cur] 0
[cur] 49
[pause]
[fix] "But the harness didn’t prompt you after that last" -> "But the harness didn't"
[cur] 39
[cur] 33
[del] 16
[key] " "
[pause]
[fix] "But the harness didn’t prompt you " -> NONE
[key] "t"
[key] "wo"
[key] ":"
[key] " ago"
[cur] 34
[cur] 42
[key] " "
[cur] 38
[del] 5
[key] " "
[cur] 38
[del] 1
[cur] 37
[del] 1
[key] " "
[key] "c"
[key] "o"
[key] "l"
[key] "o"
[key] "n"
[key] "s"
[key] " "
[key] "a"
[key] "g"
[key] "o"
[key] " "
[pause]
[fix] "But the harness didn’t prompt you two colons ago " -> NONE
[key] "an"
[key] "d I"
[key] " had to"
[key] " prom"
[key] "pt you"
[cur] 49
[cur] 72
[key] " "
[del] 1
[key] "."
[key] " "
[key] "B"
[key] "ut"
[key] " I"
[key] " think"
[key] " if"
[key] " the"
[key] " harness"
[key] " just"
[key] " always"
[key] " reminds you"
[key] "."
[del] 1
[key] " that issue"
[key] " will"
[key] " go"
[key] " away."
[cur] 74
[cur] 149
[key] " "
[key] " "
[key] "Is"
[key] " that"
[key] " part?"
[del] 1
[key] " of"
[key] " your?"
[cur] 151
[cur] 172
[key] " "
[key] "D"
[key] "esc"
[key] "rip"
[key] "tio"
[key] "n"
[key] "."
[key] " of"
[cur] 188
[key] " Description of."
[pause]
[fix] "Description of Description of.." -> NONE
[cur] 199
[cur] 187
[del] 17
[cur] 186
[del] 1
[key] "f"
[key] " "
[key] "5"
[key] "5"
[key] "3"
[key] "?"
[cur] 173
[pause]
[fix] "Description of 553?" -> NONE
[cur] 172
[del] 1
[cur] 171
[del] 1
[cur] 172
[key] " "
[pause]
[fix] "Is that part of your Description of 553?" -> NONE
[cur] 173
[cur] 172
[cur] 124
[cur] 125
[key] ","
[cur] 49
[cur] 48
[del] 4
[cur] 49
[key] ";"
[cur] 103
[cur] 104
[key] "*"
[cur] 110
[cur] 111
[key] "*"
[expect] "But the harness didn’t prompt you two colons ago; I had to prompt you. But I think if the harness just *always* reminds you, that issue will go away.  Is that part of your Description of 553?"
[send] "But the harness didn’t prompt you two colons ago; I had to prompt you. But I think if the harness just *always* reminds you, that issue will go away.  Is that part of your Description of 553?"

Test 2026-06-07.21-56-11:
[key] "Th"
[key] "e"
[key] " harness"
[cur] 0
[cur] 11
[key] " "
[key] "w"
[key] "ill"
[key] " only"
[key] " remain"
[key] " once"
[cur] 12
[cur] 33
[cur] 28
[del] 5
[cur] 24
[key] "e"
[cur] 25
[key] "m"
[cur] 26
[key] "i"
[cur] 27
[key] "n"
[cur] 28
[key] "d"
[cur] 29
[key] "s"
[cur] 34
[cur] 30
[cur] 29
[del] 1
[cur] 28
[del] 1
[cur] 29
[key] " "
[cur] 33
[key] " "
[pause]
[fix] "The harness will only remind once " -> NONE
[key] "in"
[key] " a"
[key] " given"
[key] " set of"
[key] " your"
[key] " response"
[cur] 34
[cur] 65
[key] " "
[del] 1
[key] "."
[key] " "
[key] " "
[cur] 67
[del] 1
[cur] 66
[del] 1
[cur] 65
[del] 1
[key] "s"
[key] " "
[del] 1
[key] "."
[key] " "
[key] "If"
[key] " I"
[key] " inter"
[key] "vene"
[key] " or you"
[key] " issue"
[key] " a to"
[key] "ol"
[key] " call."
[cur] 68
[cur] 108
[key] ","
[key] " "
[cur] 109
[del] 1
[cur] 108
[del] 1
[cur] 107
[del] 1
[key] ","
[key] " "
[key] "it"
[key] "’s counter"
[key] " is"
[key] " reset"
[cur] 109
[cur] 130
[cur] 113
[cur] 112
[del] 1
[cur] 111
[del] 1
[cur] 112
[key] "s"
[cur] 129
[pause]
[fix] "If I intervene or you issue a tool call, its counter is reset" -> NONE
[expect] "The harness will only remind once in a given set of your responses. If I intervene or you issue a tool call, its counter is reset"
[send] "The harness will only remind once in a given set of your responses. If I intervene or you issue a tool call, its counter is reset"

Test 2026-06-07.21-57-03:
[key] "And"
[key] " th"
[key] "is"
[key] " is me"
[key] " prodding"
[key] " you"
[del] 9
[key] "viding you the"
[key] " second time"
[cur] 0
[del] 44
[key] "And this is me providing you the second time"
[expect] "And this is me providing you the second time"
[send] "And this is me providing you the second time"

Test 2026-06-07.21-57-32:
[key] "But"
[key] " did"
[key] " you"
[key] " update"
[key] " 55"
[key] "3"
[key] " as you said"
[key] " you?"
[key] " would"
[expect] "But did you update 553 as you said you would?"
[send] "But did you update 553 as you said you would?"

Test 2026-06-07.21-58-15:
[key] "O"
[key] "k"
[expect] "Ok"
[send] "Ok"

Test 2026-06-07.22-04-20:
[key] " "
[cur] 0
[del] 1
[key] "I ju"
[key] "st"
[key] " went back to"
[key] " the"
[key] " tracker"
[key] " and it"
[key] " looks"
[key] " fine"
[cur] 0
[cur] 49
[key] " "
[del] 1
[key] "."
[key] " "
[key] "But"
[key] " our last"
[key] " exchange"
[key] " is"
[key] " my"
[key] "sterious"
[key] "."
[cur] 51
[cur] 87
[key] " "
[pause]
[fix] "But our last exchange is mysterious. " -> NONE
[key] "Y"
[key] "ou"
[key] " said."
[cur] 88
[cur] 97
[cur] 96
[del] 1
[key] " "
[key] "“"
[key] " n"
[key] "eed"
[key] " to"
[key] " clear"
[key] " it."
[cur] 98
[cur] 116
[cur] 115
[del] 1
[key] ":"
[key] "”"
[key] " "
[del] 1
[key] "."
[key] " "
[key] " "
[pause]
[fix] "You said “ need to clear it:”.  " -> NONE
[key] "I"
[key] " did"
[key] "n’t"
[key] " see"
[key] " the usual"
[key] "."
[cur] 120
[cur] 143
[cur] 142
[del] 1
[key] " "
[key] "app"
[key] " information"
[key] " that"
[key] " you are doing"
[key] " something"
[cur] 143
[cur] 187
[key] " "
[key] " "
[cur] 188
[del] 1
[cur] 187
[del] 1
[key] "."
[key] " "
[pause]
[fix] "I didn’t see the usual app information that you are doing something. " -> NONE
[key] "T"
[key] "hat"
[key] " may be"
[key] " a"
[key] " problem"
[key] "."
[del] 1
[key] " in the harness"
[key] "."
[cur] 189
[cur] 226
[cur] 225
[del] 1
[key] " "
[key] "or"
[key] " app"
[cur] 226
[cur] 232
[key] " "
[key] " "
[cur] 233
[del] 1
[cur] 232
[del] 1
[key] ","
[key] " "
[key] "but"
[key] " I assume"
[key] "d it was"
[key] " you for getting"
[key] "for"
[pause]
[fix] "That may be a problem in the harness or app, but I assumed it was you for forgetting" -> NONE
[cur] 273
[cur] 259
[cur] 260
[cur] 259
[cur] 258
[del] 4
[cur] 269
[key] " "
[mic] on
[mic] "To"
[mic] "To issue"
[mic] "To issue the"
[mic] "To issue the to"
[mic] "To issue the tool"
[mic] "To issue the tool call"
[mic] "To issue the tool call again"
[key] " "
[del] 1
[key] "."
[key] " "
[mic] "To issue the tool call again so"
[mic] "To issue the tool call again so I"
[mic] "To issue the tool call again, so I said"
[mic] "To issue the tool call again, so I said OK"
[mic] "To issue the tool call again so I said OK to"
[mic] "To issue the tool call again so I said OK to pro"
[mic] "To issue the tool call again so I said OK to prom"
[mic] "To issue the tool call again so I said OK to prompt"
[mic] "To issue the tool call again, so I said OK to prompt you"
[key] " "
[mic] "To issue the tool call again so I said OK to prompt you and"
[mic] "To issue the tool call again so I said OK to prompt you and he"
[mic] "To issue the tool call again so I said OK to prompt you and he respond"
[mic] "To issue the tool call again so I said OK to prompt you and he responded"
[cur] 333
[del] 2
[key] "y"
[cur] 332
[key] "o"
[cur] 333
[key] "u"
[cur] 346
[cur] 345
[del] 1
[cur] 344
[del] 1
[cur] 343
[del] 1
[key] ","
[key] " "
[pause]
[fix] "That may be a problem in the harness or app, but I assumed it was you forgetting to issue the tool call again so I said OK to prompt you and you responded, " -> "That may be a problem in the harness or app, but I assumed it was you forgetting to issue the tool call again, so I said OK to prompt you and you responded."
[mic] "Trying"
[mic] "Trying not"
[mic] "Trying not to"
[mic] "Trying not to respond"
[cur] 346
[pause]
[context] "I just went back to the tracker and it looks fine. But our last exchange is mysterious. You said “ need to clear it:”.  I didn’t see the usual app information that you are doing something. That may be a problem in the harness or app, but I assumed it was you forgetting to issue the tool call again, so I said OK to prompt you and you responded. "
[fix] "Trying not to respond" -> NONE
[cur] 345
[del] 1
[cur] 344
[del] 1
[cur] 345
[key] ","
[cur] 346
[key] " "
[cur] 367
[key] " "
[del] 1
[key] "."
[key] " "
[pause]
[fix] "That may be a problem in the harness or app, but I assumed it was you forgetting to issue the tool call again, so I said OK to prompt you and you responded, Trying not to respond. " -> "That may be a problem in the harness or app, but I assumed it was you forgetting to issue the tool call again, so I said OK to prompt you and you responded, trying not to respond."
[cur] 367
[cur] 366
[cur] 365
[cur] 366
[cur] 367
[cur] 368
[key] " "
[pause]
[fix] "That may be a problem in the harness or app, but I assumed it was you forgetting to issue the tool call again, so I said OK to prompt you and you responded, trying not to respond. " -> "That may be a problem in the harness or app, but I assumed it was you forgetting to issue the tool call again, so I said OK to prompt you and you responded, trying not to respond."
[key] " w"
[key] "hen"
[key] " I"
[key] " saw"
[del] 8
[key] "at I saw was"
[key] " literally"
[key] "."
[cur] 368
[cur] 394
[key] " "
[cur] 394
[del] 1
[cur] 393
[del] 1
[key] " "
[key] "“"
[key] "e"
[key] "m"
[key] "p"
[key] "t"
[key] "y"
[key] "”"
[key] " "
[del] 1
[key] "."
[key] " "
[cur] 395
[cur] 396
[key] "("
[cur] 401
[pause]
[fix] "what I saw was literally “(empty”. " -> NONE
[cur] 402
[key] ")"
[cur] 369
[pause]
[fix] "what I saw was literally “(empty)”. " -> NONE
[cur] 371
[cur] 373
[cur] 369
[cur] 370
[cur] 369
[cur] 370
[cur] 369
[cur] 370
[cur] 369
[del] 1
[cur] 370
[key] "W"
[cur] 405
[key] " "
[pause]
[fix] "What I saw was literally “(empty)”.  " -> NONE
[key] "Bu"
[key] "t"
[key] " I Don"
[del] 3
[key] "don’t"
[key] " know if"
[key] " you said that"
[key] "."
[cur] 406
[cur] 440
[cur] 439
[del] 1
[key] ","
[key] " "
[key] "or"
[key] " the"
[key] " harness"
[cur] 441
[cur] 455
[key] ","
[key] " "
[key] "or t"
[key] "he"
[key] " app"
[cur] 457
[cur] 467
[key] " "
[del] 1
[key] "."
[key] " "
[key] " "
[pause]
[fix] "But I don’t know if you said that, or the harness, or the app.  " -> "But I don't know if you said that"
[mic] off
[expect] "I just went back to the tracker and it looks fine. But our last exchange is mysterious. You said “ need to clear it:”.  I didn’t see the usual app information that you are doing something. That may be a problem in the harness or app, but I assumed it was you forgetting to issue the tool call again, so I said OK to prompt you and you responded, trying not to respond. What I saw was literally “(empty)”.  But I don’t know if you said that, or the harness, or the app.  "
[send] "I just went back to the tracker and it looks fine. But our last exchange is mysterious. You said “ need to clear it:”.  I didn’t see the usual app information that you are doing something. That may be a problem in the harness or app, but I assumed it was you forgetting to issue the tool call again, so I said OK to prompt you and you responded, trying not to respond. What I saw was literally “(empty)”.  But I don’t know if you said that, or the harness, or the app."

Test 2026-06-07.22-05-50:
[key] "“"
[key] "("
[key] "W"
[cur] 2
[del] 1
[key] "E"
[cur] 2
[del] 1
[pause]
[fix] "“(" -> NONE
[key] "e"
[key] "m"
[key] "p"
[key] "t"
[key] "y"
[key] ")"
[key] "”"
[key] " "
[key] "it"
[key] "’s not"
[key] " what I"
[key] " would call"
[key] " no"
[key] " content"
[cur] 10
[cur] 47
[key] " "
[del] 1
[key] "."
[key] " "
[key] "No"
[key] " content"
[key] " would look"
[key] " like"
[key] " this"
[key] "."
[cur] 49
[cur] 81
[cur] 80
[del] 1
[key] ";"
[cur] 80
[del] 1
[key] ":"
[key] " "
[key] "“"
[key] "”"
[key] " "
[pause]
[fix] "No content would look like this: “” " -> NONE
[key] "C"
[key] "ell"
[del] 4
[key] "So I don"
[key] "’t know"
[key] " how to"
[key] " inter"
[key] "pret"
[key] " what you"
[key] " said"
[pause]
[fix] "No content would look like this: “” So I don’t know how to interpret what you said" -> "I don't know how to interpret what you said."
[cur] 85
[del] 46
[key] "So I don’t know how to interpret what you said"
[expect] "“(empty)” it’s not what I would call no content. No content would look like this: “” So I don’t know how to interpret what you said"
[send] "“(empty)” it’s not what I would call no content. No content would look like this: “” So I don’t know how to interpret what you said"

Test 2026-06-07.22-07-02:
[key] "O"
[key] "K"
[key] ", I think"
[key] " this"
[key] " horse"
[key] " is definitely"
[key] " dead"
[key] " now"
[cur] 0
[cur] 45
[key] " "
[del] 1
[key] "."
[key] " "
[key] "We"
[key] " can"
[key] " move"
[key] " on"
[key] " to other"
[key] " topic."
[key] "s"
[expect] "OK, I think this horse is definitely dead now. We can move on to other topics."
[send] "OK, I think this horse is definitely dead now. We can move on to other topics."

Test 2026-06-07.22-07-46:
[key] "Di"
[key] "d"
[key] " we"
[key] " finish"
[key] " Rees Sol"
[del] 8
[key] "resolving"
[key] " all of"
[key] " the"
[key] " bugs?"
[del] 1
[key] " that we"
[key] "?"
[key] " have"
[cur] 53
[key] " Did we finish resolving all of the bugs that we have?"
[cur] 105
[del] 1
[cur] 104
[del] 1
[cur] 103
[del] 1
[pause]
[fix] "Did we finish resolving all of the bugs that we have Did we finish resolving all of the bugs that we ha?" -> "Did we finish resolving all of the bugs that we have?"
[clear]
[mic] on
[mic] "Did"
[mic] "Did we"
[mic] "Did we finish"
[mic] "Did we finish Rez"
[mic] "Did we finish creosol"
[mic] "Did we finish resolve"
[mic] "Did we finish resolving"
[mic] "Did we finish resolving all"
[mic] "Did we finish resolving all the"
[mic] "Did we finish resolving all the bug"
[mic] "Did we finish resolving all the bug?"
[mic] "Did we finish resolving all the bugs"
[mic] "Did we finish resolving all the bugs we"
[mic] "Did we finish resolving all the bugs we found"
[mic] "Did we finish resolving all the bugs we found?"
[mic] "Did we finish resolving all the bugs we found earlier"
[mic] "Did we finish resolving all the bugs we found earlier this"
[mic] "Did we finish resolving all the bugs we found earlier this afternoon"
[mic] "Did we finish resolving all the bugs we found earlier this afternoon?"
[mic] off
[expect] "Did we finish resolving all the bugs we found earlier this afternoon?"
[send] "Did we finish resolving all the bugs we found earlier this afternoon?"

Test 2026-06-07.22-10-36:
[key] "I"
[key] " have"
[key] " to"
[key] " say"
[key] " I"
[key] " appreciate"
[key] " your"
[key] " 10"
[del] 2
[key] "tenacity"
[cur] 0
[cur] 40
[key] " "
[del] 1
[key] "."
[key] " "
[key] "Y"
[key] "ou"
[key] " are"
[key] " always"
[key] " on point"
[key] " about"
[key] " seat"
[del] 16
[key] "Point about seat pod"
[cur] 78
[del] 8
[key] "Sipos."
[cur] 42
[cur] 78
[del] 4
[key] "seat Pott"
[cur] 82
[key] "v"
[del] 5
[del] 5
[del] 6
[cur] 67
[key] " "
[cur] 61
[cur] 59
[del] 10
[mic] on
[pause]
[fix] "You are always on" -> NONE
[key] " "
[mic] "Point"
[mic] "Point about"
[mic] "Point about see"
[mic] "Point about seed"
[mic] "Point about seed pod"
[mic] "Point about seed pods"
[key] " "
[del] 1
[key] "."
[key] " "
[pause]
[context] "I have to say I appreciate your tenacity. You are always on "
[fix] "point about seed pods" -> NONE
[mic] "Point about seed pods, but"
[mic] "Point about seed pods, but it"
[mic] "Point about seed pods, but it my"
[mic] "Point about seed pods, but it's my"
[mic] "Point about seed pods, but it's my bedtime"
[cur] 103
[del] 1
[cur] 102
[del] 1
[key] " "
[mic] "And"
[mic] "And tomorrow"
[mic] "And tomorrow, I"
[mic] "And tomorrow I will"
[mic] "And tomorrow I will try"
[mic] "And tomorrow I will try to"
[mic] "And tomorrow I will try to tot"
[mic] "And tomorrow I will try to tack"
[mic] "And tomorrow I will try to tackle"
[mic] "And tomorrow I will try to tackle these"
[mic] "And tomorrow I will try to tackle these bug"
[mic] "And tomorrow I will try to tackle these bugs"
[key] " "
[del] 1
[key] "."
[key] " "
[mic] "And tomorrow I will try to tackle these bugs while"
[mic] "And tomorrow, I will try to tackle these bugs while see"
[mic] "And tomorrow I will try to tackle these bugs while seed"
[mic] "And tomorrow I will try to tackle these bugs while seed pod"
[mic] "And tomorrow I will try to tackle these bugs while seed pods"
[mic] "And tomorrow I will try to tackle these bugs while seed pods is"
[mic] "And tomorrow I will try to tackle these bugs while seed pods is in"
[mic] "And tomorrow I will try to tackle these bugs while seed pods is in the"
[mic] "And tomorrow I will try to tackle these bugs while seed pods is in the background"
[cur] 147
[cur] 148
[key] " "
[del] 1
[key] "."
[cur] 149
[key] " "
[cur] 188
[cur] 187
[del] 1
[cur] 186
[del] 1
[key] ","
[key] " "
[pause]
[fix] "while seed pods is in the background, " -> NONE
[mic] "My"
[mic] "My goal"
[mic] "My goal this"
[mic] "My goal this week"
[key] " "
[cur] 205
[del] 1
[cur] 204
[del] 1
[key] "k"
[key] " "
[mic] "It"
[mic] "It's to"
[mic] "It's to reduce"
[mic] "It's to reduce the"
[mic] "It's to reduce the number"
[mic] "It's to reduce the number of"
[mic] "It's to reduce the number of act"
[mic] "It's to reduce the number of act items"
[mic] "It's to reduce the number of active items"
[mic] "It's to reduce the number of active items in"
[mic] "It's to reduce the number of active items in the"
[mic] "It's to reduce the number of active items in the system"
[mic] "It's to reduce the number of active items in the system track"
[mic] "It's to reduce the number of active items in the system tracker"
[mic] off
[expect] "I have to say I appreciate your tenacity. You are always on point about seed pods, but it's my bedtime and tomorrow I will try to tackle these bugs.  while seed pods is in the background, my goal this week it's to reduce the number of active items in the system tracker"
[send] "I have to say I appreciate your tenacity. You are always on point about seed pods, but it's my bedtime and tomorrow I will try to tackle these bugs.  while seed pods is in the background, my goal this week it's to reduce the number of active items in the system tracker"

