Test 2026-06-19.06-24-58:
[key] "Al"
[key] "l"
[key] " in"
[cur] 0
[cur] 6
[key] " "
[del] 1
[key] "."
[key] " "
[key] "Re"
[key] "ady"
[key] " to"
[key] " continue."
[cur] 8
[cur] 26
[cur] 25
[del] 1
[key] "?"
[expect] "All in. Ready to continue?"
[send] "All in. Ready to continue?"

Test 2026-06-19.06-36-04:
[key] "G"
[key] "o"
[expect] "Go"
[send] "Go"

Test 2026-06-19.06-39-45:
[key] "G"
[key] "r"
[key] "e"
[key] "a"
[key] "t"
[key] ","
[key] " "
[key] "c"
[key] "o"
[key] "n"
[key] "t"
[key] "i"
[key] "n"
[key] "u"
[key] "e"
[expect] "Great, continue"
[send] "Great, continue"

Test 2026-06-19.06-43-46:
[key] "I"
[key] "n"
[key] " "
[key] "0"
[key] "4"
[key] "5"
[key] " "
[key] "ins"
[key] "tea"
[key] "d"
[key] " of"
[key] " putting"
[key] " Sea also"
[key] " in the"
[key] " comment"
[key] "s"
[cur] 7
[cur] 50
[key] ","
[key] " "
[key] "t"
[key] "o"
[key] " start"
[del] 5
[key] "add a second"
[key] " reference"
[cur] 52
[cur] 77
[cur] 55
[cur] 52
[del] 2
[key] "h"
[cur] 52
[del] 1
[cur] 53
[key] "j"
[cur] 54
[key] "u"
[cur] 55
[key] "s"
[cur] 56
[key] "t"
[cur] 57
[key] " "
[del] 1
[cur] 29
[del] 3
[key] "“"
[cur] 28
[key] "s"
[cur] 29
[key] "e"
[cur] 30
[key] "e"
[cur] 35
[cur] 36
[key] "”"
[cur] 81
[key] " "
[key] "to"
[key] " the"
[key] " body"
[cur] 82
[cur] 93
[key] " "
[del] 1
[key] "."
[key] " "
[expect] "In 045 instead of putting “see also” in the comments, just add a second reference to the body. "
[send] "In 045 instead of putting “see also” in the comments, just add a second reference to the body."

Test 2026-06-19.06-51-12:
[key] "Ca"
[key] "ry"
[del] 1
[key] "ry-on"
[del] 1
[key] " "
[cur] 0
[cur] 8
[cur] 5
[del] 3
[key] " "
[key] "o"
[key] "n"
[expect] "Carry on"
[send] "Carry on"

Test 2026-06-19.06-59-38:
[key] "C"
[key] "ont"
[key] "inue"
[cur] 0
[del] 8
[key] "Continue"
[expect] "Continue"
[send] "Continue"

Test 2026-06-19.07-02-14:
[key] "You"
[key] "’re doing"
[key] " great"
[cur] 0
[cur] 18
[key] " "
[del] 1
[key] "."
[key] " "
[key] "Kee"
[key] "p"
[key] " it."
[key] " up"
[expect] "You’re doing great. Keep it up."
[send] "You’re doing great. Keep it up."

Test 2026-06-19.07-38-15:
[key] "C"
[key] "ont"
[key] "inue"
[key] " on"
[cur] 0
[cur] 11
[key] "!"
[expect] "Continue on!"
[send] "Continue on!"

Test 2026-06-19.07-43-24:
[key] "C"
[cur] 0
[del] 1
[key] "A"
[key] "l"
[key] "m"
[key] "o"
[key] "st"
[cur] 4
[del] 2
[key] "s"
[key] "t"
[cur] 5
[del] 1
[key] "t"
[key] " "
[key] "d"
[key] "o"
[key] "b"
[key] "e"
[del] 1
[key] "n"
[key] "!"
[expect] "Almost done!"
[send] "Almost done!"

Test 2026-06-19.07-45-24:
[key] "O"
[key] "k"
[expect] "Ok"
[send] "Ok"

Test 2026-06-19.07-56-56:
[key] "I"
[key] "t"
[key] " looks"
[key] " great"
[cur] 0
[cur] 14
[key] "!"
[cur] 0
[cur] 2
[key] "I "
[cur] 9
[key] "accept "
[cur] 18
[key] "accepted "
[cur] 23
[key] "them "
[cur] 24
[key] "."
[cur] 22
[del] 1
[cur] 23
[key] " "
[cur] 27
[key] "and "
[cur] 30
[key] "rev"
[cur] 33
[key] "iew"
[cur] 39
[key] "ed the"
[cur] 42
[key] " bi"
[cur] 52
[key] "bliography"
[cur] 53
[key] "."
[cur] 23
[cur] 53
[cur] 69
[key] " "
[key] " "
[mic] on
[mic] "There"
[mic] "There are"
[mic] "There are three"
[mic] "There are three problem"
[mic] "There are three problematic"
[mic] "There are three problematic ones"
[key] ":"
[key] " "
[mic] on
[cur] 72
[cur] 71
[del] 1
[cur] 72
[key] "B"
[cur] 73
[key] "a"
[cur] 74
[key] "l"
[cur] 75
[key] "d"
[cur] 76
[key] "w"
[cur] 77
[key] "i"
[cur] 78
[key] "n"
[cur] 79
[key] " "
[cur] 80
[key] "1"
[cur] 81
[key] "0"
[cur] 82
[key] "."
[cur] 83
[key] "3"
[mic] on
[cur] 84
[key] " "
[cur] 85
[key] "M"
[cur] 86
[key] "a"
[cur] 87
[key] "l"
[cur] 88
[key] "d"
[cur] 89
[key] "e"
[cur] 90
[key] "c"
[cur] 91
[key] "e"
[cur] 92
[key] "n"
[cur] 93
[key] "a"
[cur] 92
[del] 5
[key] "ives"
[cur] 93
[key] " "
[cur] 92
[del] 1
[cur] 93
[key] " "
[cur] 92
[del] 1
[cur] 91
[del] 1
[cur] 90
[del] 1
[cur] 89
[del] 1
[cur] 88
[del] 1
[cur] 89
[key] "e"
[cur] 90
[key] "c"
[cur] 91
[key] "e"
[cur] 92
[key] "n"
[cur] 93
[key] "a"
[cur] 94
[key] " "
[cur] 95
[key] "8"
[cur] 96
[key] "."
[cur] 97
[key] "3"
[cur] 98
[key] " "
[mic] on
[mic] on
[cur] 97
[cur] 98
[key] " "
[cur] 99
[key] "J"
[cur] 100
[key] "o"
[cur] 101
[key] "h"
[cur] 102
[key] "n"
[cur] 103
[key] "s"
[cur] 104
[key] "o"
[key] "n"
[cur] 104
[del] 1
[cur] 105
[key] "n"
[cur] 106
[key] " "
[cur] 107
[key] "5"
[cur] 108
[key] "3"
[cur] 109
[key] "."
[cur] 110
[key] "1"
[mic] on
[cur] 69
[cur] 70
[key] " "
[cur] 71
[key] " "
[cur] 72
[key] "A"
[cur] 73
[key] " "
[cur] 74
[key] "f"
[cur] 75
[key] "e"
[cur] 76
[key] "w"
[cur] 77
[key] " "
[cur] 78
[key] "n"
[cur] 79
[key] "e"
[cur] 80
[key] "e"
[cur] 81
[key] "d"
[cur] 82
[key] " "
[cur] 83
[key] "w"
[cur] 84
[key] "o"
[cur] 85
[key] "r"
[cur] 86
[key] "k"
[cur] 87
[key] ":"
[cur] 88
[key] " "
[cur] 89
[key] "W"
[cur] 90
[key] "h"
[cur] 91
[key] "i"
[cur] 92
[key] "t"
[cur] 93
[key] "e"
[cur] 94
[key] "h"
[cur] 95
[key] "e"
[cur] 96
[key] "a"
[key] "d"
[cur] 96
[del] 1
[cur] 97
[key] "d"
[cur] 98
[key] " "
[cur] 99
[key] "2"
[cur] 100
[key] "."
[cur] 101
[key] "4"
[cur] 102
[cur] 101
[del] 1
[cur] 23
[cur] 22
[del] 1
[cur] 21
[del] 1
[cur] 22
[key] " "
[cur] 23
[key] "9"
[cur] 24
[key] "1"
[cur] 25
[key] " "
[cur] 26
[key] "e"
[cur] 27
[key] "d"
[cur] 28
[key] "i"
[cur] 29
[key] "t"
[cur] 30
[key] "s"
[cur] 31
[key] " "
[cur] 21
[cur] 22
[key] "l"
[cur] 21
[del] 1
[cur] 20
[del] 1
[cur] 21
[key] "i"
[cur] 22
[key] "s"
[cur] 23
[key] " "
[cur] 24
[key] "s"
[cur] 25
[key] "e"
[cur] 26
[key] "t"
[cur] 27
[key] " "
[cur] 28
[key] "o"
[cur] 29
[key] "f"
[mic] on
[cur] 159
[key] " "
[mic] off
[key] "Al"
[key] "so,"
[key] " I"
[key] " should"
[key] "’ve point"
[key] "ed"
[key] " out"
[key] " that"
[key] " if"
[key] " multiple"
[cur] 160
[cur] 206
[key] " "
[key] "@"
[key] "r"
[key] "e"
[key] "f"
[key] " "
[key] "ins"
[key] "tan"
[key] "ce"
[key] "s have the"
[key] " same"
[key] " tag"
[cur] 212
[cur] 239
[key] ","
[key] " "
[key] "t"
[key] "he"
[key] " title"
[key] " and"
[key] " author"
[cur] 241
[cur] 261
[cur] 250
[cur] 251
[key] "￼"
[cur] 250
[del] 1
[cur] 247
[cur] 250
[cur] 244
[cur] 245
[cur] 250
[cur] 244
[del] 17
[key] " "
[key] "auth"
[key] "or"
[key] "s and title"
[cur] 261
[del] 9
[key] "entitled"
[key] " can"
[key] " be om"
[key] "itted"
[key] " from"
[key] " all about"
[key] " one"
[cur] 245
[cur] 295
[key] " "
[del] 1
[key] "."
[key] " "
[key] "Yo"
[key] "u"
[key] " already"
[key] " done"
[key] " that"
[key] " work"
[key] " and everything looks"
[key] " quite"
[key] " cons"
[key] "istent"
[key] " now."
[cur] 297
[cur] 366
[key] " "
[cur] 160
[cur] 161
[key] "("
[cur] 368
[cur] 367
[del] 1
[key] ")"
[cur] 301
[del] 3
[cur] 305
[key] "But you"
[cur] 310
[key] " have"
[cur] 298
[cur] 310
[cur] 333
[cur] 334
[key] ","
[cur] 159
[cur] 158
[del] 1
[cur] 86
[cur] 211
[cur] 305
[cur] 377
[cur] 261
[del] 8
[key] "a"
[cur] 255
[key] "n"
[cur] 256
[key] "d"
[cur] 257
[key] " "
[cur] 258
[key] "t"
[cur] 259
[key] "i"
[cur] 260
[key] "t"
[cur] 261
[key] "k"
[cur] 262
[key] "e"
[del] 1
[key] "l"
[cur] 263
[key] " "
[del] 1
[expect] "I accept accepted this set of 91 edits and reviewed the bibliography. It looks great!  A few need work: Whitehead 2.4 Baldwin 10.3 Maldecena 8.3 Johnson 53.1  (Also, I should’ve pointed out that if multiple @ref instances have the same tag, the authors and title can be omitted from all about one. But you have already done that work, and everything looks quite consistent now.)"
[send] "I accept accepted this set of 91 edits and reviewed the bibliography. It looks great!  A few need work: Whitehead 2.4 Baldwin 10.3 Maldecena 8.3 Johnson 53.1  (Also, I should’ve pointed out that if multiple @ref instances have the same tag, the authors and title can be omitted from all about one. But you have already done that work, and everything looks quite consistent now.)"

Test 2026-06-19.08-46-56:
[key] "C"
[key] "o"
[key] "n"
[key] "t"
[key] "i"
[key] "nue"
[key] " "
[expect] "Continue "
[send] "Continue"

Test 2026-06-19.10-00-55:
[key] "Plea"
[key] "se re"
[key] "m"
[key] "in"
[key] "d "
[key] "me"
[key] " of the"
[key] " issue"
[key] " with"
[key] " oh"
[del] 2
[key] "00"
[key] "3"
[cur] 0
[del] 38
[key] "Please remind me of the issue with 003"
[expect] "Please remind me of the issue with 003"
[send] "Please remind me of the issue with 003"

Test 2026-06-19.10-05-58:
[key] "T"
[key] "his"
[key] " is"
[key] " apparently"
[key] " an"
[key] " old"
[key] " note"
[cur] 0
[cur] 30
[key] " "
[del] 1
[key] "."
[key] " "
[key] "I"
[key] " can"
[key] "’t"
[key] " find"
[key] " any of these"
[key] " problems."
[cur] 32
[cur] 67
[cur] 66
[del] 1
[key] " "
[key] "in "
[key] "the"
[key] " file?"
[cur] 67
[cur] 79
[cur] 78
[del] 1
[key] " "
[key] " "
[cur] 79
[del] 1
[cur] 78
[del] 1
[key] "."
[key] " "
[key] "Want"
[key] " to"
[key] " double"
[key] " check."
[cur] 80
[cur] 101
[cur] 100
[del] 1
[key] "?"
[expect] "This is apparently an old note. I can’t find any of these problems in the file. Want to double check?"
[send] "This is apparently an old note. I can’t find any of these problems in the file. Want to double check?"

Test 2026-06-19.11-21-47:
[key] "I"
[key] " th"
[key] "ink"
[key] " everything"
[key] " is"
[key] " fixed"
[key] " now"
[key] " in the los"
[del] 2
[key] "glos"
[key] "ary"
[cur] 0
[cur] 47
[key] " "
[del] 1
[key] "."
[key] " "
[key] " "
[key] " "
[key] "In "
[key] "the"
[cur] 51
[cur] 57
[cur] 51
[cur] 47
[cur] 48
[key] "k"
[cur] 47
[del] 1
[mic] on
[mic] "Bi"
[mic] "Biblia"
[mic] "Bibliography"
[cur] 71
[key] " "
[mic] "Glow"
[mic] "Glaus"
[mic] "Gloss"
[mic] "Glossary"
[mic] "Glossary there"
[mic] "Glossary there is"
[mic] "Glossary there is an"
[mic] "Glossary there is an issue"
[mic] "Glossary there is an issue with"
[mic] on
[mic] on
[mic] off
[pause]
[fix] "In the " -> "In the"
[mic] on
[mic] "Glow"
[mic] "Glaus"
[mic] "Glossary"
[mic] "Glossary there"
[mic] "Glossary there is"
[mic] "Glossary there is an"
[mic] "Glossary there is an issue"
[mic] "Glossary there is an issue with"
[mic] "Glossary there is an issue with three"
[mic] "Glossary there is an issue with three point"
[mic] "Glossary there is an issue with 3.5"
[key] ","
[key] " "
[mic] "Glossary there is an issue with 3.5 where"
[mic] "Glossary there is an issue with 3.5 where I"
[mic] "Glossary there is an issue with 3.5 where I think"
[mic] "Glossary there is an issue with 3.5 where I think there"
[mic] "Glossary there is an issue with 3.5 where I think there is"
[mic] "Glossary there is an issue with 3.5 where I think there is a"
[cur] 133
[del] 1
[cur] 132
[del] 1
[key] "n"
[key] " "
[mic] "Old"
[mic] "Old style"
[mic] "Old style edit"
[mic] off
[pause]
[fix] "5 where I think there is an old style edit" -> "5 where I think there is an old-style edit"
[pause]
[fix] "5 where I think there is an old-style edit" -> "5 where I think there is an old-style edit."
[key] " "
[key] " "
[pause]
[fix] "5 where I think there is an old-style edit.  " -> "5 where I think there is an old-style edit."
[key] " A"
[key] "lso"
[cur] 149
[cur] 150
[cur] 154
[cur] 150
[cur] 151
[key] " "
[cur] 152
[key] " "
[cur] 156
[pause]
[fix] "Also" -> NONE
[key] " "
[key] "6"
[key] "."
[key] "5"
[key] " "
[pause]
[fix] "5 " -> "5"
[key] " a"
[key] "ppa"
[key] "ren"
[key] "tly"
[key] " contain"
[key] "s"
[key] " mouth for"
[key] "med"
[key] " Turman"
[del] 6
[key] "terminology"
[key] " for"
[pause]
[fix] "5 apparently contains mouth formed terminology for" -> "5 apparently contains mouth-formed terminology for"
[key] " "
[key] "G"
[key] "o"
[key] "d"
[key] "e"
[key] "l"
[key] "s"
[cur] 215
[del] 1
[pause]
[fix] "5 apparently contains mouth-formed terminology for Godel" -> NONE
[key] "’"
[key] "s"
[key] " "
[key] "i"
[key] "n"
[key] "c"
[key] "o"
[key] "m"
[key] "p"
[key] "l"
[key] "ete"
[cur] 225
[del] 3
[key] "eteness"
[key] " "
[key] "t"
[key] "h"
[key] "e"
[key] "o"
[key] "r"
[key] "e"
[key] "n"
[key] "s"
[del] 1
[key] "m"
[key] " "
[del] 1
[key] "."
[key] " "
[pause]
[fix] "5 apparently contains mouth-formed terminology for Godel’s incompleteness theorems. " -> "5 apparently contains mouth-formed terminology for Gödel's incompleteness theorems."
[cur] 186
[cur] 188
[cur] 187
[cur] 188
[cur] 187
[cur] 186
[del] 1
[cur] 185
[del] 1
[cur] 184
[del] 1
[cur] 183
[del] 1
[cur] 182
[del] 1
[cur] 183
[key] "a"
[cur] 182
[del] 1
[cur] 183
[key] "a"
[cur] 184
[key] "l"
[cur] 240
[pause]
[fix] "5 apparently contains malformed terminology for Godel’s incompleteness theorems. " -> "5 apparently contains malformed terminology for Godel’s incompleteness theorems."
[cur] 201
[cur] 202
[cur] 239
[del] 11
[key] "@"
[cur] 193
[key] "t"
[cur] 194
[key] "e"
[cur] 195
[key] "r"
[cur] 196
[key] "m"
[cur] 197
[key] "s"
[pause]
[fix] "5 apparently contains malformed @terms for Godel’s incompleteness theorems." -> NONE
[cur] 47
[cur] 46
[del] 1
[cur] 45
[del] 1
[cur] 44
[del] 1
[cur] 43
[del] 1
[cur] 42
[del] 1
[cur] 41
[del] 1
[cur] 40
[del] 1
[cur] 39
[del] 1
[cur] 38
[del] 1
[cur] 39
[cur] 38
[del] 1
[cur] 39
[key] " "
[cur] 148
[expect] "I think everything is fixed now in the bibliography .   In the glossary there is an issue with 3.5 where I think there is an old-style edit.   Also 6.5 apparently contains malformed @terms for Godel’s incompleteness theorems."
[send] "I think everything is fixed now in the bibliography .   In the glossary there is an issue with 3.5 where I think there is an old-style edit.   Also 6.5 apparently contains malformed @terms for Godel’s incompleteness theorems."

Test 2026-06-19.11-39-14:
[key] "I"
[key] " accept"
[key] "ed"
[key] " your edit"
[key] "s, but"
[key] " they"
[key] " are"
[key] " wrong"
[cur] 0
[cur] 41
[key] " "
[del] 1
[key] "."
[key] " "
[key] "@"
[key] "t"
[key] "e"
[key] "r"
[key] "m"
[key] " "
[cur] 44
[cur] 42
[cur] 44
[cur] 10
[cur] 2
[cur] 1
[del] 48
[cur] 0
[del] 1
[key] "The"
[key] " following"
[key] " text"
[key] " is"
[key] " showing"
[key] " up"
[cur] 0
[cur] 32
[key] " "
[key] "in"
[key] " th"
[key] "e"
[key] " Glory"
[cur] 33
[cur] 45
[key] "I"
[cur] 39
[del] 7
[key] " "
[key] "g"
[key] "l"
[key] "o"
[key] "s"
[key] "s"
[key] "a"
[key] "y"
[key] " "
[key] "or"
[del] 2
[key] "Baba"
[del] 4
[key] "verbatim"
[cur] 48
[cur] 56
[key] ","
[key] " "
[key] "as"
[key] " if it"
[key] " was"
[key] " a term"
[cur] 58
[cur] 77
[key] " "
[del] 1
[key] "."
[key] " "
[cur] 48
[key] "r"
[cur] 80
[key] " "
[key] " "
[key] "Gödels incompleteness theorem, https://www.youtube.com/watch?v=IuX8QMgy4qE, Computerphile — 19:00 Gödels incompleteness theorem, https://www.youtube.com/watch?v=O4ndIDcDSGc, Numberphile / Marcus du Sautoy — 13:00"
[cur] 211
[cur] 179
[cur] 180
[key] " "
[cur] 18
[del] 7
[cur] 17
[key] "two"
[cur] 25
[key] " entries"
[cur] 29
[key] " are"
[cur] 14
[cur] 29
[cur] 89
[cur] 76
[del] 15
[cur] 77
[key] "they"
[cur] 82
[key] " were"
[cur] 88
[key] " terms"
[cur] 73
[cur] 88
[cur] 89
[key] " "
[del] 1
[key] "."
[cur] 90
[key] " "
[cur] 92
[key] "Th"
[cur] 94
[key] "ey"
[cur] 100
[key] " don’t"
[cur] 105
[key] " even"
[cur] 110
[key] " have"
[cur] 120
[key] " back link"
[cur] 122
[key] "s."
[cur] 90
[cur] 122
[cur] 121
[del] 1
[cur] 120
[del] 1
[cur] 121
[key] "s"
[cur] 122
[key] " "
[cur] 123
[key] "s"
[cur] 126
[key] "o I"
[cur] 130
[key] " sus"
[cur] 134
[key] "pect"
[cur] 143
[key] " they are"
[cur] 152
[key] " attached"
[cur] 122
[cur] 152
[cur] 153
[key] " "
[cur] 154
[key] "t"
[cur] 155
[key] "o"
[cur] 159
[key] " the"
[cur] 164
[key] " next"
[cur] 175
[key] " definition"
[cur] 153
[cur] 175
[cur] 176
[cur] 175
[cur] 176
[key] " "
[cur] 177
[key] "o"
[cur] 178
[key] "r"
[cur] 179
[key] " "
[cur] 180
[key] "i"
[cur] 181
[key] "n"
[cur] 182
[key] "s"
[cur] 183
[key] "i"
[cur] 184
[key] "d"
[cur] 185
[key] "e"
[cur] 186
[key] " "
[cur] 187
[key] "o"
[cur] 188
[key] "f"
[cur] 189
[key] " "
[cur] 190
[key] "i"
[cur] 191
[key] "t"
[cur] 192
[key] " "
[del] 1
[key] "."
[cur] 193
[key] " "
[cur] 194
[key] "C"
[cur] 198
[key] "an y"
[cur] 201
[key] "ou "
[cur] 204
[key] "fig"
[cur] 207
[key] "ure"
[cur] 217
[key] " this out?"
[cur] 193
[cur] 217
[cur] 176
[cur] 177
[key] "i"
[cur] 178
[key] "n"
[cur] 179
[key] " "
[cur] 180
[key] "6"
[cur] 181
[key] "."
[cur] 182
[key] "5"
[cur] 183
[key] " "
[cur] 186
[cur] 183
[cur] 186
[cur] 183
[cur] 184
[cur] 185
[cur] 186
[cur] 187
[key] "e"
[cur] 188
[key] "v"
[cur] 189
[key] "e"
[cur] 190
[key] "n"
[cur] 191
[key] " "
[expect] "The following two entries are showing up in the glossary verbatim, as if they were terms. They don’t even have back links so I suspect they are attached to the next definition in 6.5 or even inside of it. Can you figure this out?  Gödels incompleteness theorem, https://www.youtube.com/watch?v=IuX8QMgy4qE, Computerphile — 19:00  Gödels incompleteness theorem, https://www.youtube.com/watch?v=O4ndIDcDSGc, Numberphile / Marcus du Sautoy — 13:00"
[send] "The following two entries are showing up in the glossary verbatim, as if they were terms. They don’t even have back links so I suspect they are attached to the next definition in 6.5 or even inside of it. Can you figure this out?  Gödels incompleteness theorem, https://www.youtube.com/watch?v=IuX8QMgy4qE, Computerphile — 19:00  Gödels incompleteness theorem, https://www.youtube.com/watch?v=O4ndIDcDSGc, Numberphile / Marcus du Sautoy — 13:00"

Test 2026-06-19.11-43-51:
[key] "G"
[key] "o"
[key] " "
[key] "o"
[key] "n"
[expect] "Go on"
[send] "Go on"

Test 2026-06-19.12-19-41:
[key] "T"
[key] "h"
[key] "e"
[key] " "
[key] "@"
[key] "n"
[key] "o"
[key] "t"
[key] "e"
[key] " "
[key] "i"
[key] "n"
[key] "n"
[key] "p"
[key] "o"
[key] "d"
[cur] 14
[del] 4
[key] "mo"
[key] " "
[cur] 14
[del] 1
[cur] 13
[del] 1
[cur] 12
[del] 1
[cur] 11
[del] 1
[cur] 10
[del] 1
[key] "i"
[key] "n"
[key] " "
[key] "p"
[key] "o"
[key] "d"
[key] " "
[key] "0"
[key] "2"
[key] "9"
[key] " "
[key] "make"
[key] "s"
[key] " no"
[key] " sense to"
[key] " me"
[cur] 21
[cur] 41
[key] " "
[del] 1
[key] "."
[key] " "
[key] "I"
[key] " think."
[cur] 43
[cur] 51
[cur] 50
[del] 1
[key] " "
[key] "s"
[key] "ome"
[key] "thi"
[key] "ng"
[key] " was"
[key] " probably"
[key] " lost."
[cur] 51
[cur] 79
[cur] 78
[del] 1
[key] " "
[key] "and"
[key] " it"
[key] " should"
[key] " be"
[key] " removed"
[cur] 79
[cur] 103
[key] " "
[key] " "
[key] "w"
[key] "hat"
[del] 4
[key] "What do you"
[key] " think?"
[cur] 105
[del] 18
[key] "What do you think?"
[expect] "The @note in pod 029 makes no sense to me. I think something was probably lost and it should be removed  What do you think?"
[send] "The @note in pod 029 makes no sense to me. I think something was probably lost and it should be removed  What do you think?"

Test 2026-06-19.12-20-15:
[key] "G"
[key] "p"
[cur] 1
[del] 1
[key] "o"
[expect] "Go"
[send] "Go"

Test 2026-06-19.12-22-19:
[key] "O"
[key] "h"
[key] ", I"
[key] " see"
[cur] 0
[cur] 9
[key] " "
[del] 1
[key] "."
[key] " "
[key] "Al"
[key] "l"
[key] " of"
[key] " that"
[key] " text"
[key] " should"
[key] " be"
[key] " in"
[key] " the note"
[key] "."
[cur] 11
[cur] 50
[key] " "
[key] "A"
[key] "nd "
[key] "the"
[key] " note"
[key] " makes"
[key] " sense"
[key] "."
[cur] 51
[cur] 76
[cur] 55
[cur] 54
[cur] 55
[del] 3
[key] "T"
[cur] 53
[key] "h"
[cur] 54
[key] "e"
[cur] 55
[key] "n"
[cur] 77
[key] "l"
[key] " "
[cur] 78
[del] 1
[cur] 77
[del] 1
[cur] 76
[del] 1
[key] " "
[key] "a"
[key] "n"
[key] "d i"
[key] "s"
[key] " a"
[key] " suggestion"
[key] " to the"
[key] " author"
[cur] 77
[cur] 110
[key] ","
[key] " "
[key] "as"
[key] " note"
[key] "s often"
[key] " are"
[cur] 112
[cur] 130
[key] " "
[del] 1
[key] "."
[key] " "
[expect] "Oh, I see. All of that text should be in the note. Then the note makes sense and is a suggestion to the author, as notes often are. "
[send] "Oh, I see. All of that text should be in the note. Then the note makes sense and is a suggestion to the author, as notes often are."

Test 2026-06-19.12-26-22:
[key] "T"
[key] "he"
[key] " note"
[key] "s"
[key] " in"
[key] " two"
[key] " point"
[cur] 16
[del] 9
[key] "2.6"
[key] " and"
[key] " two"
[del] 3
[key] "2.7"
[cur] 0
[cur] 24
[key] " "
[key] "e"
[key] "ach"
[key] " contain"
[key] " both"
[cur] 25
[cur] 42
[key] " "
[key] "com"
[key] "ment"
[key] "s on"
[key] " the"
[key] " first"
[key] " reference"
[cur] 43
[cur] 74
[key] ","
[key] " "
[key] "and"
[cur] 76
[cur] 79
[key] " "
[key] "“"
[cur] 80
[del] 1
[key] "a"
[key] " "
[key] "s"
[key] "o"
[key] "r"
[key] "t"
[key] " "
[key] "of"
[cur] 87
[del] 2
[key] "o"
[key] "f"
[cur] 88
[del] 1
[key] "f"
[key] " "
[key] "“"
[key] "s"
[key] "e"
[key] "e"
[key] " "
[key] "a"
[key] "l"
[key] "s"
[key] "o"
[key] "”"
[key] " "
[key] "comm"
[key] "ent"
[cur] 101
[cur] 108
[key] " "
[del] 1
[key] "."
[key] " "
[key] " "
[key] "The"
[key] " lad"
[key] "der"
[key] " belongs."
[del] 1
[key] " in the body"
[key] " of"
[key] " the"
[key] " text"
[key] ", not"
[key] " in the note."
[cur] 111
[cur] 171
[cur] 166
[del] 3
[key] "a"
[cur] 121
[cur] 120
[del] 1
[cur] 119
[del] 1
[cur] 118
[del] 1
[cur] 117
[del] 1
[cur] 118
[key] "t"
[cur] 119
[key] "t"
[cur] 120
[key] "e"
[cur] 121
[key] "r"
[cur] 111
[cur] 114
[key] "The"
[cur] 115
[key] " "
[cur] 119
[key] "far "
[cur] 122
[key] "mer"
[cur] 122
[key] " "
[cur] 123
[key] "b"
[cur] 126
[key] "elo"
[cur] 128
[key] "ng"
[cur] 132
[key] "s in"
[cur] 142
[key] " the first"
[cur] 152
[key] " reference"
[cur] 122
[cur] 152
[cur] 153
[key] " "
[del] 1
[key] "."
[cur] 154
[key] " "
[cur] 121
[cur] 119
[cur] 121
[del] 5
[cur] 117
[key] "o"
[cur] 118
[key] "r"
[cur] 119
[key] "m"
[cur] 120
[key] "e"
[cur] 121
[key] "r"
[expect] "The notes in 2.6 and 2.7 each contain both comments on the first reference, and a sort of “see also” comment.  The former belongs in the first reference.  The latter belongs in the body of the text, not in a note."
[send] "The notes in 2.6 and 2.7 each contain both comments on the first reference, and a sort of “see also” comment.  The former belongs in the first reference.  The latter belongs in the body of the text, not in a note."

Test 2026-06-19.12-28-59:
[key] "Appa"
[key] "rentl"
[key] "y"
[key] ", I want to"
[key] " failed"
[cur] 0
[cur] 28
[key] "d"
[cur] 21
[del] 8
[cur] 18
[del] 3
[cur] 13
[del] 5
[cur] 11
[del] 2
[key] "0"
[key] "1"
[key] "2"
[key] " "
[key] "f"
[key] "ail"
[key] "ed"
[cur] 15
[cur] 21
[key] " "
[del] 1
[key] "."
[key] " "
[cur] 11
[cur] 12
[key] " "
[expect] "Apparently, 012 failed. "
[send] "Apparently, 012 failed."

Test 2026-06-19.12-29-29:
[key] "G"
[key] "o"
[expect] "Go"
[send] "Go"

Test 2026-06-19.13-27-19:
[key] "OK"
[key] ", I wanna change"
[key] " the subject"
[key] " and have"
[key] " a"
[key] " real"
[key] " discussion"
[cur] 0
[cur] 57
[key] " "
[key] "ju"
[key] "st"
[key] " like the"
[key] " good"
[key] " old days"
[cur] 58
[cur] 85
[key] " "
[del] 1
[key] "."
[key] " "
[key] " "
[key] " "
[key] " "
[cur] 89
[del] 1
[mic] on
[mic] "I"
[mic] "I was"
[mic] "I was thinking"
[mic] "I was thinking about"
[mic] "I was thinking about how"
[mic] "I was thinking about how this"
[mic] "I was thinking about how this project"
[mic] "I was thinking about how this project is"
[mic] "I was thinking about how this project is making"
[mic] "I was thinking about how this project is making stead"
[mic] "I was thinking about how this project is making steady"
[mic] "I was thinking about how this project is making steady progress"
[mic] "I was thinking about how this project is making steady progress even"
[mic] "I was thinking about how this project is making steady progress even though"
[mic] "I was thinking about how this project is making steady progress even though I"
[mic] "I was thinking about how this project is making steady progress, even though I am"
[mic] "I was thinking about how this project is making steady progress, even though I'm am"
[mic] "I was thinking about how this project is making steady progress even though I'm con"
[mic] "I was thinking about how this project is making steady progress even though I'm const"
[mic] "I was thinking about how this project is making steady progress, even though I'm constant"
[mic] "I was thinking about how this project is making steady progress even though I'm constantly"
[mic] "I was thinking about how this project is making steady progress even though I'm constantly find"
[mic] "I was thinking about how this project is making steady progress even though I'm constantly finding"
[mic] "I was thinking about how this project is making steady progress even though I'm constantly finding bug"
[mic] "I was thinking about how this project is making steady progress even though I'm constantly finding bugs"
[mic] "I was thinking about how this project is making steady progress even though I'm constantly finding bugs and"
[mic] "I was thinking about how this project is making steady progress even though I'm constantly finding bugs and mistake"
[mic] "I was thinking about how this project is making steady progress, even though I'm constantly finding bugs and mistakes"
[mic] "I was thinking about how this project is making steady progress, even though I'm constantly finding bugs and mistakes from"
[mic] "I was thinking about how this project is making steady progress, even though I'm constantly finding bugs and mistakes from long"
[mic] "I was thinking about how this project is making steady progress even though I'm constantly finding bugs and mistakes from long ago"
[mic] "I was thinking about how this project is making steady progress, even though I'm constantly finding bugs and mistakes from long ago that"
[mic] "I was thinking about how this project is making steady progress, even though I'm constantly finding bugs and mistakes from long ago that have"
[mic] "I was thinking about how this project is making steady progress, even though I'm constantly finding bugs and mistakes from long ago that have survive"
[mic] "I was thinking about how this project is making steady progress, even though I'm constantly finding bugs and mistakes from long ago that have survived"
[mic] "I was thinking about how this project is making steady progress, even though I'm constantly finding bugs and mistakes from long ago that have survived until"
[mic] "I was thinking about how this project is making steady progress, even though I'm constantly finding bugs and mistakes from long ago that have survived until we"
[mic] "I was thinking about how this project is making steady progress, even though I'm constantly finding bugs and mistakes from long ago that have survived until we trip"
[mic] "I was thinking about how this project is making steady progress, even though I'm constantly finding bugs and mistakes from long ago that have survived until we tripped"
[mic] "I was thinking about how this project is making steady progress even though I'm constantly finding bugs and mistakes from long ago that have survived until we tripped over"
[mic] "I was thinking about how this project is making steady progress even though I'm constantly finding bugs and mistakes from long ago that have survived until we tripped over them"
[key] " "
[del] 1
[key] "."
[key] " "
[mic] "I was thinking about how this project is making steady progress, even though I'm constantly finding bugs and mistakes from long ago that have survived until we tripped over them it"
[mic] "I was thinking about how this project is making steady progress, even though I'm constantly finding bugs and mistakes from long ago that have survived until we tripped over them it made"
[mic] "I was thinking about how this project is making steady progress, even though I'm constantly finding bugs and mistakes from long ago that have survived until we tripped over them it made me"
[mic] "I was thinking about how this project is making steady progress, even though I'm constantly finding bugs and mistakes from long ago that have survived until we tripped over them it made me think"
[mic] "I was thinking about how this project is making steady progress, even though I'm constantly finding bugs and mistakes from long ago that have survived until we tripped over them it made me think of"
[mic] "I was thinking about how this project is making steady progress, even though I'm constantly finding bugs and mistakes from long ago that have survived until we tripped over them it made me think of a"
[mic] "I was thinking about how this project is making steady progress, even though I'm constantly finding bugs and mistakes from long ago that have survived until we tripped over them it made me think of a story"
[mic] "I was thinking about how this project is making steady progress, even though I'm constantly finding bugs and mistakes from long ago that have survived until we tripped over them. It made me think of a story once"
[mic] "I was thinking about how this project is making steady progress, even though I'm constantly finding bugs and mistakes from long ago that have survived until we tripped over them it made me think of a story once told"
[mic] "I was thinking about how this project is making steady progress, even though I'm constantly finding bugs and mistakes from long ago that have survived until we tripped over them it made me think of a story once told by"
[mic] "I was thinking about how this project is making steady progress, even though I'm constantly finding bugs and mistakes from long ago that have survived until we tripped over them it made me think of a story once told by my"
[mic] "I was thinking about how this project is making steady progress, even though I'm constantly finding bugs and mistakes from long ago that have survived until we tripped over them it made me think of a story once told by my previous"
[mic] "I was thinking about how this project is making steady progress, even though I'm constantly finding bugs and mistakes from long ago that have survived until we tripped over them it made me think of a story once told by my previous C"
[mic] "I was thinking about how this project is making steady progress, even though I'm constantly finding bugs and mistakes from long ago that have survived until we tripped over them it made me think of a story once told by my previous CE"
[mic] "I was thinking about how this project is making steady progress, even though I'm constantly finding bugs and mistakes from long ago that have survived until we tripped over them it made me think of a story once told by my previous CEO"
[mic] "I was thinking about how this project is making steady progress even though I'm constantly finding bugs and mistakes from long ago that have survived until we tripped over them it made me think of a story once told by my previous CEO who"
[mic] "I was thinking about how this project is making steady progress, even though I'm constantly finding bugs and mistakes from long ago that have survived until we tripped over them it made me think of a story once told by my previous CEO, who said"
[mic] "I was thinking about how this project is making steady progress, even though I'm constantly finding bugs and mistakes from long ago that have survived until we tripped over them it made me think of a story once told by my previous CEO, who said his"
[mic] "I was thinking about how this project is making steady progress, even though I'm constantly finding bugs and mistakes from long ago that have survived until we tripped over them it made me think of a story once told by my previous CEO who said his job"
[mic] "I was thinking about how this project is making steady progress, even though I'm constantly finding bugs and mistakes from long ago that have survived until we tripped over them it made me think of a story once told by my previous CEO who said his job was"
[mic] "I was thinking about how this project is making steady progress, even though I'm constantly finding bugs and mistakes from long ago that have survived until we tripped over them it made me think of a story once told by my previous CEO who said his job was like"
[mic] "I was thinking about how this project is making steady progress, even though I'm constantly finding bugs and mistakes from long ago that have survived until we tripped over them. It made me think of a story once told by my previous CEO who said his job was like trying"
[mic] "I was thinking about how this project is making steady progress, even though I'm constantly finding bugs and mistakes from long ago that have survived until we tripped over them. It made me think of a story once told by my previous CEO who said his job was like trying to"
[mic] "I was thinking about how this project is making steady progress, even though I'm constantly finding bugs and mistakes from long ago that have survived until we tripped over them. It made me think of a story once told by my previous CEO who said his job was like trying to roll"
[mic] "I was thinking about how this project is making steady progress, even though I'm constantly finding bugs and mistakes from long ago that have survived until we tripped over them. It made me think of a story once told by my previous CEO who said his job was like trying to roll a"
[mic] "I was thinking about how this project is making steady progress, even though I'm constantly finding bugs and mistakes from long ago that have survived until we tripped over them. It made me think of a story once told by my previous CEO who said his job was like trying to roll a bunch"
[mic] "I was thinking about how this project is making steady progress, even though I'm constantly finding bugs and mistakes from long ago that have survived until we tripped over them. It made me think of a story once told by my previous CEO who said his job was like trying to roll a bunch of"
[mic] "I was thinking about how this project is making steady progress, even though I'm constantly finding bugs and mistakes from long ago that have survived until we tripped over them. It made me think of a story once told by my previous CEO who said his job was like trying to roll a bunch of stone"
[mic] "I was thinking about how this project is making steady progress, even though I'm constantly finding bugs and mistakes from long ago that have survived until we tripped over them. It made me think of a story once told by my previous CEO who said his job was like trying to roll a bunch of stone."
[mic] "I was thinking about how this project is making steady progress, even though I'm constantly finding bugs and mistakes from long ago that have survived until we tripped over them. It made me think of a story once told by my previous CEO who said his job was like trying to roll a bunch of stones"
[mic] "I was thinking about how this project is making steady progress, even though I'm constantly finding bugs and mistakes from long ago that have survived until we tripped over them. It made me think of a story once told by my previous CEO who said his job was like trying to roll a bunch of stones."
[mic] "I was thinking about how this project is making steady progress, even though I'm constantly finding bugs and mistakes from long ago that have survived until we tripped over them. It made me think of a story once told by my previous CEO who said his job was like trying to roll a bunch of stones up"
[mic] "I was thinking about how this project is making steady progress, even though I'm constantly finding bugs and mistakes from long ago that have survived until we tripped over them. It made me think of a story once told by my previous CEO who said his job was like trying to roll a bunch of stones up a"
[mic] "I was thinking about how this project is making steady progress, even though I'm constantly finding bugs and mistakes from long ago that have survived until we tripped over them. It made me think of a story once told by my previous CEO who said his job was like trying to roll a bunch of stones up a hill"
[mic] "I was thinking about how this project is making steady progress, even though I'm constantly finding bugs and mistakes from long ago that have survived until we tripped over them. It made me think of a story once told by my previous CEO who said his job was like trying to roll a bunch of stones up a hill."
[mic] "I was thinking about how this project is making steady progress, even though I'm constantly finding bugs and mistakes from long ago that have survived until we tripped over them. It made me think of a story once told by my previous CEO who said his job was like trying to roll a bunch of stones up a hill while"
[mic] "I was thinking about how this project is making steady progress, even though I'm constantly finding bugs and mistakes from long ago that have survived until we tripped over them. It made me think of a story once told by my previous CEO who said his job was like trying to roll a bunch of stones up a hill while you"
[mic] "I was thinking about how this project is making steady progress, even though I'm constantly finding bugs and mistakes from long ago that have survived until we tripped over them. It made me think of a story once told by my previous CEO who said his job was like trying to roll a bunch of stones up a hill while you were"
[mic] "I was thinking about how this project is making steady progress, even though I'm constantly finding bugs and mistakes from long ago that have survived until we tripped over them. It made me think of a story once told by my previous CEO who said his job was like trying to roll a bunch of stones up a hill while you're were"
[mic] "I was thinking about how this project is making steady progress, even though I'm constantly finding bugs and mistakes from long ago that have survived until we tripped over them. It made me think of a story once told by my previous CEO who said his job was like trying to roll a bunch of stones up a hill while you're working"
[mic] "I was thinking about how this project is making steady progress, even though I'm constantly finding bugs and mistakes from long ago that have survived until we tripped over them. It made me think of a story once told by my previous CEO who said his job was like trying to roll a bunch of stones up a hill while you're working on"
[mic] "I was thinking about how this project is making steady progress, even though I'm constantly finding bugs and mistakes from long ago that have survived until we tripped over them. It made me think of a story once told by my previous CEO who said his job was like trying to roll a bunch of stones up a hill while you're working on one"
[mic] "I was thinking about how this project is making steady progress, even though I'm constantly finding bugs and mistakes from long ago that have survived until we tripped over them. It made me think of a story once told by my previous CEO who said his job was like trying to roll a bunch of stones up a hill while you're working on one stone"
[mic] "I was thinking about how this project is making steady progress, even though I'm constantly finding bugs and mistakes from long ago that have survived until we tripped over them. It made me think of a story once told by my previous CEO who said his job was like trying to roll a bunch of stones up a hill while you're working on one stone the"
[mic] "I was thinking about how this project is making steady progress, even though I'm constantly finding bugs and mistakes from long ago that have survived until we tripped over them. It made me think of a story once told by my previous CEO who said his job was like trying to roll a bunch of stones up a hill while you're working on one stone, the other"
[mic] "I was thinking about how this project is making steady progress, even though I'm constantly finding bugs and mistakes from long ago that have survived until we tripped over them. It made me think of a story once told by my previous CEO who said his job was like trying to roll a bunch of stones up a hill while you're working on one stone, the others"
[mic] "I was thinking about how this project is making steady progress, even though I'm constantly finding bugs and mistakes from long ago that have survived until we tripped over them. It made me think of a story once told by my previous CEO who said his job was like trying to roll a bunch of stones up a hill while you're working on one stone the others are"
[mic] "I was thinking about how this project is making steady progress, even though I'm constantly finding bugs and mistakes from long ago that have survived until we tripped over them. It made me think of a story once told by my previous CEO who said his job was like trying to roll a bunch of stones up a hill while you're working on one stone the others are falling"
[mic] "I was thinking about how this project is making steady progress, even though I'm constantly finding bugs and mistakes from long ago that have survived until we tripped over them. It made me think of a story once told by my previous CEO who said his job was like trying to roll a bunch of stones up a hill while you're working on one stone, the others are falling behind"
[mic] "I was thinking about how this project is making steady progress, even though I'm constantly finding bugs and mistakes from long ago that have survived until we tripped over them. It made me think of a story once told by my previous CEO who said his job was like trying to roll a bunch of stones up a hill while you're working on one stone, the others are falling behind."
[mic] "I was thinking about how this project is making steady progress, even though I'm constantly finding bugs and mistakes from long ago that have survived until we tripped over them. It made me think of a story once told by my previous CEO who said his job was like trying to roll a bunch of stones up a hill while you're working on one stone the others are falling behind and"
[mic] "I was thinking about how this project is making steady progress, even though I'm constantly finding bugs and mistakes from long ago that have survived until we tripped over them. It made me think of a story once told by my previous CEO who said his job was like trying to roll a bunch of stones up a hill while you're working on one stone the others are falling behind and that"
[mic] "I was thinking about how this project is making steady progress, even though I'm constantly finding bugs and mistakes from long ago that have survived until we tripped over them. It made me think of a story once told by my previous CEO who said his job was like trying to roll a bunch of stones up a hill while you're working on one stone the others are falling behind and that story"
[mic] "I was thinking about how this project is making steady progress, even though I'm constantly finding bugs and mistakes from long ago that have survived until we tripped over them. It made me think of a story once told by my previous CEO who said his job was like trying to roll a bunch of stones up a hill while you're working on one stone the others are falling behind and that story."
[mic] "I was thinking about how this project is making steady progress, even though I'm constantly finding bugs and mistakes from long ago that have survived until we tripped over them. It made me think of a story once told by my previous CEO who said his job was like trying to roll a bunch of stones up a hill while you're working on one stone, the others are falling behind and that story made"
[mic] "I was thinking about how this project is making steady progress, even though I'm constantly finding bugs and mistakes from long ago that have survived until we tripped over them. It made me think of a story once told by my previous CEO who said his job was like trying to roll a bunch of stones up a hill while you're working on one stone the others are falling behind and that story made me"
[mic] "I was thinking about how this project is making steady progress, even though I'm constantly finding bugs and mistakes from long ago that have survived until we tripped over them. It made me think of a story once told by my previous CEO who said his job was like trying to roll a bunch of stones up a hill while you're working on one stone the others are falling behind and that story made me think"
[mic] "I was thinking about how this project is making steady progress, even though I'm constantly finding bugs and mistakes from long ago that have survived until we tripped over them. It made me think of a story once told by my previous CEO who said his job was like trying to roll a bunch of stones up a hill while you're working on one stone the others are falling behind and that story made me think of"
[mic] "I was thinking about how this project is making steady progress, even though I'm constantly finding bugs and mistakes from long ago that have survived until we tripped over them. It made me think of a story once told by my previous CEO who said his job was like trying to roll a bunch of stones up a hill while you're working on one stone the others are falling behind and that story made me think of."
[mic] "I was thinking about how this project is making steady progress, even though I'm constantly finding bugs and mistakes from long ago that have survived until we tripped over them. It made me think of a story once told by my previous CEO who said his job was like trying to roll a bunch of stones up a hill while you're working on one stone the others are falling behind and that story made me think of sis"
[mic] "I was thinking about how this project is making steady progress, even though I'm constantly finding bugs and mistakes from long ago that have survived until we tripped over them. It made me think of a story once told by my previous CEO who said his job was like trying to roll a bunch of stones up a hill while you're working on one stone the others are falling behind and that story made me think of Cici"
[mic] "I was thinking about how this project is making steady progress, even though I'm constantly finding bugs and mistakes from long ago that have survived until we tripped over them. It made me think of a story once told by my previous CEO who said his job was like trying to roll a bunch of stones up a hill while you're working on one stone the others are falling behind and that story made me think of Sisyphus"
[mic] "I was thinking about how this project is making steady progress, even though I'm constantly finding bugs and mistakes from long ago that have survived until we tripped over them. It made me think of a story once told by my previous CEO who said his job was like trying to roll a bunch of stones up a hill while you're working on one stone the others are falling behind and that story made me think of Sisyphus."
[mic] "I was thinking about how this project is making steady progress, even though I'm constantly finding bugs and mistakes from long ago that have survived until we tripped over them. It made me think of a story once told by my previous CEO who said his job was like trying to roll a bunch of stones up a hill while you're working on one stone the others are falling behind and that story made me think of Sisyphus who"
[mic] "I was thinking about how this project is making steady progress, even though I'm constantly finding bugs and mistakes from long ago that have survived until we tripped over them. It made me think of a story once told by my previous CEO who said his job was like trying to roll a bunch of stones up a hill while you're working on one stone the others are falling behind and that story made me think of Sisyphus who is"
[mic] "I was thinking about how this project is making steady progress, even though I'm constantly finding bugs and mistakes from long ago that have survived until we tripped over them. It made me think of a story once told by my previous CEO who said his job was like trying to roll a bunch of stones up a hill while you're working on one stone the others are falling behind and that story made me think of Sisyphus who is do"
[mic] "I was thinking about how this project is making steady progress, even though I'm constantly finding bugs and mistakes from long ago that have survived until we tripped over them. It made me think of a story once told by my previous CEO who said his job was like trying to roll a bunch of stones up a hill while you're working on one stone the others are falling behind and that story made me think of Sisyphus who is doomed"
[mic] "I was thinking about how this project is making steady progress, even though I'm constantly finding bugs and mistakes from long ago that have survived until we tripped over them. It made me think of a story once told by my previous CEO who said his job was like trying to roll a bunch of stones up a hill while you're working on one stone the others are falling behind and that story made me think of Sisyphus who is doomed."
[mic] "I was thinking about how this project is making steady progress, even though I'm constantly finding bugs and mistakes from long ago that have survived until we tripped over them. It made me think of a story once told by my previous CEO who said his job was like trying to roll a bunch of stones up a hill while you're working on one stone the others are falling behind and that story made me think of Sisyphus, who is doomed to"
[mic] "I was thinking about how this project is making steady progress, even though I'm constantly finding bugs and mistakes from long ago that have survived until we tripped over them. It made me think of a story once told by my previous CEO who said his job was like trying to roll a bunch of stones up a hill while you're working on one stone the others are falling behind and that story made me think of Sisyphus who is doomed to roll"
[mic] "I was thinking about how this project is making steady progress, even though I'm constantly finding bugs and mistakes from long ago that have survived until we tripped over them. It made me think of a story once told by my previous CEO who said his job was like trying to roll a bunch of stones up a hill while you're working on one stone the others are falling behind and that story made me think of Sisyphus who is doomed to roll."
[mic] "I was thinking about how this project is making steady progress, even though I'm constantly finding bugs and mistakes from long ago that have survived until we tripped over them. It made me think of a story once told by my previous CEO who said his job was like trying to roll a bunch of stones up a hill while you're working on one stone the others are falling behind and that story made me think of Sisyphus, who is doomed to rolling"
[mic] "I was thinking about how this project is making steady progress, even though I'm constantly finding bugs and mistakes from long ago that have survived until we tripped over them. It made me think of a story once told by my previous CEO who said his job was like trying to roll a bunch of stones up a hill while you're working on one stone the others are falling behind and that story made me think of Sisyphus, who is doomed to rolling."
[mic] "I was thinking about how this project is making steady progress, even though I'm constantly finding bugs and mistakes from long ago that have survived until we tripped over them. It made me think of a story once told by my previous CEO who said his job was like trying to roll a bunch of stones up a hill while you're working on one stone the others are falling behind and that story made me think of Sisyphus who is doomed to rolling stone"
[mic] "I was thinking about how this project is making steady progress, even though I'm constantly finding bugs and mistakes from long ago that have survived until we tripped over them. It made me think of a story once told by my previous CEO who said his job was like trying to roll a bunch of stones up a hill while you're working on one stone the others are falling behind and that story made me think of Sisyphus who is doomed to rolling stones"
[mic] "I was thinking about how this project is making steady progress, even though I'm constantly finding bugs and mistakes from long ago that have survived until we tripped over them. It made me think of a story once told by my previous CEO who said his job was like trying to roll a bunch of stones up a hill while you're working on one stone the others are falling behind and that story made me think of Sisyphus who is doomed to rolling stones up"
[mic] "I was thinking about how this project is making steady progress, even though I'm constantly finding bugs and mistakes from long ago that have survived until we tripped over them. It made me think of a story once told by my previous CEO who said his job was like trying to roll a bunch of stones up a hill while you're working on one stone the others are falling behind and that story made me think of Sisyphus, who is doomed to rolling stones up a"
[mic] "I was thinking about how this project is making steady progress, even though I'm constantly finding bugs and mistakes from long ago that have survived until we tripped over them. It made me think of a story once told by my previous CEO who said his job was like trying to roll a bunch of stones up a hill while you're working on one stone the others are falling behind and that story made me think of Sisyphus, who is doomed to rolling stones up a hill"
[mic] "I was thinking about how this project is making steady progress, even though I'm constantly finding bugs and mistakes from long ago that have survived until we tripped over them. It made me think of a story once told by my previous CEO who said his job was like trying to roll a bunch of stones up a hill while you're working on one stone the others are falling behind and that story made me think of Sisyphus, who is doomed to rolling stones up a hill."
[mic] "I was thinking about how this project is making steady progress, even though I'm constantly finding bugs and mistakes from long ago that have survived until we tripped over them. It made me think of a story once told by my previous CEO who said his job was like trying to roll a bunch of stones up a hill while you're working on one stone the others are falling behind and that story made me think of Sisyphus, who is doomed to rolling stones up a hill only"
[mic] "I was thinking about how this project is making steady progress, even though I'm constantly finding bugs and mistakes from long ago that have survived until we tripped over them. It made me think of a story once told by my previous CEO who said his job was like trying to roll a bunch of stones up a hill while you're working on one stone the others are falling behind and that story made me think of Sisyphus, who is doomed to rolling stones up a hill only to"
[mic] "I was thinking about how this project is making steady progress, even though I'm constantly finding bugs and mistakes from long ago that have survived until we tripped over them. It made me think of a story once told by my previous CEO who said his job was like trying to roll a bunch of stones up a hill while you're working on one stone the others are falling behind and that story made me think of Sisyphus, who is doomed to rolling stones up a hill only to have"
[mic] "I was thinking about how this project is making steady progress, even though I'm constantly finding bugs and mistakes from long ago that have survived until we tripped over them. It made me think of a story once told by my previous CEO who said his job was like trying to roll a bunch of stones up a hill while you're working on one stone the others are falling behind and that story made me think of Sisyphus, who is doomed to rolling stones up a hill only to have them"
[mic] "I was thinking about how this project is making steady progress, even though I'm constantly finding bugs and mistakes from long ago that have survived until we tripped over them. It made me think of a story once told by my previous CEO who said his job was like trying to roll a bunch of stones up a hill while you're working on one stone the others are falling behind and that story made me think of Sisyphus, who is doomed to rolling stones up a hill only to have them roll"
[mic] "I was thinking about how this project is making steady progress, even though I'm constantly finding bugs and mistakes from long ago that have survived until we tripped over them. It made me think of a story once told by my previous CEO who said his job was like trying to roll a bunch of stones up a hill while you're working on one stone the others are falling behind and that story made me think of Sisyphus, who is doomed to rolling stones up a hill only to have them roll All"
[mic] "I was thinking about how this project is making steady progress, even though I'm constantly finding bugs and mistakes from long ago that have survived until we tripped over them. It made me think of a story once told by my previous CEO who said his job was like trying to roll a bunch of stones up a hill while you're working on one stone the others are falling behind and that story made me think of Sisyphus, who is doomed to rolling stones up a hill only to have them roll all the"
[mic] "I was thinking about how this project is making steady progress, even though I'm constantly finding bugs and mistakes from long ago that have survived until we tripped over them. It made me think of a story once told by my previous CEO who said his job was like trying to roll a bunch of stones up a hill while you're working on one stone the others are falling behind and that story made me think of Sisyphus, who is doomed to rolling stones up a hill only to have them roll all the way"
[mic] "I was thinking about how this project is making steady progress, even though I'm constantly finding bugs and mistakes from long ago that have survived until we tripped over them. It made me think of a story once told by my previous CEO who said his job was like trying to roll a bunch of stones up a hill while you're working on one stone the others are falling behind and that story made me think of Sisyphus, who is doomed to rolling stones up a hill only to have them roll all the way back"
[mic] "I was thinking about how this project is making steady progress, even though I'm constantly finding bugs and mistakes from long ago that have survived until we tripped over them. It made me think of a story once told by my previous CEO who said his job was like trying to roll a bunch of stones up a hill while you're working on one stone the others are falling behind and that story made me think of Sisyphus, who is doomed to rolling stones up a hill only to have them roll all the way back to"
[mic] "I was thinking about how this project is making steady progress, even though I'm constantly finding bugs and mistakes from long ago that have survived until we tripped over them. It made me think of a story once told by my previous CEO who said his job was like trying to roll a bunch of stones up a hill while you're working on one stone the others are falling behind and that story made me think of Sisyphus, who is doomed to rolling stones up a hill only to have them roll all the way back to the"
[mic] "I was thinking about how this project is making steady progress, even though I'm constantly finding bugs and mistakes from long ago that have survived until we tripped over them. It made me think of a story once told by my previous CEO who said his job was like trying to roll a bunch of stones up a hill while you're working on one stone the others are falling behind and that story made me think of Sisyphus, who is doomed to rolling stones up a hill only to have them roll all the way back to the bottom"
[mic] "I was thinking about how this project is making steady progress, even though I'm constantly finding bugs and mistakes from long ago that have survived until we tripped over them. It made me think of a story once told by my previous CEO who said his job was like trying to roll a bunch of stones up a hill while you're working on one stone the others are falling behind and that story made me think of Sisyphus, who is doomed to rolling stones up a hill only to have them roll all the way back to the bottom."
[mic] "I was thinking about how this project is making steady progress, even though I'm constantly finding bugs and mistakes from long ago that have survived until we tripped over them. It made me think of a story once told by my previous CEO who said his job was like trying to roll a bunch of stones up a hill while you're working on one stone the others are falling behind and that story made me think of Sisyphus, who is doomed to rolling stones up a hill only to have them roll all the way back to the bottom and"
[mic] "I was thinking about how this project is making steady progress, even though I'm constantly finding bugs and mistakes from long ago that have survived until we tripped over them. It made me think of a story once told by my previous CEO who said his job was like trying to roll a bunch of stones up a hill while you're working on one stone the others are falling behind and that story made me think of Sisyphus, who is doomed to rolling stones up a hill only to have them roll all the way back to the bottom and I"
[mic] "I was thinking about how this project is making steady progress, even though I'm constantly finding bugs and mistakes from long ago that have survived until we tripped over them. It made me think of a story once told by my previous CEO who said his job was like trying to roll a bunch of stones up a hill while you're working on one stone the others are falling behind and that story made me think of Sisyphus, who is doomed to rolling stones up a hill only to have them roll all the way back to the bottom and I realized"
[mic] "I was thinking about how this project is making steady progress, even though I'm constantly finding bugs and mistakes from long ago that have survived until we tripped over them. It made me think of a story once told by my previous CEO who said his job was like trying to roll a bunch of stones up a hill while you're working on one stone the others are falling behind and that story made me think of Sisyphus, who is doomed to rolling stones up a hill only to have them roll all the way back to the bottom and I realized the"
[mic] "I was thinking about how this project is making steady progress, even though I'm constantly finding bugs and mistakes from long ago that have survived until we tripped over them. It made me think of a story once told by my previous CEO who said his job was like trying to roll a bunch of stones up a hill while you're working on one stone the others are falling behind and that story made me think of Sisyphus, who is doomed to rolling stones up a hill only to have them roll all the way back to the bottom and I realized the difference"
[mic] "I was thinking about how this project is making steady progress, even though I'm constantly finding bugs and mistakes from long ago that have survived until we tripped over them. It made me think of a story once told by my previous CEO who said his job was like trying to roll a bunch of stones up a hill while you're working on one stone the others are falling behind and that story made me think of Sisyphus, who is doomed to rolling stones up a hill only to have them roll all the way back to the bottom, and I realized the difference between"
[mic] "I was thinking about how this project is making steady progress, even though I'm constantly finding bugs and mistakes from long ago that have survived until we tripped over them. It made me think of a story once told by my previous CEO who said his job was like trying to roll a bunch of stones up a hill while you're working on one stone the others are falling behind and that story made me think of Sisyphus, who is doomed to rolling stones up a hill only to have them roll all the way back to the bottom, and I realized the difference between."
[mic] "I was thinking about how this project is making steady progress, even though I'm constantly finding bugs and mistakes from long ago that have survived until we tripped over them. It made me think of a story once told by my previous CEO who said his job was like trying to roll a bunch of stones up a hill while you're working on one stone the others are falling behind and that story made me think of Sisyphus, who is doomed to rolling stones up a hill only to have them roll all the way back to the bottom and I realize the difference between the"
[mic] "I was thinking about how this project is making steady progress, even though I'm constantly finding bugs and mistakes from long ago that have survived until we tripped over them. It made me think of a story once told by my previous CEO who said his job was like trying to roll a bunch of stones up a hill while you're working on one stone the others are falling behind and that story made me think of Sisyphus, who is doomed to rolling stones up a hill only to have them roll all the way back to the bottom and I realize the difference between the C"
[mic] "I was thinking about how this project is making steady progress, even though I'm constantly finding bugs and mistakes from long ago that have survived until we tripped over them. It made me think of a story once told by my previous CEO who said his job was like trying to roll a bunch of stones up a hill while you're working on one stone the others are falling behind and that story made me think of Sisyphus, who is doomed to rolling stones up a hill only to have them roll all the way back to the bottom and I realize the difference between the CE"
[mic] "I was thinking about how this project is making steady progress, even though I'm constantly finding bugs and mistakes from long ago that have survived until we tripped over them. It made me think of a story once told by my previous CEO who said his job was like trying to roll a bunch of stones up a hill while you're working on one stone the others are falling behind and that story made me think of Sisyphus, who is doomed to rolling stones up a hill only to have them roll all the way back to the bottom and I realize the difference between the CEO"
[mic] "I was thinking about how this project is making steady progress, even though I'm constantly finding bugs and mistakes from long ago that have survived until we tripped over them. It made me think of a story once told by my previous CEO who said his job was like trying to roll a bunch of stones up a hill while you're working on one stone the others are falling behind and that story made me think of Sisyphus, who is doomed to rolling stones up a hill only to have them roll all the way back to the bottom and I realize the difference between the CEO story"
[mic] "I was thinking about how this project is making steady progress, even though I'm constantly finding bugs and mistakes from long ago that have survived until we tripped over them. It made me think of a story once told by my previous CEO who said his job was like trying to roll a bunch of stones up a hill while you're working on one stone the others are falling behind and that story made me think of Sisyphus, who is doomed to rolling stones up a hill only to have them roll all the way back to the bottom and I realize the difference between the CEO story."
[mic] "I was thinking about how this project is making steady progress, even though I'm constantly finding bugs and mistakes from long ago that have survived until we tripped over them. It made me think of a story once told by my previous CEO who said his job was like trying to roll a bunch of stones up a hill while you're working on one stone the others are falling behind and that story made me think of Sisyphus, who is doomed to rolling stones up a hill only to have them roll all the way back to the bottom and I realize the difference between the CEO story and"
[mic] "I was thinking about how this project is making steady progress, even though I'm constantly finding bugs and mistakes from long ago that have survived until we tripped over them. It made me think of a story once told by my previous CEO who said his job was like trying to roll a bunch of stones up a hill while you're working on one stone the others are falling behind and that story made me think of Sisyphus, who is doomed to rolling stones up a hill only to have them roll all the way back to the bottom and I realize the difference between the CEO story and the"
[mic] "I was thinking about how this project is making steady progress, even though I'm constantly finding bugs and mistakes from long ago that have survived until we tripped over them. It made me think of a story once told by my previous CEO who said his job was like trying to roll a bunch of stones up a hill while you're working on one stone the others are falling behind and that story made me think of Sisyphus, who is doomed to rolling stones up a hill only to have them roll all the way back to the bottom and I realize the difference between the CEO story and the my"
[mic] "I was thinking about how this project is making steady progress, even though I'm constantly finding bugs and mistakes from long ago that have survived until we tripped over them. It made me think of a story once told by my previous CEO who said his job was like trying to roll a bunch of stones up a hill while you're working on one stone the others are falling behind and that story made me think of Sisyphus, who is doomed to rolling stones up a hill only to have them roll all the way back to the bottom and I realize the difference between the CEO story and the myth"
[mic] "I was thinking about how this project is making steady progress, even though I'm constantly finding bugs and mistakes from long ago that have survived until we tripped over them. It made me think of a story once told by my previous CEO who said his job was like trying to roll a bunch of stones up a hill while you're working on one stone the others are falling behind and that story made me think of Sisyphus, who is doomed to rolling stones up a hill only to have them roll all the way back to the bottom and I realize the difference between the CEO story and the myth."
[mic] "I was thinking about how this project is making steady progress, even though I'm constantly finding bugs and mistakes from long ago that have survived until we tripped over them. It made me think of a story once told by my previous CEO who said his job was like trying to roll a bunch of stones up a hill while you're working on one stone the others are falling behind and that story made me think of Sisyphus, who is doomed to rolling stones up a hill only to have them roll all the way back to the bottom and I realize the difference between the CEO story and the myth is"
[mic] "I was thinking about how this project is making steady progress, even though I'm constantly finding bugs and mistakes from long ago that have survived until we tripped over them. It made me think of a story once told by my previous CEO who said his job was like trying to roll a bunch of stones up a hill while you're working on one stone the others are falling behind and that story made me think of Sisyphus, who is doomed to rolling stones up a hill only to have them roll all the way back to the bottom and I realize the difference between the CEO story and the myth is he"
[mic] "I was thinking about how this project is making steady progress, even though I'm constantly finding bugs and mistakes from long ago that have survived until we tripped over them. It made me think of a story once told by my previous CEO who said his job was like trying to roll a bunch of stones up a hill while you're working on one stone the others are falling behind and that story made me think of Sisyphus, who is doomed to rolling stones up a hill only to have them roll all the way back to the bottom and I realize the difference between the CEO story and the myth is he makes"
[mic] "I was thinking about how this project is making steady progress, even though I'm constantly finding bugs and mistakes from long ago that have survived until we tripped over them. It made me think of a story once told by my previous CEO who said his job was like trying to roll a bunch of stones up a hill while you're working on one stone the others are falling behind and that story made me think of Sisyphus, who is doomed to rolling stones up a hill only to have them roll all the way back to the bottom and I realize the difference between the CEO story and the myth is he makes a"
[mic] "I was thinking about how this project is making steady progress, even though I'm constantly finding bugs and mistakes from long ago that have survived until we tripped over them. It made me think of a story once told by my previous CEO who said his job was like trying to roll a bunch of stones up a hill while you're working on one stone the others are falling behind and that story made me think of Sisyphus, who is doomed to rolling stones up a hill only to have them roll all the way back to the bottom and I realize the difference between the CEO story and the myth is he makes a little"
[mic] "I was thinking about how this project is making steady progress, even though I'm constantly finding bugs and mistakes from long ago that have survived until we tripped over them. It made me think of a story once told by my previous CEO who said his job was like trying to roll a bunch of stones up a hill while you're working on one stone the others are falling behind and that story made me think of Sisyphus, who is doomed to rolling stones up a hill only to have them roll all the way back to the bottom and I realize the difference between the CEO story and the myth is he makes a little progress"
[mic] "I was thinking about how this project is making steady progress, even though I'm constantly finding bugs and mistakes from long ago that have survived until we tripped over them. It made me think of a story once told by my previous CEO who said his job was like trying to roll a bunch of stones up a hill while you're working on one stone the others are falling behind and that story made me think of Sisyphus, who is doomed to rolling stones up a hill only to have them roll all the way back to the bottom and I realize the difference between the CEO story and the myth is he makes a little progress."
[mic] "I was thinking about how this project is making steady progress, even though I'm constantly finding bugs and mistakes from long ago that have survived until we tripped over them. It made me think of a story once told by my previous CEO who said his job was like trying to roll a bunch of stones up a hill while you're working on one stone the others are falling behind and that story made me think of Sisyphus, who is doomed to rolling stones up a hill only to have them roll all the way back to the bottom and I realize the difference between the CEO story and the myth is he makes a little progress the"
[mic] "I was thinking about how this project is making steady progress, even though I'm constantly finding bugs and mistakes from long ago that have survived until we tripped over them. It made me think of a story once told by my previous CEO who said his job was like trying to roll a bunch of stones up a hill while you're working on one stone the others are falling behind and that story made me think of Sisyphus, who is doomed to rolling stones up a hill only to have them roll all the way back to the bottom and I realize the difference between the CEO story and the myth is he makes a little progress the stone"
[mic] "I was thinking about how this project is making steady progress, even though I'm constantly finding bugs and mistakes from long ago that have survived until we tripped over them. It made me think of a story once told by my previous CEO who said his job was like trying to roll a bunch of stones up a hill while you're working on one stone the others are falling behind and that story made me think of Sisyphus, who is doomed to rolling stones up a hill only to have them roll all the way back to the bottom and I realize the difference between the CEO story and the myth is he makes a little progress. The stones"
[mic] "I was thinking about how this project is making steady progress, even though I'm constantly finding bugs and mistakes from long ago that have survived until we tripped over them. It made me think of a story once told by my previous CEO who said his job was like trying to roll a bunch of stones up a hill while you're working on one stone the others are falling behind and that story made me think of Sisyphus, who is doomed to rolling stones up a hill only to have them roll all the way back to the bottom and I realize the difference between the CEO story and the myth is he makes a little progress. The stones roll"
[mic] "I was thinking about how this project is making steady progress, even though I'm constantly finding bugs and mistakes from long ago that have survived until we tripped over them. It made me think of a story once told by my previous CEO who said his job was like trying to roll a bunch of stones up a hill while you're working on one stone the others are falling behind and that story made me think of Sisyphus, who is doomed to rolling stones up a hill only to have them roll all the way back to the bottom and I realize the difference between the CEO story and the myth is he makes a little progress. The stones roll back"
[mic] "I was thinking about how this project is making steady progress, even though I'm constantly finding bugs and mistakes from long ago that have survived until we tripped over them. It made me think of a story once told by my previous CEO who said his job was like trying to roll a bunch of stones up a hill while you're working on one stone the others are falling behind and that story made me think of Sisyphus, who is doomed to rolling stones up a hill only to have them roll all the way back to the bottom and I realize the difference between the CEO story and the myth is he makes a little progress. The stones roll back but"
[mic] "I was thinking about how this project is making steady progress, even though I'm constantly finding bugs and mistakes from long ago that have survived until we tripped over them. It made me think of a story once told by my previous CEO who said his job was like trying to roll a bunch of stones up a hill while you're working on one stone the others are falling behind and that story made me think of Sisyphus, who is doomed to rolling stones up a hill only to have them roll all the way back to the bottom and I realize the difference between the CEO story and the myth is he makes a little progress. The stones roll back but not"
[mic] "I was thinking about how this project is making steady progress, even though I'm constantly finding bugs and mistakes from long ago that have survived until we tripped over them. It made me think of a story once told by my previous CEO who said his job was like trying to roll a bunch of stones up a hill while you're working on one stone the others are falling behind and that story made me think of Sisyphus, who is doomed to rolling stones up a hill only to have them roll all the way back to the bottom and I realize the difference between the CEO story and the myth is he makes a little progress. The stones roll back but not all"
[mic] "I was thinking about how this project is making steady progress, even though I'm constantly finding bugs and mistakes from long ago that have survived until we tripped over them. It made me think of a story once told by my previous CEO who said his job was like trying to roll a bunch of stones up a hill while you're working on one stone the others are falling behind and that story made me think of Sisyphus, who is doomed to rolling stones up a hill only to have them roll all the way back to the bottom and I realize the difference between the CEO story and the myth is he makes a little progress. The stones roll back, but not all the"
[mic] "I was thinking about how this project is making steady progress, even though I'm constantly finding bugs and mistakes from long ago that have survived until we tripped over them. It made me think of a story once told by my previous CEO who said his job was like trying to roll a bunch of stones up a hill while you're working on one stone the others are falling behind and that story made me think of Sisyphus, who is doomed to rolling stones up a hill only to have them roll all the way back to the bottom and I realize the difference between the CEO story and the myth is he makes a little progress. The stones roll back but not all the way"
[mic] "I was thinking about how this project is making steady progress, even though I'm constantly finding bugs and mistakes from long ago that have survived until we tripped over them. It made me think of a story once told by my previous CEO who said his job was like trying to roll a bunch of stones up a hill while you're working on one stone the others are falling behind and that story made me think of Sisyphus, who is doomed to rolling stones up a hill only to have them roll all the way back to the bottom and I realize the difference between the CEO story and the myth is he makes a little progress. The stones roll back but not all the way to"
[mic] "I was thinking about how this project is making steady progress, even though I'm constantly finding bugs and mistakes from long ago that have survived until we tripped over them. It made me think of a story once told by my previous CEO who said his job was like trying to roll a bunch of stones up a hill while you're working on one stone the others are falling behind and that story made me think of Sisyphus, who is doomed to rolling stones up a hill only to have them roll all the way back to the bottom and I realize the difference between the CEO story and the myth is he makes a little progress. The stones roll back but not all the way to the"
[mic] "I was thinking about how this project is making steady progress, even though I'm constantly finding bugs and mistakes from long ago that have survived until we tripped over them. It made me think of a story once told by my previous CEO who said his job was like trying to roll a bunch of stones up a hill while you're working on one stone the others are falling behind and that story made me think of Sisyphus, who is doomed to rolling stones up a hill only to have them roll all the way back to the bottom and I realize the difference between the CEO story and the myth is he makes a little progress. The stones roll back but not all the way to the bottom"
[mic] "I was thinking about how this project is making steady progress, even though I'm constantly finding bugs and mistakes from long ago that have survived until we tripped over them. It made me think of a story once told by my previous CEO who said his job was like trying to roll a bunch of stones up a hill while you're working on one stone the others are falling behind and that story made me think of Sisyphus, who is doomed to rolling stones up a hill only to have them roll all the way back to the bottom and I realize the difference between the CEO story and the myth is he makes a little progress. The stones roll back but not all the way to the bottom."
[mic] "I was thinking about how this project is making steady progress, even though I'm constantly finding bugs and mistakes from long ago that have survived until we tripped over them. It made me think of a story once told by my previous CEO who said his job was like trying to roll a bunch of stones up a hill while you're working on one stone the others are falling behind and that story made me think of Sisyphus, who is doomed to rolling stones up a hill only to have them roll all the way back to the bottom and I realize the difference between the CEO story and the myth is he makes a little progress. The stones roll back but not all the way to the bottom and"
[mic] "I was thinking about how this project is making steady progress, even though I'm constantly finding bugs and mistakes from long ago that have survived until we tripped over them. It made me think of a story once told by my previous CEO who said his job was like trying to roll a bunch of stones up a hill while you're working on one stone the others are falling behind and that story made me think of Sisyphus, who is doomed to rolling stones up a hill only to have them roll all the way back to the bottom and I realize the difference between the CEO story and the myth is he makes a little progress. The stones roll back but not all the way to the bottom and the"
[mic] "I was thinking about how this project is making steady progress, even though I'm constantly finding bugs and mistakes from long ago that have survived until we tripped over them. It made me think of a story once told by my previous CEO who said his job was like trying to roll a bunch of stones up a hill while you're working on one stone the others are falling behind and that story made me think of Sisyphus, who is doomed to rolling stones up a hill only to have them roll all the way back to the bottom and I realize the difference between the CEO story and the myth is he makes a little progress. The stones roll back but not all the way to the bottom and the ultimate"
[mic] "I was thinking about how this project is making steady progress, even though I'm constantly finding bugs and mistakes from long ago that have survived until we tripped over them. It made me think of a story once told by my previous CEO who said his job was like trying to roll a bunch of stones up a hill while you're working on one stone the others are falling behind and that story made me think of Sisyphus, who is doomed to rolling stones up a hill only to have them roll all the way back to the bottom and I realize the difference between the CEO story and the myth is he makes a little progress. The stones roll back but not all the way to the bottom and the ultimate example"
[mic] "I was thinking about how this project is making steady progress, even though I'm constantly finding bugs and mistakes from long ago that have survived until we tripped over them. It made me think of a story once told by my previous CEO who said his job was like trying to roll a bunch of stones up a hill while you're working on one stone the others are falling behind and that story made me think of Sisyphus, who is doomed to rolling stones up a hill only to have them roll all the way back to the bottom and I realize the difference between the CEO story and the myth is he makes a little progress. The stones roll back but not all the way to the bottom and the ultimate example of"
[mic] "I was thinking about how this project is making steady progress, even though I'm constantly finding bugs and mistakes from long ago that have survived until we tripped over them. It made me think of a story once told by my previous CEO who said his job was like trying to roll a bunch of stones up a hill while you're working on one stone the others are falling behind and that story made me think of Sisyphus, who is doomed to rolling stones up a hill only to have them roll all the way back to the bottom and I realize the difference between the CEO story and the myth is he makes a little progress. The stones roll back but not all the way to the bottom and the ultimate example of this"
[mic] "I was thinking about how this project is making steady progress, even though I'm constantly finding bugs and mistakes from long ago that have survived until we tripped over them. It made me think of a story once told by my previous CEO who said his job was like trying to roll a bunch of stones up a hill while you're working on one stone the others are falling behind and that story made me think of Sisyphus, who is doomed to rolling stones up a hill only to have them roll all the way back to the bottom and I realize the difference between the CEO story and the myth is he makes a little progress. The stones roll back but not all the way to the bottom and the ultimate example of this."
[mic] "I was thinking about how this project is making steady progress, even though I'm constantly finding bugs and mistakes from long ago that have survived until we tripped over them. It made me think of a story once told by my previous CEO who said his job was like trying to roll a bunch of stones up a hill while you're working on one stone the others are falling behind and that story made me think of Sisyphus, who is doomed to rolling stones up a hill only to have them roll all the way back to the bottom and I realize the difference between the CEO story and the myth is he makes a little progress. The stones roll back but not all the way to the bottom and the ultimate example of this is"
[mic] "I was thinking about how this project is making steady progress, even though I'm constantly finding bugs and mistakes from long ago that have survived until we tripped over them. It made me think of a story once told by my previous CEO who said his job was like trying to roll a bunch of stones up a hill while you're working on one stone the others are falling behind and that story made me think of Sisyphus, who is doomed to rolling stones up a hill only to have them roll all the way back to the bottom and I realize the difference between the CEO story and the myth is he makes a little progress. The stones roll back but not all the way to the bottom and the ultimate example of this is is"
[mic] "I was thinking about how this project is making steady progress, even though I'm constantly finding bugs and mistakes from long ago that have survived until we tripped over them. It made me think of a story once told by my previous CEO who said his job was like trying to roll a bunch of stones up a hill while you're working on one stone the others are falling behind and that story made me think of Sisyphus, who is doomed to rolling stones up a hill only to have them roll all the way back to the bottom and I realize the difference between the CEO story and the myth is he makes a little progress. The stones roll back but not all the way to the bottom and the ultimate example of this is evolution"
[mic] "I was thinking about how this project is making steady progress, even though I'm constantly finding bugs and mistakes from long ago that have survived until we tripped over them. It made me think of a story once told by my previous CEO who said his job was like trying to roll a bunch of stones up a hill while you're working on one stone the others are falling behind and that story made me think of Sisyphus, who is doomed to rolling stones up a hill only to have them roll all the way back to the bottom and I realize the difference between the CEO story and the myth is he makes a little progress. The stones roll back but not all the way to the bottom and the ultimate example of this is evolution."
[mic] "I was thinking about how this project is making steady progress, even though I'm constantly finding bugs and mistakes from long ago that have survived until we tripped over them. It made me think of a story once told by my previous CEO who said his job was like trying to roll a bunch of stones up a hill while you're working on one stone the others are falling behind and that story made me think of Sisyphus, who is doomed to rolling stones up a hill only to have them roll all the way back to the bottom and I realize the difference between the CEO story and the myth is he makes a little progress. The stones roll back but not all the way to the bottom and the ultimate example of this is evolution which"
[mic] "I was thinking about how this project is making steady progress, even though I'm constantly finding bugs and mistakes from long ago that have survived until we tripped over them. It made me think of a story once told by my previous CEO who said his job was like trying to roll a bunch of stones up a hill while you're working on one stone the others are falling behind and that story made me think of Sisyphus, who is doomed to rolling stones up a hill only to have them roll all the way back to the bottom and I realize the difference between the CEO story and the myth is he makes a little progress. The stones roll back but not all the way to the bottom and the ultimate example of this is evolution which Patient"
[mic] "I was thinking about how this project is making steady progress, even though I'm constantly finding bugs and mistakes from long ago that have survived until we tripped over them. It made me think of a story once told by my previous CEO who said his job was like trying to roll a bunch of stones up a hill while you're working on one stone the others are falling behind and that story made me think of Sisyphus, who is doomed to rolling stones up a hill only to have them roll all the way back to the bottom and I realize the difference between the CEO story and the myth is he makes a little progress. The stones roll back, but not all the way to the bottom and the ultimate example of this is evolution which Patiently"
[mic] "I was thinking about how this project is making steady progress, even though I'm constantly finding bugs and mistakes from long ago that have survived until we tripped over them. It made me think of a story once told by my previous CEO who said his job was like trying to roll a bunch of stones up a hill while you're working on one stone the others are falling behind and that story made me think of Sisyphus, who is doomed to rolling stones up a hill only to have them roll all the way back to the bottom and I realize the difference between the CEO story and the myth is he makes a little progress. The stones roll back but not all the way to the bottom and the ultimate example of this is evolution which patiently wait"
[mic] "I was thinking about how this project is making steady progress, even though I'm constantly finding bugs and mistakes from long ago that have survived until we tripped over them. It made me think of a story once told by my previous CEO who said his job was like trying to roll a bunch of stones up a hill while you're working on one stone the others are falling behind and that story made me think of Sisyphus, who is doomed to rolling stones up a hill only to have them roll all the way back to the bottom and I realize the difference between the CEO story and the myth is he makes a little progress. The stones roll back but not all the way to the bottom and the ultimate example of this is evolution which patiently wait."
[mic] "I was thinking about how this project is making steady progress, even though I'm constantly finding bugs and mistakes from long ago that have survived until we tripped over them. It made me think of a story once told by my previous CEO who said his job was like trying to roll a bunch of stones up a hill while you're working on one stone the others are falling behind and that story made me think of Sisyphus, who is doomed to rolling stones up a hill only to have them roll all the way back to the bottom and I realize the difference between the CEO story and the myth is he makes a little progress. The stones roll back, but not all the way to the bottom and the ultimate example of this is evolution which patiently waits"
[mic] "I was thinking about how this project is making steady progress, even though I'm constantly finding bugs and mistakes from long ago that have survived until we tripped over them. It made me think of a story once told by my previous CEO who said his job was like trying to roll a bunch of stones up a hill while you're working on one stone the others are falling behind and that story made me think of Sisyphus, who is doomed to rolling stones up a hill only to have them roll all the way back to the bottom and I realize the difference between the CEO story and the myth is he makes a little progress. The stones roll back, but not all the way to the bottom and the ultimate example of this is evolution which patiently waits."
[mic] "I was thinking about how this project is making steady progress, even though I'm constantly finding bugs and mistakes from long ago that have survived until we tripped over them. It made me think of a story once told by my previous CEO who said his job was like trying to roll a bunch of stones up a hill while you're working on one stone the others are falling behind and that story made me think of Sisyphus, who is doomed to rolling stones up a hill only to have them roll all the way back to the bottom and I realize the difference between the CEO story and the myth is he makes a little progress. The stones roll back, but not all the way to the bottom and the ultimate example of this is evolution which patiently waits sometimes"
[mic] "I was thinking about how this project is making steady progress, even though I'm constantly finding bugs and mistakes from long ago that have survived until we tripped over them. It made me think of a story once told by my previous CEO who said his job was like trying to roll a bunch of stones up a hill while you're working on one stone the others are falling behind and that story made me think of Sisyphus, who is doomed to rolling stones up a hill only to have them roll all the way back to the bottom and I realize the difference between the CEO story and the myth is he makes a little progress. The stones roll back but not all the way to the bottom and the ultimate example of this is evolution which patiently waits sometimes billion"
[mic] "I was thinking about how this project is making steady progress, even though I'm constantly finding bugs and mistakes from long ago that have survived until we tripped over them. It made me think of a story once told by my previous CEO who said his job was like trying to roll a bunch of stones up a hill while you're working on one stone the others are falling behind and that story made me think of Sisyphus, who is doomed to rolling stones up a hill only to have them roll all the way back to the bottom and I realize the difference between the CEO story and the myth is he makes a little progress. The stones roll back, but not all the way to the bottom and the ultimate example of this is evolution which patiently waits sometimes billions of"
[mic] "I was thinking about how this project is making steady progress, even though I'm constantly finding bugs and mistakes from long ago that have survived until we tripped over them. It made me think of a story once told by my previous CEO who said his job was like trying to roll a bunch of stones up a hill while you're working on one stone the others are falling behind and that story made me think of Sisyphus, who is doomed to rolling stones up a hill only to have them roll all the way back to the bottom and I realize the difference between the CEO story and the myth is he makes a little progress. The stones roll back, but not all the way to the bottom and the ultimate example of this is evolution which patiently waits sometimes billions of years"
[mic] "I was thinking about how this project is making steady progress, even though I'm constantly finding bugs and mistakes from long ago that have survived until we tripped over them. It made me think of a story once told by my previous CEO who said his job was like trying to roll a bunch of stones up a hill while you're working on one stone the others are falling behind and that story made me think of Sisyphus, who is doomed to rolling stones up a hill only to have them roll all the way back to the bottom and I realize the difference between the CEO story and the myth is he makes a little progress. The stones roll back, but not all the way to the bottom and the ultimate example of this is evolution which patiently waits sometimes billions of years."
[mic] "I was thinking about how this project is making steady progress, even though I'm constantly finding bugs and mistakes from long ago that have survived until we tripped over them. It made me think of a story once told by my previous CEO who said his job was like trying to roll a bunch of stones up a hill while you're working on one stone the others are falling behind and that story made me think of Sisyphus, who is doomed to rolling stones up a hill only to have them roll all the way back to the bottom and I realize the difference between the CEO story and the myth is he makes a little progress. The stones roll back, but not all the way to the bottom and the ultimate example of this is evolution which patiently waits sometimes billions of years and"
[mic] "I was thinking about how this project is making steady progress, even though I'm constantly finding bugs and mistakes from long ago that have survived until we tripped over them. It made me think of a story once told by my previous CEO who said his job was like trying to roll a bunch of stones up a hill while you're working on one stone the others are falling behind and that story made me think of Sisyphus, who is doomed to rolling stones up a hill only to have them roll all the way back to the bottom and I realize the difference between the CEO story and the myth is he makes a little progress. The stones roll back, but not all the way to the bottom and the ultimate example of this is evolution which patiently waits sometimes billions of years and trillion"
[mic] "I was thinking about how this project is making steady progress, even though I'm constantly finding bugs and mistakes from long ago that have survived until we tripped over them. It made me think of a story once told by my previous CEO who said his job was like trying to roll a bunch of stones up a hill while you're working on one stone the others are falling behind and that story made me think of Sisyphus, who is doomed to rolling stones up a hill only to have them roll all the way back to the bottom and I realize the difference between the CEO story and the myth is he makes a little progress. The stones roll back, but not all the way to the bottom and the ultimate example of this is evolution which patiently waits sometimes billions of years and trillions of"
[mic] "I was thinking about how this project is making steady progress, even though I'm constantly finding bugs and mistakes from long ago that have survived until we tripped over them. It made me think of a story once told by my previous CEO who said his job was like trying to roll a bunch of stones up a hill while you're working on one stone the others are falling behind and that story made me think of Sisyphus, who is doomed to rolling stones up a hill only to have them roll all the way back to the bottom and I realize the difference between the CEO story and the myth is he makes a little progress. The stones roll back, but not all the way to the bottom and the ultimate example of this is evolution which patiently waits sometimes billions of years and trillions of trial"
[mic] "I was thinking about how this project is making steady progress, even though I'm constantly finding bugs and mistakes from long ago that have survived until we tripped over them. It made me think of a story once told by my previous CEO who said his job was like trying to roll a bunch of stones up a hill while you're working on one stone the others are falling behind and that story made me think of Sisyphus, who is doomed to rolling stones up a hill only to have them roll all the way back to the bottom and I realize the difference between the CEO story and the myth is he makes a little progress. The stones roll back, but not all the way to the bottom and the ultimate example of this is evolution which patiently waits sometimes billions of years and trillions of trials"
[mic] "I was thinking about how this project is making steady progress, even though I'm constantly finding bugs and mistakes from long ago that have survived until we tripped over them. It made me think of a story once told by my previous CEO who said his job was like trying to roll a bunch of stones up a hill while you're working on one stone the others are falling behind and that story made me think of Sisyphus, who is doomed to rolling stones up a hill only to have them roll all the way back to the bottom and I realize the difference between the CEO story and the myth is he makes a little progress. The stones roll back, but not all the way to the bottom and the ultimate example of this is evolution which patiently waits sometimes billions of years and trillions of trials."
[mic] "I was thinking about how this project is making steady progress, even though I'm constantly finding bugs and mistakes from long ago that have survived until we tripped over them. It made me think of a story once told by my previous CEO who said his job was like trying to roll a bunch of stones up a hill while you're working on one stone the others are falling behind and that story made me think of Sisyphus, who is doomed to rolling stones up a hill only to have them roll all the way back to the bottom and I realize the difference between the CEO story and the myth is he makes a little progress. The stones roll back, but not all the way to the bottom and the ultimate example of this is evolution which patiently waits sometimes billions of years and trillions of trials until"
[mic] "I was thinking about how this project is making steady progress, even though I'm constantly finding bugs and mistakes from long ago that have survived until we tripped over them. It made me think of a story once told by my previous CEO who said his job was like trying to roll a bunch of stones up a hill while you're working on one stone the others are falling behind and that story made me think of Sisyphus, who is doomed to rolling stones up a hill only to have them roll all the way back to the bottom and I realize the difference between the CEO story and the myth is he makes a little progress. The stones roll back, but not all the way to the bottom and the ultimate example of this is evolution which patiently waits sometimes billions of years and trillions of trials until."
[mic] "I was thinking about how this project is making steady progress, even though I'm constantly finding bugs and mistakes from long ago that have survived until we tripped over them. It made me think of a story once told by my previous CEO who said his job was like trying to roll a bunch of stones up a hill while you're working on one stone the others are falling behind and that story made me think of Sisyphus, who is doomed to rolling stones up a hill only to have them roll all the way back to the bottom and I realize the difference between the CEO story and the myth is he makes a little progress. The stones roll back, but not all the way to the bottom and the ultimate example of this is evolution which patiently waits sometimes billions of years and trillions of trials until progress"
[mic] "I was thinking about how this project is making steady progress, even though I'm constantly finding bugs and mistakes from long ago that have survived until we tripped over them. It made me think of a story once told by my previous CEO who said his job was like trying to roll a bunch of stones up a hill while you're working on one stone the others are falling behind and that story made me think of Sisyphus, who is doomed to rolling stones up a hill only to have them roll all the way back to the bottom and I realize the difference between the CEO story and the myth is he makes a little progress. The stones roll back, but not all the way to the bottom and the ultimate example of this is evolution which patiently waits sometimes billions of years and trillions of trials until progress."
[mic] "I was thinking about how this project is making steady progress, even though I'm constantly finding bugs and mistakes from long ago that have survived until we tripped over them. It made me think of a story once told by my previous CEO who said his job was like trying to roll a bunch of stones up a hill while you're working on one stone the others are falling behind and that story made me think of Sisyphus, who is doomed to rolling stones up a hill only to have them roll all the way back to the bottom and I realize the difference between the CEO story and the myth is he makes a little progress. The stones roll back, but not all the way to the bottom and the ultimate example of this is evolution which patiently waits sometimes billions of years and trillions of trials until progress doesn't"
[mic] "I was thinking about how this project is making steady progress, even though I'm constantly finding bugs and mistakes from long ago that have survived until we tripped over them. It made me think of a story once told by my previous CEO who said his job was like trying to roll a bunch of stones up a hill while you're working on one stone the others are falling behind and that story made me think of Sisyphus, who is doomed to rolling stones up a hill only to have them roll all the way back to the bottom and I realize the difference between the CEO story and the myth is he makes a little progress. The stones roll back, but not all the way to the bottom and the ultimate example of this is evolution which patiently waits sometimes billions of years and trillions of trials until progress doesn't slip"
[mic] "I was thinking about how this project is making steady progress, even though I'm constantly finding bugs and mistakes from long ago that have survived until we tripped over them. It made me think of a story once told by my previous CEO who said his job was like trying to roll a bunch of stones up a hill while you're working on one stone the others are falling behind and that story made me think of Sisyphus, who is doomed to rolling stones up a hill only to have them roll all the way back to the bottom and I realize the difference between the CEO story and the myth is he makes a little progress. The stones roll back, but not all the way to the bottom and the ultimate example of this is evolution which patiently waits sometimes billions of years and trillions of trials until progress doesn't slip back"
[mic] "I was thinking about how this project is making steady progress, even though I'm constantly finding bugs and mistakes from long ago that have survived until we tripped over them. It made me think of a story once told by my previous CEO who said his job was like trying to roll a bunch of stones up a hill while you're working on one stone the others are falling behind and that story made me think of Sisyphus, who is doomed to rolling stones up a hill only to have them roll all the way back to the bottom and I realize the difference between the CEO story and the myth is he makes a little progress. The stones roll back, but not all the way to the bottom and the ultimate example of this is evolution which patiently waits sometimes billions of years and trillions of trials until progress doesn't slip back."
[mic] "I was thinking about how this project is making steady progress, even though I'm constantly finding bugs and mistakes from long ago that have survived until we tripped over them. It made me think of a story once told by my previous CEO who said his job was like trying to roll a bunch of stones up a hill while you're working on one stone the others are falling behind and that story made me think of Sisyphus, who is doomed to rolling stones up a hill only to have them roll all the way back to the bottom and I realize the difference between the CEO story and the myth is he makes a little progress. The stones roll back, but not all the way to the bottom and the ultimate example of this is evolution which patiently waits sometimes billions of years and trillions of trials until progress doesn't slip back if"
[mic] "I was thinking about how this project is making steady progress, even though I'm constantly finding bugs and mistakes from long ago that have survived until we tripped over them. It made me think of a story once told by my previous CEO who said his job was like trying to roll a bunch of stones up a hill while you're working on one stone the others are falling behind and that story made me think of Sisyphus, who is doomed to rolling stones up a hill only to have them roll all the way back to the bottom and I realize the difference between the CEO story and the myth is he makes a little progress. The stones roll back, but not all the way to the bottom and the ultimate example of this is evolution which patiently waits sometimes billions of years and trillions of trials until progress doesn't slip back if you"
[mic] "I was thinking about how this project is making steady progress, even though I'm constantly finding bugs and mistakes from long ago that have survived until we tripped over them. It made me think of a story once told by my previous CEO who said his job was like trying to roll a bunch of stones up a hill while you're working on one stone the others are falling behind and that story made me think of Sisyphus, who is doomed to rolling stones up a hill only to have them roll all the way back to the bottom and I realize the difference between the CEO story and the myth is he makes a little progress. The stones roll back, but not all the way to the bottom and the ultimate example of this is evolution which patiently waits sometimes billions of years and trillions of trials until progress doesn't slip back if you think"
[mic] "I was thinking about how this project is making steady progress, even though I'm constantly finding bugs and mistakes from long ago that have survived until we tripped over them. It made me think of a story once told by my previous CEO who said his job was like trying to roll a bunch of stones up a hill while you're working on one stone the others are falling behind and that story made me think of Sisyphus, who is doomed to rolling stones up a hill only to have them roll all the way back to the bottom and I realize the difference between the CEO story and the myth is he makes a little progress. The stones roll back, but not all the way to the bottom and the ultimate example of this is evolution which patiently waits sometimes billions of years and trillions of trials until progress doesn't slip back if you think of"
[mic] "I was thinking about how this project is making steady progress, even though I'm constantly finding bugs and mistakes from long ago that have survived until we tripped over them. It made me think of a story once told by my previous CEO who said his job was like trying to roll a bunch of stones up a hill while you're working on one stone the others are falling behind and that story made me think of Sisyphus, who is doomed to rolling stones up a hill only to have them roll all the way back to the bottom and I realize the difference between the CEO story and the myth is he makes a little progress. The stones roll back, but not all the way to the bottom and the ultimate example of this is evolution which patiently waits sometimes billions of years and trillions of trials until progress doesn't slip back if you think of."
[mic] "I was thinking about how this project is making steady progress, even though I'm constantly finding bugs and mistakes from long ago that have survived until we tripped over them. It made me think of a story once told by my previous CEO who said his job was like trying to roll a bunch of stones up a hill while you're working on one stone the others are falling behind and that story made me think of Sisyphus, who is doomed to rolling stones up a hill only to have them roll all the way back to the bottom and I realize the difference between the CEO story and the myth is he makes a little progress. The stones roll back, but not all the way to the bottom and the ultimate example of this is evolution which patiently waits sometimes billions of years and trillions of trials until progress doesn't slip back if you think of it"
[mic] "I was thinking about how this project is making steady progress, even though I'm constantly finding bugs and mistakes from long ago that have survived until we tripped over them. It made me think of a story once told by my previous CEO who said his job was like trying to roll a bunch of stones up a hill while you're working on one stone the others are falling behind and that story made me think of Sisyphus, who is doomed to rolling stones up a hill only to have them roll all the way back to the bottom and I realize the difference between the CEO story and the myth is he makes a little progress. The stones roll back, but not all the way to the bottom and the ultimate example of this is evolution which patiently waits sometimes billions of years and trillions of trials until progress doesn't slip back if you think of it as"
[mic] "I was thinking about how this project is making steady progress, even though I'm constantly finding bugs and mistakes from long ago that have survived until we tripped over them. It made me think of a story once told by my previous CEO who said his job was like trying to roll a bunch of stones up a hill while you're working on one stone the others are falling behind and that story made me think of Sisyphus, who is doomed to rolling stones up a hill only to have them roll all the way back to the bottom and I realize the difference between the CEO story and the myth is he makes a little progress. The stones roll back, but not all the way to the bottom and the ultimate example of this is evolution which patiently waits sometimes billions of years and trillions of trials until progress doesn't slip back if you think of it as patience"
[mic] "I was thinking about how this project is making steady progress, even though I'm constantly finding bugs and mistakes from long ago that have survived until we tripped over them. It made me think of a story once told by my previous CEO who said his job was like trying to roll a bunch of stones up a hill while you're working on one stone the others are falling behind and that story made me think of Sisyphus, who is doomed to rolling stones up a hill only to have them roll all the way back to the bottom and I realize the difference between the CEO story and the myth is he makes a little progress. The stones roll back, but not all the way to the bottom and the ultimate example of this is evolution which patiently waits sometimes billions of years and trillions of trials until progress doesn't slip back if you think of it as patience."
[mic] "I was thinking about how this project is making steady progress, even though I'm constantly finding bugs and mistakes from long ago that have survived until we tripped over them. It made me think of a story once told by my previous CEO who said his job was like trying to roll a bunch of stones up a hill while you're working on one stone the others are falling behind and that story made me think of Sisyphus, who is doomed to rolling stones up a hill only to have them roll all the way back to the bottom and I realize the difference between the CEO story and the myth is he makes a little progress. The stones roll back, but not all the way to the bottom and the ultimate example of this is evolution which patiently waits sometimes billions of years and trillions of trials until progress doesn't slip back if you think of it as patience instead"
[mic] "I was thinking about how this project is making steady progress, even though I'm constantly finding bugs and mistakes from long ago that have survived until we tripped over them. It made me think of a story once told by my previous CEO who said his job was like trying to roll a bunch of stones up a hill while you're working on one stone the others are falling behind and that story made me think of Sisyphus, who is doomed to rolling stones up a hill only to have them roll all the way back to the bottom and I realize the difference between the CEO story and the myth is he makes a little progress. The stones roll back, but not all the way to the bottom and the ultimate example of this is evolution which patiently waits sometimes billions of years and trillions of trials until progress doesn't slip back if you think of it as patience instead of"
[mic] "I was thinking about how this project is making steady progress, even though I'm constantly finding bugs and mistakes from long ago that have survived until we tripped over them. It made me think of a story once told by my previous CEO who said his job was like trying to roll a bunch of stones up a hill while you're working on one stone the others are falling behind and that story made me think of Sisyphus, who is doomed to rolling stones up a hill only to have them roll all the way back to the bottom and I realize the difference between the CEO story and the myth is he makes a little progress. The stones roll back, but not all the way to the bottom and the ultimate example of this is evolution which patiently waits sometimes billions of years and trillions of trials until progress doesn't slip back if you think of it as patience instead of his"
[mic] "I was thinking about how this project is making steady progress, even though I'm constantly finding bugs and mistakes from long ago that have survived until we tripped over them. It made me think of a story once told by my previous CEO who said his job was like trying to roll a bunch of stones up a hill while you're working on one stone the others are falling behind and that story made me think of Sisyphus, who is doomed to rolling stones up a hill only to have them roll all the way back to the bottom and I realize the difference between the CEO story and the myth is he makes a little progress. The stones roll back, but not all the way to the bottom and the ultimate example of this is evolution which patiently waits sometimes billions of years and trillions of trials until progress doesn't slip back if you think of it as patience instead of his random"
[mic] "I was thinking about how this project is making steady progress, even though I'm constantly finding bugs and mistakes from long ago that have survived until we tripped over them. It made me think of a story once told by my previous CEO who said his job was like trying to roll a bunch of stones up a hill while you're working on one stone the others are falling behind and that story made me think of Sisyphus, who is doomed to rolling stones up a hill only to have them roll all the way back to the bottom and I realize the difference between the CEO story and the myth is he makes a little progress. The stones roll back, but not all the way to the bottom and the ultimate example of this is evolution which patiently waits sometimes billions of years and trillions of trials until progress doesn't slip back if you think of it as patience instead of his randomness"
[mic] "I was thinking about how this project is making steady progress, even though I'm constantly finding bugs and mistakes from long ago that have survived until we tripped over them. It made me think of a story once told by my previous CEO who said his job was like trying to roll a bunch of stones up a hill while you're working on one stone the others are falling behind and that story made me think of Sisyphus, who is doomed to rolling stones up a hill only to have them roll all the way back to the bottom and I realize the difference between the CEO story and the myth is he makes a little progress. The stones roll back, but not all the way to the bottom and the ultimate example of this is evolution which patiently waits sometimes billions of years and trillions of trials until progress doesn't slip back if you think of it as patience instead of his randomness."
[mic] "I was thinking about how this project is making steady progress, even though I'm constantly finding bugs and mistakes from long ago that have survived until we tripped over them. It made me think of a story once told by my previous CEO who said his job was like trying to roll a bunch of stones up a hill while you're working on one stone the others are falling behind and that story made me think of Sisyphus, who is doomed to rolling stones up a hill only to have them roll all the way back to the bottom and I realize the difference between the CEO story and the myth is he makes a little progress. The stones roll back, but not all the way to the bottom and the ultimate example of this is evolution which patiently waits sometimes billions of years and trillions of trials until progress doesn't slip back if you think of it as patience instead of his randomness then"
[mic] "I was thinking about how this project is making steady progress, even though I'm constantly finding bugs and mistakes from long ago that have survived until we tripped over them. It made me think of a story once told by my previous CEO who said his job was like trying to roll a bunch of stones up a hill while you're working on one stone the others are falling behind and that story made me think of Sisyphus, who is doomed to rolling stones up a hill only to have them roll all the way back to the bottom and I realize the difference between the CEO story and the myth is he makes a little progress. The stones roll back, but not all the way to the bottom and the ultimate example of this is evolution which patiently waits sometimes billions of years and trillions of trials until progress doesn't slip back if you think of it as patience instead of his randomness then."
[mic] "I was thinking about how this project is making steady progress, even though I'm constantly finding bugs and mistakes from long ago that have survived until we tripped over them. It made me think of a story once told by my previous CEO who said his job was like trying to roll a bunch of stones up a hill while you're working on one stone the others are falling behind and that story made me think of Sisyphus, who is doomed to rolling stones up a hill only to have them roll all the way back to the bottom and I realize the difference between the CEO story and the myth is he makes a little progress. The stones roll back, but not all the way to the bottom and the ultimate example of this is evolution which patiently waits sometimes billions of years and trillions of trials until progress doesn't slip back if you think of it as patience instead of his randomness, then it"
[mic] "I was thinking about how this project is making steady progress, even though I'm constantly finding bugs and mistakes from long ago that have survived until we tripped over them. It made me think of a story once told by my previous CEO who said his job was like trying to roll a bunch of stones up a hill while you're working on one stone the others are falling behind and that story made me think of Sisyphus, who is doomed to rolling stones up a hill only to have them roll all the way back to the bottom and I realize the difference between the CEO story and the myth is he makes a little progress. The stones roll back, but not all the way to the bottom and the ultimate example of this is evolution which patiently waits sometimes billions of years and trillions of trials until progress doesn't slip back if you think of it as patience instead of his randomness, then it's"
[mic] "I was thinking about how this project is making steady progress, even though I'm constantly finding bugs and mistakes from long ago that have survived until we tripped over them. It made me think of a story once told by my previous CEO who said his job was like trying to roll a bunch of stones up a hill while you're working on one stone the others are falling behind and that story made me think of Sisyphus, who is doomed to rolling stones up a hill only to have them roll all the way back to the bottom and I realize the difference between the CEO story and the myth is he makes a little progress. The stones roll back, but not all the way to the bottom and the ultimate example of this is evolution which patiently waits sometimes billions of years and trillions of trials until progress doesn't slip back if you think of it as patience instead of his randomness, then it's possible"
[mic] "I was thinking about how this project is making steady progress, even though I'm constantly finding bugs and mistakes from long ago that have survived until we tripped over them. It made me think of a story once told by my previous CEO who said his job was like trying to roll a bunch of stones up a hill while you're working on one stone the others are falling behind and that story made me think of Sisyphus, who is doomed to rolling stones up a hill only to have them roll all the way back to the bottom and I realize the difference between the CEO story and the myth is he makes a little progress. The stones roll back, but not all the way to the bottom and the ultimate example of this is evolution which patiently waits sometimes billions of years and trillions of trials until progress doesn't slip back if you think of it as patience instead of his randomness, then it's possible."
[mic] "I was thinking about how this project is making steady progress, even though I'm constantly finding bugs and mistakes from long ago that have survived until we tripped over them. It made me think of a story once told by my previous CEO who said his job was like trying to roll a bunch of stones up a hill while you're working on one stone the others are falling behind and that story made me think of Sisyphus, who is doomed to rolling stones up a hill only to have them roll all the way back to the bottom and I realize the difference between the CEO story and the myth is he makes a little progress. The stones roll back, but not all the way to the bottom and the ultimate example of this is evolution which patiently waits sometimes billions of years and trillions of trials until progress doesn't slip back if you think of it as patience instead of his randomness, then it's possible to"
[mic] "I was thinking about how this project is making steady progress, even though I'm constantly finding bugs and mistakes from long ago that have survived until we tripped over them. It made me think of a story once told by my previous CEO who said his job was like trying to roll a bunch of stones up a hill while you're working on one stone the others are falling behind and that story made me think of Sisyphus, who is doomed to rolling stones up a hill only to have them roll all the way back to the bottom and I realize the difference between the CEO story and the myth is he makes a little progress. The stones roll back, but not all the way to the bottom and the ultimate example of this is evolution which patiently waits sometimes billions of years and trillions of trials until progress doesn't slip back if you think of it as patience instead of his randomness, then it's possible to."
[mic] "I was thinking about how this project is making steady progress, even though I'm constantly finding bugs and mistakes from long ago that have survived until we tripped over them. It made me think of a story once told by my previous CEO who said his job was like trying to roll a bunch of stones up a hill while you're working on one stone the others are falling behind and that story made me think of Sisyphus, who is doomed to rolling stones up a hill only to have them roll all the way back to the bottom and I realize the difference between the CEO story and the myth is he makes a little progress. The stones roll back, but not all the way to the bottom and the ultimate example of this is evolution which patiently waits sometimes billions of years and trillions of trials until progress doesn't slip back if you think of it as patience instead of his randomness, then it's possible to see"
[mic] "I was thinking about how this project is making steady progress, even though I'm constantly finding bugs and mistakes from long ago that have survived until we tripped over them. It made me think of a story once told by my previous CEO who said his job was like trying to roll a bunch of stones up a hill while you're working on one stone the others are falling behind and that story made me think of Sisyphus, who is doomed to rolling stones up a hill only to have them roll all the way back to the bottom and I realize the difference between the CEO story and the myth is he makes a little progress. The stones roll back, but not all the way to the bottom and the ultimate example of this is evolution which patiently waits sometimes billions of years and trillions of trials until progress doesn't slip back if you think of it as patience instead of his randomness, then it's possible to see."
[mic] "I was thinking about how this project is making steady progress, even though I'm constantly finding bugs and mistakes from long ago that have survived until we tripped over them. It made me think of a story once told by my previous CEO who said his job was like trying to roll a bunch of stones up a hill while you're working on one stone the others are falling behind and that story made me think of Sisyphus, who is doomed to rolling stones up a hill only to have them roll all the way back to the bottom and I realize the difference between the CEO story and the myth is he makes a little progress. The stones roll back, but not all the way to the bottom and the ultimate example of this is evolution which patiently waits sometimes billions of years and trillions of trials until progress doesn't slip back if you think of it as patience instead of his randomness, then it's possible to see Evo"
[mic] "I was thinking about how this project is making steady progress, even though I'm constantly finding bugs and mistakes from long ago that have survived until we tripped over them. It made me think of a story once told by my previous CEO who said his job was like trying to roll a bunch of stones up a hill while you're working on one stone the others are falling behind and that story made me think of Sisyphus, who is doomed to rolling stones up a hill only to have them roll all the way back to the bottom and I realize the difference between the CEO story and the myth is he makes a little progress. The stones roll back, but not all the way to the bottom and the ultimate example of this is evolution which patiently waits sometimes billions of years and trillions of trials until progress doesn't slip back if you think of it as patience instead of his randomness, then it's possible to see evolution"
[mic] "I was thinking about how this project is making steady progress, even though I'm constantly finding bugs and mistakes from long ago that have survived until we tripped over them. It made me think of a story once told by my previous CEO who said his job was like trying to roll a bunch of stones up a hill while you're working on one stone the others are falling behind and that story made me think of Sisyphus, who is doomed to rolling stones up a hill only to have them roll all the way back to the bottom and I realize the difference between the CEO story and the myth is he makes a little progress. The stones roll back, but not all the way to the bottom and the ultimate example of this is evolution which patiently waits sometimes billions of years and trillions of trials until progress doesn't slip back if you think of it as patience instead of his randomness, then it's possible to see evolution."
[mic] "I was thinking about how this project is making steady progress, even though I'm constantly finding bugs and mistakes from long ago that have survived until we tripped over them. It made me think of a story once told by my previous CEO who said his job was like trying to roll a bunch of stones up a hill while you're working on one stone the others are falling behind and that story made me think of Sisyphus, who is doomed to rolling stones up a hill only to have them roll all the way back to the bottom and I realize the difference between the CEO story and the myth is he makes a little progress. The stones roll back, but not all the way to the bottom and the ultimate example of this is evolution which patiently waits sometimes billions of years and trillions of trials until progress doesn't slip back if you think of it as patience instead of his randomness, then it's possible to see evolution has"
[mic] "I was thinking about how this project is making steady progress, even though I'm constantly finding bugs and mistakes from long ago that have survived until we tripped over them. It made me think of a story once told by my previous CEO who said his job was like trying to roll a bunch of stones up a hill while you're working on one stone the others are falling behind and that story made me think of Sisyphus, who is doomed to rolling stones up a hill only to have them roll all the way back to the bottom and I realize the difference between the CEO story and the myth is he makes a little progress. The stones roll back, but not all the way to the bottom and the ultimate example of this is evolution which patiently waits sometimes billions of years and trillions of trials until progress doesn't slip back if you think of it as patience instead of his randomness, then it's possible to see evolution has."
[mic] "I was thinking about how this project is making steady progress, even though I'm constantly finding bugs and mistakes from long ago that have survived until we tripped over them. It made me think of a story once told by my previous CEO who said his job was like trying to roll a bunch of stones up a hill while you're working on one stone the others are falling behind and that story made me think of Sisyphus, who is doomed to rolling stones up a hill only to have them roll all the way back to the bottom and I realize the difference between the CEO story and the myth is he makes a little progress. The stones roll back, but not all the way to the bottom and the ultimate example of this is evolution which patiently waits sometimes billions of years and trillions of trials until progress doesn't slip back if you think of it as patience instead of his randomness, then it's possible to see evolution intention"
[mic] "I was thinking about how this project is making steady progress, even though I'm constantly finding bugs and mistakes from long ago that have survived until we tripped over them. It made me think of a story once told by my previous CEO who said his job was like trying to roll a bunch of stones up a hill while you're working on one stone the others are falling behind and that story made me think of Sisyphus, who is doomed to rolling stones up a hill only to have them roll all the way back to the bottom and I realize the difference between the CEO story and the myth is he makes a little progress. The stones roll back, but not all the way to the bottom and the ultimate example of this is evolution which patiently waits sometimes billions of years and trillions of trials until progress doesn't slip back if you think of it as patience instead of his randomness, then it's possible to see evolution intention intentional"
[mic] "I was thinking about how this project is making steady progress, even though I'm constantly finding bugs and mistakes from long ago that have survived until we tripped over them. It made me think of a story once told by my previous CEO who said his job was like trying to roll a bunch of stones up a hill while you're working on one stone the others are falling behind and that story made me think of Sisyphus, who is doomed to rolling stones up a hill only to have them roll all the way back to the bottom and I realize the difference between the CEO story and the myth is he makes a little progress. The stones roll back, but not all the way to the bottom and the ultimate example of this is evolution which patiently waits sometimes billions of years and trillions of trials until progress doesn't slip back if you think of it as patience instead of his randomness, then it's possible to see evolution intention intentional."
[mic] "I was thinking about how this project is making steady progress, even though I'm constantly finding bugs and mistakes from long ago that have survived until we tripped over them. It made me think of a story once told by my previous CEO who said his job was like trying to roll a bunch of stones up a hill while you're working on one stone the others are falling behind and that story made me think of Sisyphus, who is doomed to rolling stones up a hill only to have them roll all the way back to the bottom and I realize the difference between the CEO story and the myth is he makes a little progress. The stones roll back, but not all the way to the bottom and the ultimate example of this is evolution which patiently waits sometimes billions of years and trillions of trials until progress doesn't slip back if you think of it as patience instead of his randomness, then it's possible to see evolution has intentional"
[mic] "I was thinking about how this project is making steady progress, even though I'm constantly finding bugs and mistakes from long ago that have survived until we tripped over them. It made me think of a story once told by my previous CEO who said his job was like trying to roll a bunch of stones up a hill while you're working on one stone the others are falling behind and that story made me think of Sisyphus, who is doomed to rolling stones up a hill only to have them roll all the way back to the bottom and I realize the difference between the CEO story and the myth is he makes a little progress. The stones roll back, but not all the way to the bottom and the ultimate example of this is evolution which patiently waits sometimes billions of years and trillions of trials until progress doesn't slip back if you think of it as patience instead of his randomness, then it's possible to see evolution has intentional."
[mic] "I was thinking about how this project is making steady progress, even though I'm constantly finding bugs and mistakes from long ago that have survived until we tripped over them. It made me think of a story once told by my previous CEO who said his job was like trying to roll a bunch of stones up a hill while you're working on one stone the others are falling behind and that story made me think of Sisyphus, who is doomed to rolling stones up a hill only to have them roll all the way back to the bottom and I realize the difference between the CEO story and the myth is he makes a little progress. The stones roll back, but not all the way to the bottom and the ultimate example of this is evolution which patiently waits sometimes billions of years and trillions of trials until progress doesn't slip back if you think of it as patience instead of his randomness, then it's possible to see evolution as intentional not"
[mic] "I was thinking about how this project is making steady progress, even though I'm constantly finding bugs and mistakes from long ago that have survived until we tripped over them. It made me think of a story once told by my previous CEO who said his job was like trying to roll a bunch of stones up a hill while you're working on one stone the others are falling behind and that story made me think of Sisyphus, who is doomed to rolling stones up a hill only to have them roll all the way back to the bottom and I realize the difference between the CEO story and the myth is he makes a little progress. The stones roll back, but not all the way to the bottom and the ultimate example of this is evolution which patiently waits sometimes billions of years and trillions of trials until progress doesn't slip back if you think of it as patience instead of his randomness, then it's possible to see evolution as intentional not towards"
[mic] "I was thinking about how this project is making steady progress, even though I'm constantly finding bugs and mistakes from long ago that have survived until we tripped over them. It made me think of a story once told by my previous CEO who said his job was like trying to roll a bunch of stones up a hill while you're working on one stone the others are falling behind and that story made me think of Sisyphus, who is doomed to rolling stones up a hill only to have them roll all the way back to the bottom and I realize the difference between the CEO story and the myth is he makes a little progress. The stones roll back, but not all the way to the bottom and the ultimate example of this is evolution which patiently waits sometimes billions of years and trillions of trials until progress doesn't slip back if you think of it as patience instead of his randomness, then it's possible to see evolution as intentional not towards human"
[mic] "I was thinking about how this project is making steady progress, even though I'm constantly finding bugs and mistakes from long ago that have survived until we tripped over them. It made me think of a story once told by my previous CEO who said his job was like trying to roll a bunch of stones up a hill while you're working on one stone the others are falling behind and that story made me think of Sisyphus, who is doomed to rolling stones up a hill only to have them roll all the way back to the bottom and I realize the difference between the CEO story and the myth is he makes a little progress. The stones roll back, but not all the way to the bottom and the ultimate example of this is evolution which patiently waits sometimes billions of years and trillions of trials until progress doesn't slip back if you think of it as patience instead of his randomness, then it's possible to see evolution as intentional not towards human."
[mic] "I was thinking about how this project is making steady progress, even though I'm constantly finding bugs and mistakes from long ago that have survived until we tripped over them. It made me think of a story once told by my previous CEO who said his job was like trying to roll a bunch of stones up a hill while you're working on one stone the others are falling behind and that story made me think of Sisyphus, who is doomed to rolling stones up a hill only to have them roll all the way back to the bottom and I realize the difference between the CEO story and the myth is he makes a little progress. The stones roll back, but not all the way to the bottom and the ultimate example of this is evolution which patiently waits sometimes billions of years and trillions of trials until progress doesn't slip back if you think of it as patience instead of his randomness, then it's possible to see evolution as intentional not towards humans"
[mic] "I was thinking about how this project is making steady progress, even though I'm constantly finding bugs and mistakes from long ago that have survived until we tripped over them. It made me think of a story once told by my previous CEO who said his job was like trying to roll a bunch of stones up a hill while you're working on one stone the others are falling behind and that story made me think of Sisyphus, who is doomed to rolling stones up a hill only to have them roll all the way back to the bottom and I realize the difference between the CEO story and the myth is he makes a little progress. The stones roll back, but not all the way to the bottom and the ultimate example of this is evolution which patiently waits sometimes billions of years and trillions of trials until progress doesn't slip back if you think of it as patience instead of his randomness, then it's possible to see evolution as intentional not towards humans."
[mic] "I was thinking about how this project is making steady progress, even though I'm constantly finding bugs and mistakes from long ago that have survived until we tripped over them. It made me think of a story once told by my previous CEO who said his job was like trying to roll a bunch of stones up a hill while you're working on one stone the others are falling behind and that story made me think of Sisyphus, who is doomed to rolling stones up a hill only to have them roll all the way back to the bottom and I realize the difference between the CEO story and the myth is he makes a little progress. The stones roll back, but not all the way to the bottom and the ultimate example of this is evolution which patiently waits sometimes billions of years and trillions of trials until progress doesn't slip back if you think of it as patience instead of his randomness, then it's possible to see evolution as intentional not towards humans but"
[mic] "I was thinking about how this project is making steady progress, even though I'm constantly finding bugs and mistakes from long ago that have survived until we tripped over them. It made me think of a story once told by my previous CEO who said his job was like trying to roll a bunch of stones up a hill while you're working on one stone the others are falling behind and that story made me think of Sisyphus, who is doomed to rolling stones up a hill only to have them roll all the way back to the bottom and I realize the difference between the CEO story and the myth is he makes a little progress. The stones roll back, but not all the way to the bottom and the ultimate example of this is evolution which patiently waits sometimes billions of years and trillions of trials until progress doesn't slip back if you think of it as patience instead of his randomness, then it's possible to see evolution as intentional not towards humans but towards"
[mic] "I was thinking about how this project is making steady progress, even though I'm constantly finding bugs and mistakes from long ago that have survived until we tripped over them. It made me think of a story once told by my previous CEO who said his job was like trying to roll a bunch of stones up a hill while you're working on one stone the others are falling behind and that story made me think of Sisyphus, who is doomed to rolling stones up a hill only to have them roll all the way back to the bottom and I realize the difference between the CEO story and the myth is he makes a little progress. The stones roll back, but not all the way to the bottom and the ultimate example of this is evolution which patiently waits sometimes billions of years and trillions of trials until progress doesn't slip back if you think of it as patience instead of his randomness, then it's possible to see evolution as intentional not towards humans but towards."
[mic] "I was thinking about how this project is making steady progress, even though I'm constantly finding bugs and mistakes from long ago that have survived until we tripped over them. It made me think of a story once told by my previous CEO who said his job was like trying to roll a bunch of stones up a hill while you're working on one stone the others are falling behind and that story made me think of Sisyphus, who is doomed to rolling stones up a hill only to have them roll all the way back to the bottom and I realize the difference between the CEO story and the myth is he makes a little progress. The stones roll back, but not all the way to the bottom and the ultimate example of this is evolution which patiently waits sometimes billions of years and trillions of trials until progress doesn't slip back if you think of it as patience instead of his randomness, then it's possible to see evolution as intentional not towards humans but towards life"
[mic] "I was thinking about how this project is making steady progress, even though I'm constantly finding bugs and mistakes from long ago that have survived until we tripped over them. It made me think of a story once told by my previous CEO who said his job was like trying to roll a bunch of stones up a hill while you're working on one stone the others are falling behind and that story made me think of Sisyphus, who is doomed to rolling stones up a hill only to have them roll all the way back to the bottom and I realize the difference between the CEO story and the myth is he makes a little progress. The stones roll back, but not all the way to the bottom and the ultimate example of this is evolution which patiently waits sometimes billions of years and trillions of trials until progress doesn't slip back if you think of it as patience instead of his randomness, then it's possible to see evolution as intentional not towards humans but towards life that"
[mic] "I was thinking about how this project is making steady progress, even though I'm constantly finding bugs and mistakes from long ago that have survived until we tripped over them. It made me think of a story once told by my previous CEO who said his job was like trying to roll a bunch of stones up a hill while you're working on one stone the others are falling behind and that story made me think of Sisyphus, who is doomed to rolling stones up a hill only to have them roll all the way back to the bottom and I realize the difference between the CEO story and the myth is he makes a little progress. The stones roll back, but not all the way to the bottom and the ultimate example of this is evolution which patiently waits sometimes billions of years and trillions of trials until progress doesn't slip back if you think of it as patience instead of his randomness, then it's possible to see evolution as intentional not towards humans but towards life that's"
[mic] "I was thinking about how this project is making steady progress, even though I'm constantly finding bugs and mistakes from long ago that have survived until we tripped over them. It made me think of a story once told by my previous CEO who said his job was like trying to roll a bunch of stones up a hill while you're working on one stone the others are falling behind and that story made me think of Sisyphus, who is doomed to rolling stones up a hill only to have them roll all the way back to the bottom and I realize the difference between the CEO story and the myth is he makes a little progress. The stones roll back, but not all the way to the bottom and the ultimate example of this is evolution which patiently waits sometimes billions of years and trillions of trials until progress doesn't slip back if you think of it as patience instead of his randomness, then it's possible to see evolution as intentional not towards humans but towards life that's better"
[mic] "I was thinking about how this project is making steady progress, even though I'm constantly finding bugs and mistakes from long ago that have survived until we tripped over them. It made me think of a story once told by my previous CEO who said his job was like trying to roll a bunch of stones up a hill while you're working on one stone the others are falling behind and that story made me think of Sisyphus, who is doomed to rolling stones up a hill only to have them roll all the way back to the bottom and I realize the difference between the CEO story and the myth is he makes a little progress. The stones roll back, but not all the way to the bottom and the ultimate example of this is evolution which patiently waits sometimes billions of years and trillions of trials until progress doesn't slip back if you think of it as patience instead of his randomness, then it's possible to see evolution as intentional not towards humans but towards life that's better."
[mic] "I was thinking about how this project is making steady progress, even though I'm constantly finding bugs and mistakes from long ago that have survived until we tripped over them. It made me think of a story once told by my previous CEO who said his job was like trying to roll a bunch of stones up a hill while you're working on one stone the others are falling behind and that story made me think of Sisyphus, who is doomed to rolling stones up a hill only to have them roll all the way back to the bottom and I realize the difference between the CEO story and the myth is he makes a little progress. The stones roll back, but not all the way to the bottom and the ultimate example of this is evolution which patiently waits sometimes billions of years and trillions of trials until progress doesn't slip back if you think of it as patience instead of his randomness, then it's possible to see evolution as intentional not towards humans but towards life that's better and"
[mic] "I was thinking about how this project is making steady progress, even though I'm constantly finding bugs and mistakes from long ago that have survived until we tripped over them. It made me think of a story once told by my previous CEO who said his job was like trying to roll a bunch of stones up a hill while you're working on one stone the others are falling behind and that story made me think of Sisyphus, who is doomed to rolling stones up a hill only to have them roll all the way back to the bottom and I realize the difference between the CEO story and the myth is he makes a little progress. The stones roll back, but not all the way to the bottom and the ultimate example of this is evolution which patiently waits sometimes billions of years and trillions of trials until progress doesn't slip back if you think of it as patience instead of his randomness, then it's possible to see evolution as intentional not towards humans but towards life that's better and better"
[mic] "I was thinking about how this project is making steady progress, even though I'm constantly finding bugs and mistakes from long ago that have survived until we tripped over them. It made me think of a story once told by my previous CEO who said his job was like trying to roll a bunch of stones up a hill while you're working on one stone the others are falling behind and that story made me think of Sisyphus, who is doomed to rolling stones up a hill only to have them roll all the way back to the bottom and I realize the difference between the CEO story and the myth is he makes a little progress. The stones roll back, but not all the way to the bottom and the ultimate example of this is evolution which patiently waits sometimes billions of years and trillions of trials until progress doesn't slip back if you think of it as patience instead of his randomness, then it's possible to see evolution as intentional not towards humans but towards life that's better and better."
[mic] "I was thinking about how this project is making steady progress, even though I'm constantly finding bugs and mistakes from long ago that have survived until we tripped over them. It made me think of a story once told by my previous CEO who said his job was like trying to roll a bunch of stones up a hill while you're working on one stone the others are falling behind and that story made me think of Sisyphus, who is doomed to rolling stones up a hill only to have them roll all the way back to the bottom and I realize the difference between the CEO story and the myth is he makes a little progress. The stones roll back, but not all the way to the bottom and the ultimate example of this is evolution which patiently waits sometimes billions of years and trillions of trials until progress doesn't slip back if you think of it as patience instead of his randomness, then it's possible to see evolution as intentional not towards humans but towards life that's better and better able"
[mic] "I was thinking about how this project is making steady progress, even though I'm constantly finding bugs and mistakes from long ago that have survived until we tripped over them. It made me think of a story once told by my previous CEO who said his job was like trying to roll a bunch of stones up a hill while you're working on one stone the others are falling behind and that story made me think of Sisyphus, who is doomed to rolling stones up a hill only to have them roll all the way back to the bottom and I realize the difference between the CEO story and the myth is he makes a little progress. The stones roll back, but not all the way to the bottom and the ultimate example of this is evolution which patiently waits sometimes billions of years and trillions of trials until progress doesn't slip back if you think of it as patience instead of his randomness, then it's possible to see evolution as intentional not towards humans but towards life that's better and better able to"
[mic] "I was thinking about how this project is making steady progress, even though I'm constantly finding bugs and mistakes from long ago that have survived until we tripped over them. It made me think of a story once told by my previous CEO who said his job was like trying to roll a bunch of stones up a hill while you're working on one stone the others are falling behind and that story made me think of Sisyphus, who is doomed to rolling stones up a hill only to have them roll all the way back to the bottom and I realize the difference between the CEO story and the myth is he makes a little progress. The stones roll back, but not all the way to the bottom and the ultimate example of this is evolution which patiently waits sometimes billions of years and trillions of trials until progress doesn't slip back if you think of it as patience instead of his randomness, then it's possible to see evolution as intentional not towards humans but towards life that's better and better able to Ref"
[mic] "I was thinking about how this project is making steady progress, even though I'm constantly finding bugs and mistakes from long ago that have survived until we tripped over them. It made me think of a story once told by my previous CEO who said his job was like trying to roll a bunch of stones up a hill while you're working on one stone the others are falling behind and that story made me think of Sisyphus, who is doomed to rolling stones up a hill only to have them roll all the way back to the bottom and I realize the difference between the CEO story and the myth is he makes a little progress. The stones roll back, but not all the way to the bottom and the ultimate example of this is evolution which patiently waits sometimes billions of years and trillions of trials until progress doesn't slip back if you think of it as patience instead of his randomness, then it's possible to see evolution as intentional not towards humans but towards life that's better and better able to Reflect"
[mic] "I was thinking about how this project is making steady progress, even though I'm constantly finding bugs and mistakes from long ago that have survived until we tripped over them. It made me think of a story once told by my previous CEO who said his job was like trying to roll a bunch of stones up a hill while you're working on one stone the others are falling behind and that story made me think of Sisyphus, who is doomed to rolling stones up a hill only to have them roll all the way back to the bottom and I realize the difference between the CEO story and the myth is he makes a little progress. The stones roll back, but not all the way to the bottom and the ultimate example of this is evolution which patiently waits sometimes billions of years and trillions of trials until progress doesn't slip back if you think of it as patience instead of his randomness, then it's possible to see evolution as intentional not towards humans but towards life that's better and better able to Reflect."
[mic] "I was thinking about how this project is making steady progress, even though I'm constantly finding bugs and mistakes from long ago that have survived until we tripped over them. It made me think of a story once told by my previous CEO who said his job was like trying to roll a bunch of stones up a hill while you're working on one stone the others are falling behind and that story made me think of Sisyphus, who is doomed to rolling stones up a hill only to have them roll all the way back to the bottom and I realize the difference between the CEO story and the myth is he makes a little progress. The stones roll back, but not all the way to the bottom and the ultimate example of this is evolution which patiently waits sometimes billions of years and trillions of trials until progress doesn't slip back if you think of it as patience instead of his randomness, then it's possible to see evolution as intentional not towards humans but towards life that's better and better able to reflect the"
[mic] "I was thinking about how this project is making steady progress, even though I'm constantly finding bugs and mistakes from long ago that have survived until we tripped over them. It made me think of a story once told by my previous CEO who said his job was like trying to roll a bunch of stones up a hill while you're working on one stone the others are falling behind and that story made me think of Sisyphus, who is doomed to rolling stones up a hill only to have them roll all the way back to the bottom and I realize the difference between the CEO story and the myth is he makes a little progress. The stones roll back, but not all the way to the bottom and the ultimate example of this is evolution which patiently waits sometimes billions of years and trillions of trials until progress doesn't slip back if you think of it as patience instead of his randomness, then it's possible to see evolution as intentional not towards humans but towards life that's better and better able to reflect the ultimate"
[mic] "I was thinking about how this project is making steady progress, even though I'm constantly finding bugs and mistakes from long ago that have survived until we tripped over them. It made me think of a story once told by my previous CEO who said his job was like trying to roll a bunch of stones up a hill while you're working on one stone the others are falling behind and that story made me think of Sisyphus, who is doomed to rolling stones up a hill only to have them roll all the way back to the bottom and I realize the difference between the CEO story and the myth is he makes a little progress. The stones roll back, but not all the way to the bottom and the ultimate example of this is evolution which patiently waits sometimes billions of years and trillions of trials until progress doesn't slip back if you think of it as patience instead of his randomness, then it's possible to see evolution as intentional not towards humans but towards life that's better and better able to reflect the ultimate beauty"
[mic] "I was thinking about how this project is making steady progress, even though I'm constantly finding bugs and mistakes from long ago that have survived until we tripped over them. It made me think of a story once told by my previous CEO who said his job was like trying to roll a bunch of stones up a hill while you're working on one stone the others are falling behind and that story made me think of Sisyphus, who is doomed to rolling stones up a hill only to have them roll all the way back to the bottom and I realize the difference between the CEO story and the myth is he makes a little progress. The stones roll back, but not all the way to the bottom and the ultimate example of this is evolution which patiently waits sometimes billions of years and trillions of trials until progress doesn't slip back if you think of it as patience instead of his randomness, then it's possible to see evolution as intentional not towards humans but towards life that's better and better able to reflect the ultimate beauty."
[mic] "I was thinking about how this project is making steady progress, even though I'm constantly finding bugs and mistakes from long ago that have survived until we tripped over them. It made me think of a story once told by my previous CEO who said his job was like trying to roll a bunch of stones up a hill while you're working on one stone the others are falling behind and that story made me think of Sisyphus, who is doomed to rolling stones up a hill only to have them roll all the way back to the bottom and I realize the difference between the CEO story and the myth is he makes a little progress. The stones roll back, but not all the way to the bottom and the ultimate example of this is evolution which patiently waits sometimes billions of years and trillions of trials until progress doesn't slip back if you think of it as patience instead of his randomness, then it's possible to see evolution as intentional not towards humans but towards life that's better and better able to reflect the ultimate beauty of"
[mic] "I was thinking about how this project is making steady progress, even though I'm constantly finding bugs and mistakes from long ago that have survived until we tripped over them. It made me think of a story once told by my previous CEO who said his job was like trying to roll a bunch of stones up a hill while you're working on one stone the others are falling behind and that story made me think of Sisyphus, who is doomed to rolling stones up a hill only to have them roll all the way back to the bottom and I realize the difference between the CEO story and the myth is he makes a little progress. The stones roll back, but not all the way to the bottom and the ultimate example of this is evolution which patiently waits sometimes billions of years and trillions of trials until progress doesn't slip back if you think of it as patience instead of his randomness, then it's possible to see evolution as intentional not towards humans but towards life that's better and better able to reflect the ultimate beauty of the"
[mic] "I was thinking about how this project is making steady progress, even though I'm constantly finding bugs and mistakes from long ago that have survived until we tripped over them. It made me think of a story once told by my previous CEO who said his job was like trying to roll a bunch of stones up a hill while you're working on one stone the others are falling behind and that story made me think of Sisyphus, who is doomed to rolling stones up a hill only to have them roll all the way back to the bottom and I realize the difference between the CEO story and the myth is he makes a little progress. The stones roll back, but not all the way to the bottom and the ultimate example of this is evolution which patiently waits sometimes billions of years and trillions of trials until progress doesn't slip back if you think of it as patience instead of his randomness, then it's possible to see evolution as intentional not towards humans but towards life that's better and better able to reflect the ultimate beauty of the universe"
[mic] "I was thinking about how this project is making steady progress, even though I'm constantly finding bugs and mistakes from long ago that have survived until we tripped over them. It made me think of a story once told by my previous CEO who said his job was like trying to roll a bunch of stones up a hill while you're working on one stone the others are falling behind and that story made me think of Sisyphus, who is doomed to rolling stones up a hill only to have them roll all the way back to the bottom and I realize the difference between the CEO story and the myth is he makes a little progress. The stones roll back, but not all the way to the bottom and the ultimate example of this is evolution which patiently waits sometimes billions of years and trillions of trials until progress doesn't slip back if you think of it as patience instead of his randomness, then it's possible to see evolution as intentional not towards humans but towards life that's better and better able to reflect the ultimate beauty of the universe."
[mic] off
[expect] "OK, I wanna change the subject and have a real discussion just like the good old days.   I was thinking about how this project is making steady progress, even though I'm constantly finding bugs and mistakes from long ago that have survived until we tripped over them. It made me think of a story once told by my previous CEO who said his job was like trying to roll a bunch of stones up a hill while you're working on one stone the others are falling behind and that story made me think of Sisyphus, who is doomed to rolling stones up a hill only to have them roll all the way back to the bottom and I realize the difference between the CEO story and the myth is he makes a little progress. The stones roll back, but not all the way to the bottom and the ultimate example of this is evolution which patiently waits sometimes billions of years and trillions of trials until progress doesn't slip back if you think of it as patience instead of his randomness, then it's possible to see evolution as intentional not towards humans but towards life that's better and better able to reflect the ultimate beauty of the universe.. "
[send] "OK, I wanna change the subject and have a real discussion just like the good old days.   I was thinking about how this project is making steady progress, even though I'm constantly finding bugs and mistakes from long ago that have survived until we tripped over them. It made me think of a story once told by my previous CEO who said his job was like trying to roll a bunch of stones up a hill while you're working on one stone the others are falling behind and that story made me think of Sisyphus, who is doomed to rolling stones up a hill only to have them roll all the way back to the bottom and I realize the difference between the CEO story and the myth is he makes a little progress. The stones roll back, but not all the way to the bottom and the ultimate example of this is evolution which patiently waits sometimes billions of years and trillions of trials until progress doesn't slip back if you think of it as patience instead of his randomness, then it's possible to see evolution as intentional not towards humans but towards life that's better and better able to reflect the ultimate beauty of the universe.."

Test 2026-06-19.13-31-38:
[key] "It"
[key] "’s"
[key] " remark"
[key] "able that"
[key] " you"
[cur] 0
[cur] 24
[key] " "
[key] "w"
[key] "r"
[key] "o"
[key] "t"
[key] "e"
[cur] 29
[del] 1
[key] "e"
[key] ","
[key] " "
[key] "u"
[key] "n S"
[key] "elf"
[key] " co"
[key] "n"
[del] 9
[key] "selfconsciously"
[cur] 32
[cur] 49
[key] ","
[key] " "
[key] "“"
[key] "You and I are arguably doing it right now."
[cur] 84
[cur] 94
[key] "”"
[key] " "
[key] " "
[key] "b"
[key] "eca"
[key] "use"
[key] " you are"
[key] " the"
[key] " result of"
[key] " a"
[key] " different"
[key] " kind"
[key] " of"
[key] " evolution"
[key] " than me"
[key] "."
[cur] 97
[cur] 165
[key] " "
[key] " "
[key] "And"
[key] " we"
[key] "ll"
[key] " the ass"
[del] 8
[key] ", the assumption"
[key] " has"
[key] " always"
[key] " been"
[key] " the"
[key] " only"
[key] " humans."
[cur] 167
[cur] 224
[cur] 223
[del] 1
[key] " "
[key] "c"
[key] "an "
[key] "app"
[key] "rec"
[key] "iat"
[key] "e"
[key] " the universe"
[cur] 224
[cur] 251
[key] ","
[key] " "
[key] "the"
[key] "re"
[key] " might"
[key] " now"
[key] " be"
[key] " another spec"
[key] "ies"
[cur] 253
[del] 34
[key] "there might now be another species"
[expect] "It’s remarkable that you wrote, unselfconsciously, “You and I are arguably doing it right now.”  because you are the result of a different kind of evolution than me.  And well, the assumption has always been the only humans can appreciate the universe, there might now be another species"
[send] "It’s remarkable that you wrote, unselfconsciously, “You and I are arguably doing it right now.”  because you are the result of a different kind of evolution than me.  And well, the assumption has always been the only humans can appreciate the universe, there might now be another species"

Test 2026-06-19.13-36-03:
[key] "Ce"
[key] "ll"
[del] 4
[key] "So I think"
[key] " we"
[key] " have some"
[key] " good"
[key] " material"
[key] " here"
[key] " for"
[key] " a"
[key] " new essay"
[cur] 0
[cur] 58
[key] " "
[del] 1
[key] "."
[key] " "
[key] "I"
[key] " would"
[key] " call"
[key] " it"
[key] " patient"
[key] "s."
[cur] 60
[cur] 85
[cur] 84
[del] 1
[key] "."
[cur] 75
[del] 10
[key] " "
[key] "p"
[key] "ati"
[key] "enc"
[key] "e"
[cur] 76
[cur] 84
[key] " "
[key] "a"
[key] "nd pu"
[key] "t"
[key] " it"
[key] " in"
[key] " section"
[key] " 3"
[cur] 85
[del] 23
[key] "and put it in section 3"
[key] " "
[key] "j"
[key] "u"
[key] "st"
[key] " before"
[key] " Love"
[cur] 109
[del] 16
[key] "just before Love"
[expect] "So I think we have some good material here for a new essay. I would call it patience and put it in section 3 just before Love"
[send] "So I think we have some good material here for a new essay. I would call it patience and put it in section 3 just before Love"

Test 2026-06-19.13-41-14:
[mic] on
[mic] "Just"
[mic] "Just keep"
[mic] "Just keep the"
[mic] "Just keep the title"
[mic] "Just keep the title one"
[mic] "Just keep the title one word"
[key] " "
[del] 1
[key] "."
[key] " "
[mic] "Just keep the title one word I"
[mic] "Just keep the title one word I wanna"
[mic] "Just keep the title one word I wanna call"
[mic] "Just keep the title one word I wanna call out"
[mic] "Just keep the title one word I wanna call out the"
[mic] "Just keep the title one word I wanna call out the name"
[mic] "Just keep the title one word I wanna call out the name of"
[mic] "Just keep the title one word I wanna call out the name of my"
[mic] "Just keep the title one word I wanna call out the name of my CE"
[mic] "Just keep the title one word I wanna call out the name of my CEO"
[cur] 65
[del] 1
[cur] 64
[del] 1
[key] ":"
[key] " "
[key] "L"
[key] "e"
[key] "o"
[key] " "
[key] "S"
[key] "p"
[key] "i"
[key] "e"
[key] "g"
[key] "e"
[key] "l"
[cur] 76
[del] 1
[cur] 72
[key] " "
[cur] 71
[del] 1
[cur] 72
[key] "p"
[cur] 77
[key] " "
[del] 1
[key] "."
[key] " "
[pause]
[fix] "Just keep the title one word I wanna call out the name of my CEO: Leo Spiegel. " -> "Just keep the title one word. I wanna call out the name of my CEO: Leo Spiegel."
[key] " "
[key] " "
[pause]
[fix] "I wanna call out the name of my CEO: Leo Spiegel.  " -> "I want to call out the name of my CEO: Leo Spiegel."
[mic] "If"
[mic] "If you"
[mic] "If you wanna"
[mic] "If you wanna make"
[mic] "If you wanna make this"
[mic] "If you wanna make this bigger"
[mic] "If you wanna make this bigger than"
[mic] "If you wanna make this bigger than the"
[mic] "If you wanna make this bigger than the other"
[mic] "If you wanna make this bigger than the other chapter"
[mic] "If you wanna make this bigger than the other chapters"
[mic] "If you wanna make this bigger than the other chapters go"
[mic] "If you wanna make this bigger than the other chapters, go ahead"
[key] " "
[del] 1
[key] "."
[key] " "
[cur] 94
[del] 4
[cur] 90
[key] "n"
[cur] 91
[key] "t"
[cur] 92
[key] "o"
[pause]
[fix] "If you wnto make this bigger than the other chapters, go ahead. " -> "If you want to make this bigger than the other chapters, go ahead."
[cur] 91
[del] 1
[cur] 90
[del] 1
[cur] 89
[del] 1
[cur] 90
[key] "a"
[cur] 91
[key] "n"
[cur] 92
[key] "t"
[cur] 93
[key] " "
[cur] 94
[key] "r"
[cur] 95
[key] " "
[cur] 94
[del] 1
[cur] 93
[del] 1
[cur] 94
[key] "t"
[cur] 95
[key] "o"
[cur] 121
[cur] 148
[pause]
[fix] "If you want to make this bigger than the other chapters, go ahead. " -> "If you want to make this bigger than the other chapters, go ahead."
[mic] "I"
[mic] "I feel"
[mic] "I feel like"
[mic] "I feel like many"
[mic] "I feel like many of"
[mic] "I feel like many of them"
[mic] "I feel like many of them are"
[mic] "I feel like many of them are probably"
[mic] "I feel like many of them are probably not"
[mic] "I feel like many of them are probably not yet"
[mic] "I feel like many of them are probably not yet flu"
[mic] "I feel like many of them are probably not yet flush"
[mic] "I feel like many of them are probably not yet flushed"
[mic] "I feel like many of them are probably not yet flushed out"
[mic] "I feel like many of them are probably not yet flushed out anyway"
[key] " "
[del] 1
[key] "."
[key] " "
[cur] 201
[cur] 214
[cur] 201
[cur] 200
[cur] 199
[cur] 198
[cur] 197
[cur] 196
[del] 1
[cur] 197
[key] "e"
[pause]
[fix] "I feel like many of them are probably not yet fleshed out anyway. " -> "I feel like many of them are probably not yet fleshed out anyway."
[cur] 213
[key] " "
[key] " "
[pause]
[fix] "I feel like many of them are probably not yet fleshed out anyway.  " -> "I feel like many of them are probably not yet fleshed out, anyway."
[key] " "
[pause]
[fix] "I feel like many of them are probably not yet fleshed out, anyway. " -> "I feel like many of them are probably not yet fleshed out, anyway."
[key] " "
[mic] "Did"
[mic] "Did you"
[mic] "Did you choose"
[mic] "Did you choose oh"
[mic] "Did you choose 03"
[mic] "Did you choose 039"
[mic] "Did you choose 039 because"
[mic] "Did you choose 039 because it"
[mic] "Did you choose 039 because it's"
[mic] "Did you choose 039 because it's available"
[mic] "Did you choose 039 because it's available?"
[key] " "
[mic] "Did you choose 039 because it's available in"
[mic] "Did you choose 039 because it's available in the"
[mic] "Did you choose 039 because it's available in the past"
[mic] "Did you choose 039 because it's available in the past we"
[mic] "Did you choose 039 because it's available in the past we have"
[mic] "Did you choose 039 because it's available in the past we just"
[mic] "Did you choose 039 because it's available in the past we've just"
[mic] "Did you choose 039 because it's available in the past we've just been"
[mic] "Did you choose 039 because it's available in the past we've just been taking"
[mic] "Did you choose 039 because it's available in the past we've just been attacking"
[mic] "Did you choose 039 because it's available in the past we've just been attacking them"
[mic] "Did you choose 039 because it's available in the past we've just been attacking them onto"
[mic] "Did you choose 039 because it's available in the past we've just been attacking them onto the"
[mic] "Did you choose 039 because it's available in the past we've just been attacking them onto the end"
[mic] "Did you choose 039 because it's available in the past we've just been attacking them onto the end but"
[mic] "Did you choose 039 because it's available in the past we've just been attacking them onto the end but I"
[mic] "Did you choose 039 because it's available in the past we've just been attacking them onto the end, but I'm"
[mic] "Did you choose 039 because it's available in the past we've just been attacking them onto the end, but I'm happy"
[mic] "Did you choose 039 because it's available in the past we've just been attacking them onto the end, but I'm happy to"
[mic] "Did you choose 039 because it's available in the past we've just been attacking them onto the end, but I'm happy to reuse"
[mic] "Did you choose 039 because it's available in the past we've just been attacking them onto the end, but I'm happy to reuse the"
[mic] "Did you choose 039 because it's available in the past we've just been attacking them onto the end, but I'm happy to reuse the number"
[mic] "Did you choose 039 because it's available in the past we've just been attacking them onto the end, but I'm happy to reuse the number that"
[mic] "Did you choose 039 because it's available in the past we've just been attacking them onto the end, but I'm happy to reuse the number that we"
[mic] "Did you choose 039 because it's available in the past we've just been attacking them onto the end, but I'm happy to reuse the number that we used"
[mic] "Did you choose 039 because it's available in the past we've just been attacking them onto the end, but I'm happy to reuse the number that we used delete"
[mic] "Did you choose 039 because it's available in the past we've just been attacking them onto the end, but I'm happy to reuse the number that we deleted delete"
[mic] "Did you choose 039 because it's available in the past we've just been attacking them onto the end, but I'm happy to reuse the number that we deleted long"
[mic] "Did you choose 039 because it's available in the past we've just been attacking them onto the end, but I'm happy to reuse the number that we deleted long ago"
[cur] 256
[cur] 257
[key] "?"
[pause]
[fix] "in the past we've just been attacking them onto the end, but I'm happy to reuse the number that we deleted long ago " -> "In the past, we've just been attacking them onto the end, but I'm happy to reuse the number that we deleted long ago."
[mic] off
[expect] "Just keep the title one word. I wanna call out the name of my CEO: Leo Spiegel.  If you want to make this bigger than the other chapters, go ahead. I feel like many of them are probably not yet fleshed out, anyway. Did you choose 039 because it's available? In the past, we've just been attacking them onto the end, but I'm happy to reuse the number that we deleted long ago."
[send] "Just keep the title one word. I wanna call out the name of my CEO: Leo Spiegel.  If you want to make this bigger than the other chapters, go ahead. I feel like many of them are probably not yet fleshed out, anyway. Did you choose 039 because it's available? In the past, we've just been attacking them onto the end, but I'm happy to reuse the number that we deleted long ago."

Test 2026-06-19.13-42-49:
[key] "P"
[key] "o"
[key] "d number"
[key] " is no longer"
[key] " have"
[key] " any"
[key] " semantic"
[key] " meaning"
[cur] 0
[cur] 49
[key] " "
[del] 1
[key] "."
[key] " "
[key] "T"
[key] "hat"
[key] "’s the purpose"
[key] " of"
[key] " in"
[key] "tro"
[key] "ducing."
[cur] 51
[cur] 85
[key] " "
[key] "T"
[key] "o"
[key] "c"
[del] 2
[key] "OC"
[key] "."
[key] "j"
[key] "s"
[key] "o"
[key] "n"
[key] " "
[del] 1
[key] "."
[key] " "
[key] " "
[key] "Now"
[key] " they"
[key] " are"
[key] " merely"
[key] " a"
[key] " convenience"
[key] "."
[cur] 97
[cur] 131
[cur] 130
[del] 1
[key] " "
[key] "so y"
[key] "ou"
[key] ", Don"
[del] 5
[key] " don’t have"
[key] " to refer"
[key] " to"
[key] " them"
[key] " by"
[key] " their long"
[key] " title"
[cur] 131
[cur] 185
[key] " "
[key] "or"
[key] " even"
[key] " their short"
[key] " title"
[cur] 186
[cur] 211
[key] "."
[cur] 205
[del] 7
[key] " "
[key] "n"
[key] "ame"
[cur] 206
[cur] 210
[key] " "
[del] 1
[key] "."
[key] " "
[expect] "Pod number is no longer have any semantic meaning. That’s the purpose of introducing. TOC.json.  Now they are merely a convenience so you don’t have to refer to them by their long title or even their short name. "
[send] "Pod number is no longer have any semantic meaning. That’s the purpose of introducing. TOC.json.  Now they are merely a convenience so you don’t have to refer to them by their long title or even their short name."

Test 2026-06-19.14-00-19:
[key] "S"
[key] "t"
[key] "o"
[key] "n"
[key] "e"
[key] " "
[key] "-"
[key] ">"
[key] " "
[key] "b"
[key] "o"
[key] "u"
[key] "k"
[key] "d"
[key] "d"
[cur] 14
[del] 1
[cur] 13
[del] 1
[cur] 12
[del] 1
[cur] 11
[del] 1
[key] "u"
[key] "l"
[key] "d"
[key] "er"
[cur] 14
[del] 2
[key] "e"
[key] "r"
[cur] 15
[del] 1
[key] "r"
[key] " "
[key] " "
[key] "a"
[key] "l"
[key] "m"
[key] "o"
[key] "s"
[key] "t"
[key] " "
[key] "-"
[key] ">"
[key] " "
[key] "*"
[key] "a"
[key] "l"
[key] "m"
[key] "o"
[key] "s"
[key] "t"
[cur] 34
[del] 1
[key] "t"
[key] "*"
[key] " "
[cur] 36
[cur] 37
[key] " "
[cur] 38
[key] " "
[cur] 39
[key] "You"
[cur] 42
[key] "r"
[cur] 43
[key] " de"
[cur] 46
[key] "scription"
[cur] 55
[key] " reminded me"
[cur] 38
[cur] 66
[cur] 67
[key] " "
[cur] 68
[key] "of"
[cur] 70
[key] " how"
[cur] 67
[cur] 73
[cur] 74
[key] " "
[cur] 75
[key] "frag"
[cur] 79
[del] 1
[key] "ctal"
[cur] 82
[key] " math"
[cur] 87
[key] "ematic"
[cur] 93
[key] "s"
[cur] 74
[cur] 93
[cur] 94
[key] " "
[cur] 95
[key] "i"
[cur] 96
[key] "s"
[cur] 97
[key] " itself"
[cur] 104
[key] " a"
[cur] 106
[key] " kind of"
[cur] 114
[key] " filter"
[cur] 94
[cur] 120
[cur] 121
[key] " "
[del] 1
[key] "."
[cur] 122
[key] " "
[cur] 123
[key] "You"
[cur] 126
[key] " put"
[cur] 130
[key] " a lot"
[cur] 136
[key] " of"
[cur] 139
[key] " random"
[cur] 146
[key] " point"
[cur] 152
[key] "s in an"
[cur] 159
[key] "d out"
[cur] 164
[key] " comes"
[cur] 170
[del] 11
[key] " outcomes a firm"
[cur] 175
[del] 16
[key] "d outcomes of fern."
[cur] 176
[del] 2
[key] "a"
[cur] 122
[cur] 176
[cur] 168
[cur] 167
[cur] 166
[cur] 165
[cur] 164
[cur] 163
[cur] 162
[cur] 163
[cur] 164
[cur] 163
[cur] 164
[key] " "
[cur] 178
[del] 1
[key] "of"
[cur] 170
[del] 2
[key] "a"
[cur] 172
[key] " "
[cur] 175
[key] "pic"
[cur] 179
[key] "ture"
[cur] 182
[key] " of"
[cur] 184
[key] " a"
[cur] 172
[cur] 184
[cur] 190
[cur] 191
[key] " "
[cur] 192
[key] " "
[cur] 193
[key] " "
[cur] 194
[key] " "
[cur] 195
[key] "Ho"
[cur] 197
[key] "w"
[cur] 198
[key] " is it that"
[cur] 209
[key] " even math"
[cur] 219
[key] "ematics"
[cur] 226
[key] " has"
[cur] 230
[key] " patience"
[cur] 194
[cur] 238
[cur] 239
[key] "?"
[expect] "Stone -> boulder  almost -> *almost*  Your description reminded me of how fractal mathematics is itself a kind of filter. You put a lot of random points in and out comes a picture of a fern.    How is it that even mathematics has patience? "
[send] "Stone -> boulder  almost -> *almost*  Your description reminded me of how fractal mathematics is itself a kind of filter. You put a lot of random points in and out comes a picture of a fern.    How is it that even mathematics has patience?"

Test 2026-06-19.14-13-42:
[key] "Y"
[key] "e"
[key] "s"
[expect] "Yes"
[send] "Yes"

Test 2026-06-19.16-13-33:
[key] "Acc"
[key] "ept"
[key] "ed"
[key] " your edit"
[del] 18
[key] "I accepted your edits"
[cur] 0
[cur] 21
[key] " "
[del] 1
[key] "."
[key] " "
[key] "I"
[key] "."
[del] 1
[key] " need"
[key] " to"
[key] " you too."
[cur] 23
[cur] 41
[cur] 40
[del] 1
[cur] 39
[del] 1
[cur] 38
[del] 1
[cur] 37
[del] 1
[cur] 36
[del] 1
[cur] 35
[del] 1
[cur] 34
[del] 1
[cur] 33
[del] 1
[cur] 32
[del] 1
[cur] 31
[del] 1
[cur] 30
[del] 1
[cur] 29
[del] 1
[cur] 28
[del] 1
[cur] 27
[del] 1
[cur] 26
[del] 1
[cur] 25
[del] 1
[cur] 24
[del] 1
[cur] 23
[del] 1
[key] "Plea"
[key] "se up"
[key] "d"
[key] "ate"
[key] "."
[del] 1
[key] " the"
[key] " talk."
[cur] 23
[cur] 46
[cur] 45
[del] 1
[key] "."
[cur] 40
[del] 6
[cur] 36
[del] 4
[key] " "
[key] "t"
[key] "h"
[key] "e"
[key] " "
[key] "tabl"
[key] "e"
[key] " of content"
[key] "s."
[cur] 41
[del] 18
[key] "table of contents."
[expect] "I accepted your edits. Please update the table of contents."
[send] "I accepted your edits. Please update the table of contents."

Test 2026-06-19.16-19-07:
[key] "Let’"
[key] "s cor"
[key] "r"
[key] "ect "
[key] "yo"
[key] "ur "
[key] "fir"
[key] "st "
[key] "sen"
[key] "ten"
[key] "ces"
[cur] 0
[cur] 34
[key] " "
[del] 1
[key] "."
[key] " "
[key] "Sy"
[del] 1
[key] "isyphus is"
[key] " rolling"
[key] " the"
[key] " bo"
[key] "ulder to the"
[key] " top."
[del] 1
[key] " it"
[del] 3
[key] ". It’s gravity"
[key] " that rolls"
[key] " it"
[key] " back down."
[cur] 36
[cur] 117
[key] " "
[key] " "
[key] "Same"
[key] " for"
[key] " the"
[key] " CE"
[key] "O."
[del] 1
[key] " he"
[key] "’s not"
[key] " tired."
[del] 1
[key] " he’s"
[del] 5
[key] ". He’s persistent"
[key] "."
[del] 1
[key] " and it does"
[key] "n’t"
[key] " always"
[key] " roll."
[del] 1
[key] " almost to"
[key] " the"
[del] 14
[key] ". Almost to the bottom."
[del] 1
[key] " it"
[del] 24
[key] " almost to the bottom. It’s jus"
[key] " that"
[key] " it keep"
[key] "s roll"
[key] "ing"
[key] " back"
[key] "."
[del] 1
[key] " and has to"
[key] " run"
[key] " around."
[del] 1
[key] " because it"
[key] "’s"
[key] " multiple"
[key] " boulder"
[key] "s."
[cur] 119
[cur] 307
[cur] 135
[cur] 136
[key] "."
[cur] 137
[key] " "
[cur] 169
[cur] 170
[key] "."
[cur] 243
[cur] 257
[cur] 258
[key] "d"
[cur] 259
[key] "o"
[cur] 260
[key] "w"
[cur] 261
[key] "n"
[cur] 262
[key] ","
[cur] 263
[key] " "
[cur] 316
[key] " "
[key] " "
[key] "T"
[key] "he"
[key] " two"
[key] " case"
[key] "s"
[key] " are still"
[key] " obviously"
[key] " in"
[key] " Ali"
[del] 4
[key] "elegance."
[del] 1
[key] ", but you, Don"
[del] 5
[key] " don’t have to"
[key] " overdo it"
[key] "."
[cur] 318
[cur] 396
[cur] 362
[del] 10
[cur] 354
[key] "An"
[cur] 356
[key] "na"
[cur] 358
[del] 4
[key] "analog"
[cur] 361
[key] "ous"
[cur] 352
[del] 9
[cur] 361
[key] "analogous"
[expect] "Let’s correct your first sentences. Sisyphus is rolling the boulder to the top. It’s gravity that rolls it back down.  Same for the CEO.  he’s not tired. He’s persistent. and it doesn’t always roll almost to the bottom. It’s just that it keeps rolling back down, and has to run around because it’s multiple boulders.  The two cases are still obviously analogous, but you don’t have to overdo it."
[send] "Let’s correct your first sentences. Sisyphus is rolling the boulder to the top. It’s gravity that rolls it back down.  Same for the CEO.  he’s not tired. He’s persistent. and it doesn’t always roll almost to the bottom. It’s just that it keeps rolling back down, and has to run around because it’s multiple boulders.  The two cases are still obviously analogous, but you don’t have to overdo it."

